[INFO] Scanning for projects...
[INFO] 
[INFO] -----------------------< com.susan:eventbooking >-----------------------
[INFO] Building eventbooking 0.0.1-SNAPSHOT
[INFO]   from pom.xml
[INFO] --------------------------------[ jar ]---------------------------------
[INFO] 
[INFO] --- resources:3.3.1:resources (default-resources) @ eventbooking ---
[INFO] Copying 1 resource from src/main/resources to target/classes
[INFO] Copying 1 resource from src/main/resources to target/classes
[INFO] 
[INFO] --- compiler:3.13.0:compile (default-compile) @ eventbooking ---
[INFO] Nothing to compile - all classes are up to date.
[INFO] 
[INFO] --- resources:3.3.1:testResources (default-testResources) @ eventbooking ---
[INFO] Copying 1 resource from src/test/resources to target/test-classes
[INFO] 
[INFO] --- compiler:3.13.0:testCompile (default-testCompile) @ eventbooking ---
[INFO] Nothing to compile - all classes are up to date.
[INFO] 
[INFO] --- surefire:3.2.5:test (default-test) @ eventbooking ---
[INFO] Using auto detected provider org.apache.maven.surefire.junitplatform.JUnitPlatformProvider
[INFO] 
[INFO] -------------------------------------------------------
[INFO]  T E S T S
[INFO] -------------------------------------------------------
[INFO] Running com.susan.eventbooking.EventBookingIntegrationTest
21:39:54.654 [main] INFO org.springframework.test.context.support.AnnotationConfigContextLoaderUtils -- Could not detect default configuration classes for test class [com.susan.eventbooking.EventBookingIntegrationTest]: EventBookingIntegrationTest does not declare any static, non-private, non-final, nested classes annotated with @Configuration.
21:39:54.765 [main] INFO org.springframework.boot.test.context.SpringBootTestContextBootstrapper -- Found @SpringBootConfiguration com.susan.eventbooking.EventbookingApplication for test class com.susan.eventbooking.EventBookingIntegrationTest

  .   ____          _            __ _ _
 /\\ / ___'_ __ _ _(_)_ __  __ _ \ \ \ \
( ( )\___ | '_ | '_| | '_ \/ _` | \ \ \ \
 \\/  ___)| |_)| | | | | || (_| |  ) ) ) )
  '  |____| .__|_| |_|_| |_\__, | / / / /
 =========|_|==============|___/=/_/_/_/

 :: Spring Boot ::                (v3.3.5)

2026-03-17 21:39:55 - Starting EventBookingIntegrationTest using Java 17.0.18 with PID 5667 (started by susanpadath in /Users/susanpadath/Desktop/eventbooking)
2026-03-17 21:39:55 - Running with Spring Boot v3.3.5, Spring v6.1.14
2026-03-17 21:39:55 - The following 1 profile is active: "test"
2026-03-17 21:39:55 - Bootstrapping Spring Data JPA repositories in DEFAULT mode.
2026-03-17 21:39:55 - Finished Spring Data repository scanning in 37 ms. Found 3 JPA repository interfaces.
2026-03-17 21:39:55 - PersistenceUnitInfo [
	name: default
	persistence provider classname: null
	classloader: jdk.internal.loader.ClassLoaders$AppClassLoader@42110406
	excludeUnlistedClasses: true
	JTA datasource: null
	Non JTA datasource: HikariDataSource (null)
	Transaction type: RESOURCE_LOCAL
	PU root URL: file:/Users/susanpadath/Desktop/eventbooking/target/test-classes/
	Shared Cache Mode: UNSPECIFIED
	Validation Mode: AUTO
	Jar files URLs []
	Managed classes names [
		com.susan.eventbooking.model.Booking
		com.susan.eventbooking.model.Event
		com.susan.eventbooking.model.User]
	Mapping files names []
	Properties []
2026-03-17 21:39:55 - Adding Integrator [org.hibernate.boot.beanvalidation.BeanValidationIntegrator].
2026-03-17 21:39:55 - Adding Integrator [org.hibernate.cache.internal.CollectionCacheInvalidator].
2026-03-17 21:39:55 - HHH000412: Hibernate ORM core version 6.5.3.Final
2026-03-17 21:39:55 - HHH000206: 'hibernate.properties' not found
2026-03-17 21:39:55 - Registering IdentifierGenerator strategy [uuid2] -> [org.hibernate.id.UUIDGenerator]
2026-03-17 21:39:55 - Registering IdentifierGenerator strategy [guid] -> [org.hibernate.id.GUIDGenerator]
2026-03-17 21:39:55 - Registering IdentifierGenerator strategy [uuid] -> [org.hibernate.id.UUIDHexGenerator]
2026-03-17 21:39:55 - Registering IdentifierGenerator strategy [uuid.hex] -> [org.hibernate.id.UUIDHexGenerator]
2026-03-17 21:39:55 - Registering IdentifierGenerator strategy [assigned] -> [org.hibernate.id.Assigned]
2026-03-17 21:39:55 - Registering IdentifierGenerator strategy [identity] -> [org.hibernate.id.IdentityGenerator]
2026-03-17 21:39:55 - Registering IdentifierGenerator strategy [select] -> [org.hibernate.id.SelectGenerator]
2026-03-17 21:39:55 - Registering IdentifierGenerator strategy [sequence] -> [org.hibernate.id.enhanced.SequenceStyleGenerator]
2026-03-17 21:39:55 - Registering IdentifierGenerator strategy [increment] -> [org.hibernate.id.IncrementGenerator]
2026-03-17 21:39:55 - Registering IdentifierGenerator strategy [foreign] -> [org.hibernate.id.ForeignGenerator]
2026-03-17 21:39:55 - Registering IdentifierGenerator strategy [enhanced-sequence] -> [org.hibernate.id.enhanced.SequenceStyleGenerator]
2026-03-17 21:39:55 - Registering IdentifierGenerator strategy [enhanced-table] -> [org.hibernate.id.enhanced.TableGenerator]
2026-03-17 21:39:55 - Cannot default RegionFactory based on registered strategies as `[]` RegionFactory strategies were registered
2026-03-17 21:39:55 - HHH000026: Second-level cache disabled
2026-03-17 21:39:55 - Adding type registration boolean -> org.hibernate.type.BasicTypeReference@38883a31
2026-03-17 21:39:55 - Adding type registration boolean -> org.hibernate.type.BasicTypeReference@38883a31
2026-03-17 21:39:55 - Adding type registration java.lang.Boolean -> org.hibernate.type.BasicTypeReference@38883a31
2026-03-17 21:39:55 - Adding type registration numeric_boolean -> org.hibernate.type.BasicTypeReference@27a6fef2
2026-03-17 21:39:55 - Adding type registration org.hibernate.type.NumericBooleanConverter -> org.hibernate.type.BasicTypeReference@27a6fef2
2026-03-17 21:39:55 - Adding type registration true_false -> org.hibernate.type.BasicTypeReference@7fe8c7db
2026-03-17 21:39:55 - Adding type registration org.hibernate.type.TrueFalseConverter -> org.hibernate.type.BasicTypeReference@7fe8c7db
2026-03-17 21:39:55 - Adding type registration yes_no -> org.hibernate.type.BasicTypeReference@2dba05b1
2026-03-17 21:39:55 - Adding type registration org.hibernate.type.YesNoConverter -> org.hibernate.type.BasicTypeReference@2dba05b1
2026-03-17 21:39:55 - Adding type registration byte -> org.hibernate.type.BasicTypeReference@541afb85
2026-03-17 21:39:55 - Adding type registration byte -> org.hibernate.type.BasicTypeReference@541afb85
2026-03-17 21:39:55 - Adding type registration java.lang.Byte -> org.hibernate.type.BasicTypeReference@541afb85
2026-03-17 21:39:55 - Adding type registration binary -> org.hibernate.type.BasicTypeReference@445bce9a
2026-03-17 21:39:55 - Adding type registration byte[] -> org.hibernate.type.BasicTypeReference@445bce9a
2026-03-17 21:39:55 - Adding type registration [B -> org.hibernate.type.BasicTypeReference@445bce9a
2026-03-17 21:39:55 - Adding type registration binary_wrapper -> org.hibernate.type.BasicTypeReference@7db40fd5
2026-03-17 21:39:55 - Adding type registration wrapper-binary -> org.hibernate.type.BasicTypeReference@7db40fd5
2026-03-17 21:39:55 - Adding type registration image -> org.hibernate.type.BasicTypeReference@5e1a5f
2026-03-17 21:39:55 - Adding type registration blob -> org.hibernate.type.BasicTypeReference@31b0f02
2026-03-17 21:39:55 - Adding type registration java.sql.Blob -> org.hibernate.type.BasicTypeReference@31b0f02
2026-03-17 21:39:55 - Adding type registration materialized_blob -> org.hibernate.type.BasicTypeReference@19ae2ee5
2026-03-17 21:39:55 - Adding type registration materialized_blob_wrapper -> org.hibernate.type.BasicTypeReference@44b940a2
2026-03-17 21:39:55 - Adding type registration short -> org.hibernate.type.BasicTypeReference@34c53688
2026-03-17 21:39:55 - Adding type registration short -> org.hibernate.type.BasicTypeReference@34c53688
2026-03-17 21:39:55 - Adding type registration java.lang.Short -> org.hibernate.type.BasicTypeReference@34c53688
2026-03-17 21:39:55 - Adding type registration integer -> org.hibernate.type.BasicTypeReference@6ffd4c0d
2026-03-17 21:39:55 - Adding type registration int -> org.hibernate.type.BasicTypeReference@6ffd4c0d
2026-03-17 21:39:55 - Adding type registration java.lang.Integer -> org.hibernate.type.BasicTypeReference@6ffd4c0d
2026-03-17 21:39:55 - Adding type registration long -> org.hibernate.type.BasicTypeReference@74c9e11
2026-03-17 21:39:55 - Adding type registration long -> org.hibernate.type.BasicTypeReference@74c9e11
2026-03-17 21:39:55 - Adding type registration java.lang.Long -> org.hibernate.type.BasicTypeReference@74c9e11
2026-03-17 21:39:55 - Adding type registration float -> org.hibernate.type.BasicTypeReference@9fe720a
2026-03-17 21:39:55 - Adding type registration float -> org.hibernate.type.BasicTypeReference@9fe720a
2026-03-17 21:39:55 - Adding type registration java.lang.Float -> org.hibernate.type.BasicTypeReference@9fe720a
2026-03-17 21:39:55 - Adding type registration double -> org.hibernate.type.BasicTypeReference@149274cb
2026-03-17 21:39:55 - Adding type registration double -> org.hibernate.type.BasicTypeReference@149274cb
2026-03-17 21:39:55 - Adding type registration java.lang.Double -> org.hibernate.type.BasicTypeReference@149274cb
2026-03-17 21:39:55 - Adding type registration big_integer -> org.hibernate.type.BasicTypeReference@118acf70
2026-03-17 21:39:55 - Adding type registration java.math.BigInteger -> org.hibernate.type.BasicTypeReference@118acf70
2026-03-17 21:39:55 - Adding type registration big_decimal -> org.hibernate.type.BasicTypeReference@72557746
2026-03-17 21:39:55 - Adding type registration java.math.BigDecimal -> org.hibernate.type.BasicTypeReference@72557746
2026-03-17 21:39:55 - Adding type registration character -> org.hibernate.type.BasicTypeReference@8c12524
2026-03-17 21:39:55 - Adding type registration char -> org.hibernate.type.BasicTypeReference@8c12524
2026-03-17 21:39:55 - Adding type registration java.lang.Character -> org.hibernate.type.BasicTypeReference@8c12524
2026-03-17 21:39:55 - Adding type registration character_nchar -> org.hibernate.type.BasicTypeReference@f723cdb
2026-03-17 21:39:55 - Adding type registration string -> org.hibernate.type.BasicTypeReference@4844930a
2026-03-17 21:39:55 - Adding type registration java.lang.String -> org.hibernate.type.BasicTypeReference@4844930a
2026-03-17 21:39:55 - Adding type registration nstring -> org.hibernate.type.BasicTypeReference@11f23203
2026-03-17 21:39:55 - Adding type registration characters -> org.hibernate.type.BasicTypeReference@101bdd1c
2026-03-17 21:39:55 - Adding type registration char[] -> org.hibernate.type.BasicTypeReference@101bdd1c
2026-03-17 21:39:55 - Adding type registration [C -> org.hibernate.type.BasicTypeReference@101bdd1c
2026-03-17 21:39:55 - Adding type registration wrapper-characters -> org.hibernate.type.BasicTypeReference@e91af20
2026-03-17 21:39:55 - Adding type registration text -> org.hibernate.type.BasicTypeReference@6221b13b
2026-03-17 21:39:55 - Adding type registration ntext -> org.hibernate.type.BasicTypeReference@62c3f556
2026-03-17 21:39:55 - Adding type registration clob -> org.hibernate.type.BasicTypeReference@2cfe272f
2026-03-17 21:39:55 - Adding type registration java.sql.Clob -> org.hibernate.type.BasicTypeReference@2cfe272f
2026-03-17 21:39:55 - Adding type registration nclob -> org.hibernate.type.BasicTypeReference@2f95653f
2026-03-17 21:39:55 - Adding type registration java.sql.NClob -> org.hibernate.type.BasicTypeReference@2f95653f
2026-03-17 21:39:55 - Adding type registration materialized_clob -> org.hibernate.type.BasicTypeReference@4052b19f
2026-03-17 21:39:55 - Adding type registration materialized_clob_char_array -> org.hibernate.type.BasicTypeReference@3dc68586
2026-03-17 21:39:55 - Adding type registration materialized_clob_character_array -> org.hibernate.type.BasicTypeReference@60dc1a4e
2026-03-17 21:39:55 - Adding type registration materialized_nclob -> org.hibernate.type.BasicTypeReference@646427f7
2026-03-17 21:39:55 - Adding type registration materialized_nclob_character_array -> org.hibernate.type.BasicTypeReference@31efacad
2026-03-17 21:39:55 - Adding type registration materialized_nclob_char_array -> org.hibernate.type.BasicTypeReference@380ce5a3
2026-03-17 21:39:55 - Adding type registration Duration -> org.hibernate.type.BasicTypeReference@38029686
2026-03-17 21:39:55 - Adding type registration java.time.Duration -> org.hibernate.type.BasicTypeReference@38029686
2026-03-17 21:39:55 - Adding type registration LocalDateTime -> org.hibernate.type.BasicTypeReference@7d9c45ee
2026-03-17 21:39:55 - Adding type registration java.time.LocalDateTime -> org.hibernate.type.BasicTypeReference@7d9c45ee
2026-03-17 21:39:55 - Adding type registration LocalDate -> org.hibernate.type.BasicTypeReference@31da0434
2026-03-17 21:39:55 - Adding type registration java.time.LocalDate -> org.hibernate.type.BasicTypeReference@31da0434
2026-03-17 21:39:55 - Adding type registration LocalTime -> org.hibernate.type.BasicTypeReference@6e24ce51
2026-03-17 21:39:55 - Adding type registration java.time.LocalTime -> org.hibernate.type.BasicTypeReference@6e24ce51
2026-03-17 21:39:55 - Adding type registration OffsetDateTime -> org.hibernate.type.BasicTypeReference@423ed3b5
2026-03-17 21:39:55 - Adding type registration java.time.OffsetDateTime -> org.hibernate.type.BasicTypeReference@423ed3b5
2026-03-17 21:39:55 - Adding type registration OffsetDateTimeWithTimezone -> org.hibernate.type.BasicTypeReference@5d124d29
2026-03-17 21:39:55 - Adding type registration OffsetDateTimeWithoutTimezone -> org.hibernate.type.BasicTypeReference@3c88191b
2026-03-17 21:39:55 - Adding type registration OffsetTime -> org.hibernate.type.BasicTypeReference@74960e9d
2026-03-17 21:39:55 - Adding type registration java.time.OffsetTime -> org.hibernate.type.BasicTypeReference@74960e9d
2026-03-17 21:39:55 - Adding type registration OffsetTimeUtc -> org.hibernate.type.BasicTypeReference@4001d8c1
2026-03-17 21:39:55 - Adding type registration OffsetTimeWithTimezone -> org.hibernate.type.BasicTypeReference@fb5aeed
2026-03-17 21:39:55 - Adding type registration OffsetTimeWithoutTimezone -> org.hibernate.type.BasicTypeReference@73893ec1
2026-03-17 21:39:55 - Adding type registration ZonedDateTime -> org.hibernate.type.BasicTypeReference@37af24cb
2026-03-17 21:39:55 - Adding type registration java.time.ZonedDateTime -> org.hibernate.type.BasicTypeReference@37af24cb
2026-03-17 21:39:55 - Adding type registration ZonedDateTimeWithTimezone -> org.hibernate.type.BasicTypeReference@7926352f
2026-03-17 21:39:55 - Adding type registration ZonedDateTimeWithoutTimezone -> org.hibernate.type.BasicTypeReference@5bc63e20
2026-03-17 21:39:55 - Adding type registration date -> org.hibernate.type.BasicTypeReference@61037caf
2026-03-17 21:39:55 - Adding type registration java.sql.Date -> org.hibernate.type.BasicTypeReference@61037caf
2026-03-17 21:39:55 - Adding type registration time -> org.hibernate.type.BasicTypeReference@2fc49538
2026-03-17 21:39:55 - Adding type registration java.sql.Time -> org.hibernate.type.BasicTypeReference@2fc49538
2026-03-17 21:39:55 - Adding type registration timestamp -> org.hibernate.type.BasicTypeReference@670342a2
2026-03-17 21:39:55 - Adding type registration java.sql.Timestamp -> org.hibernate.type.BasicTypeReference@670342a2
2026-03-17 21:39:55 - Adding type registration java.util.Date -> org.hibernate.type.BasicTypeReference@670342a2
2026-03-17 21:39:55 - Adding type registration calendar -> org.hibernate.type.BasicTypeReference@d5e575c
2026-03-17 21:39:55 - Adding type registration java.util.Calendar -> org.hibernate.type.BasicTypeReference@d5e575c
2026-03-17 21:39:55 - Adding type registration java.util.GregorianCalendar -> org.hibernate.type.BasicTypeReference@d5e575c
2026-03-17 21:39:55 - Adding type registration calendar_date -> org.hibernate.type.BasicTypeReference@7742a45c
2026-03-17 21:39:55 - Adding type registration calendar_time -> org.hibernate.type.BasicTypeReference@7ca492d9
2026-03-17 21:39:55 - Adding type registration instant -> org.hibernate.type.BasicTypeReference@14fc9bd
2026-03-17 21:39:55 - Adding type registration java.time.Instant -> org.hibernate.type.BasicTypeReference@14fc9bd
2026-03-17 21:39:55 - Adding type registration uuid -> org.hibernate.type.BasicTypeReference@7ed49a7f
2026-03-17 21:39:55 - Adding type registration java.util.UUID -> org.hibernate.type.BasicTypeReference@7ed49a7f
2026-03-17 21:39:55 - Adding type registration pg-uuid -> org.hibernate.type.BasicTypeReference@7ed49a7f
2026-03-17 21:39:55 - Adding type registration uuid-binary -> org.hibernate.type.BasicTypeReference@1cd6b1bd
2026-03-17 21:39:55 - Adding type registration uuid-char -> org.hibernate.type.BasicTypeReference@443cdaa4
2026-03-17 21:39:55 - Adding type registration class -> org.hibernate.type.BasicTypeReference@3b41e1bf
2026-03-17 21:39:55 - Adding type registration java.lang.Class -> org.hibernate.type.BasicTypeReference@3b41e1bf
2026-03-17 21:39:55 - Adding type registration currency -> org.hibernate.type.BasicTypeReference@619c93ca
2026-03-17 21:39:55 - Adding type registration Currency -> org.hibernate.type.BasicTypeReference@619c93ca
2026-03-17 21:39:55 - Adding type registration java.util.Currency -> org.hibernate.type.BasicTypeReference@619c93ca
2026-03-17 21:39:55 - Adding type registration locale -> org.hibernate.type.BasicTypeReference@486e9d1d
2026-03-17 21:39:55 - Adding type registration java.util.Locale -> org.hibernate.type.BasicTypeReference@486e9d1d
2026-03-17 21:39:55 - Adding type registration serializable -> org.hibernate.type.BasicTypeReference@6aa5974e
2026-03-17 21:39:55 - Adding type registration java.io.Serializable -> org.hibernate.type.BasicTypeReference@6aa5974e
2026-03-17 21:39:55 - Adding type registration timezone -> org.hibernate.type.BasicTypeReference@5e5ddfbc
2026-03-17 21:39:55 - Adding type registration java.util.TimeZone -> org.hibernate.type.BasicTypeReference@5e5ddfbc
2026-03-17 21:39:55 - Adding type registration ZoneOffset -> org.hibernate.type.BasicTypeReference@5bda157e
2026-03-17 21:39:55 - Adding type registration java.time.ZoneOffset -> org.hibernate.type.BasicTypeReference@5bda157e
2026-03-17 21:39:55 - Adding type registration url -> org.hibernate.type.BasicTypeReference@67e0fd6d
2026-03-17 21:39:55 - Adding type registration java.net.URL -> org.hibernate.type.BasicTypeReference@67e0fd6d
2026-03-17 21:39:55 - Adding type registration vector -> org.hibernate.type.BasicTypeReference@21390938
2026-03-17 21:39:55 - Adding type registration row_version -> org.hibernate.type.BasicTypeReference@1129829c
2026-03-17 21:39:55 - Adding type registration object -> org.hibernate.type.JavaObjectType@45d56062
2026-03-17 21:39:55 - Adding type registration java.lang.Object -> org.hibernate.type.JavaObjectType@45d56062
2026-03-17 21:39:55 - Adding type registration null -> org.hibernate.type.NullType@4b195203
2026-03-17 21:39:55 - Adding type registration imm_date -> org.hibernate.type.BasicTypeReference@28a6e171
2026-03-17 21:39:55 - Adding type registration imm_time -> org.hibernate.type.BasicTypeReference@23444a36
2026-03-17 21:39:55 - Adding type registration imm_timestamp -> org.hibernate.type.BasicTypeReference@31a136a6
2026-03-17 21:39:55 - Adding type registration imm_calendar -> org.hibernate.type.BasicTypeReference@30a9e3db
2026-03-17 21:39:55 - Adding type registration imm_calendar_date -> org.hibernate.type.BasicTypeReference@2f9b21d6
2026-03-17 21:39:55 - Adding type registration imm_calendar_time -> org.hibernate.type.BasicTypeReference@2e0fdbe9
2026-03-17 21:39:55 - Adding type registration imm_binary -> org.hibernate.type.BasicTypeReference@16a3cc88
2026-03-17 21:39:55 - Adding type registration imm_serializable -> org.hibernate.type.BasicTypeReference@696b52bc
2026-03-17 21:39:55 - Injecting JPA temp ClassLoader [org.springframework.instrument.classloading.SimpleThrowawayClassLoader@4ae2e781] into BootstrapContext; was [null]
2026-03-17 21:39:55 - ClassLoaderAccessImpl#injectTempClassLoader(org.springframework.instrument.classloading.SimpleThrowawayClassLoader@4ae2e781) [was null]
2026-03-17 21:39:55 - Injecting ScanEnvironment [org.hibernate.jpa.boot.internal.StandardJpaScanEnvironmentImpl@6a98f353] into BootstrapContext; was [null]
2026-03-17 21:39:55 - Injecting ScanOptions [org.hibernate.boot.archive.scan.internal.StandardScanOptions@3b35798] into BootstrapContext; was [org.hibernate.boot.archive.scan.internal.StandardScanOptions@1e00bfe2]
2026-03-17 21:39:56 - No LoadTimeWeaver setup: ignoring JPA class transformer
2026-03-17 21:39:56 - Injecting JPA temp ClassLoader [null] into BootstrapContext; was [org.springframework.instrument.classloading.SimpleThrowawayClassLoader@4ae2e781]
2026-03-17 21:39:56 - ClassLoaderAccessImpl#injectTempClassLoader(null) [was org.springframework.instrument.classloading.SimpleThrowawayClassLoader@4ae2e781]
2026-03-17 21:39:56 - HikariPool-1 - Starting...
2026-03-17 21:39:56 - HikariPool-1 - Added connection conn0: url=jdbc:h2:mem:testdb user=SA
2026-03-17 21:39:56 - HikariPool-1 - Start completed.
2026-03-17 21:39:56 - Database ->
	   name : H2
	version : 2.2.224 (2023-09-17)
	  major : 2
	  minor : 2
2026-03-17 21:39:56 - Driver ->
	   name : H2 JDBC Driver
	version : 2.2.224 (2023-09-17)
	  major : 2
	  minor : 2
2026-03-17 21:39:56 - JDBC version : 4.2
2026-03-17 21:39:56 - HHH000511: The 2.2.224 version for [org.hibernate.dialect.MySQLDialect] is no longer supported, hence certain features may not work properly. The minimum supported version is 8.0.0. Check the community dialects project for available legacy versions.
2026-03-17 21:39:56 - HHH90000025: MySQLDialect does not need to be specified explicitly using 'hibernate.dialect' (remove the property setting and it will be selected by default)
2026-03-17 21:39:56 - HHH035001: Using dialect: org.hibernate.dialect.MySQLDialect, version: 2.2.224
2026-03-17 21:39:56 - JDBC driver metadata reported database stores quoted identifiers in neither upper, lower nor mixed case
2026-03-17 21:39:56 - addDescriptor(12, org.hibernate.type.descriptor.sql.internal.CapacityDependentDdlType@5a51336a) replaced previous registration(org.hibernate.type.descriptor.sql.internal.CapacityDependentDdlType@4d8056bf)
2026-03-17 21:39:56 - addDescriptor(-9, org.hibernate.type.descriptor.sql.internal.CapacityDependentDdlType@42211e04) replaced previous registration(org.hibernate.type.descriptor.sql.internal.CapacityDependentDdlType@6233c6c2)
2026-03-17 21:39:56 - addDescriptor(-3, org.hibernate.type.descriptor.sql.internal.CapacityDependentDdlType@312a738d) replaced previous registration(org.hibernate.type.descriptor.sql.internal.CapacityDependentDdlType@7e50eeb9)
2026-03-17 21:39:56 - addDescriptor(4003, org.hibernate.type.descriptor.sql.internal.DdlTypeImpl@34cb0e49) replaced previous registration(org.hibernate.type.descriptor.sql.internal.DdlTypeImpl@48b2dbc4)
2026-03-17 21:39:56 - addDescriptor(4001, org.hibernate.type.descriptor.sql.internal.DdlTypeImpl@2a667f44) replaced previous registration(org.hibernate.type.descriptor.sql.internal.DdlTypeImpl@53ba7997)
2026-03-17 21:39:56 - addDescriptor(4002, org.hibernate.type.descriptor.sql.internal.DdlTypeImpl@3f6f9cef) replaced previous registration(org.hibernate.type.descriptor.sql.internal.DdlTypeImpl@61dd1c3d)
2026-03-17 21:39:56 - addDescriptor(2004, org.hibernate.type.descriptor.sql.internal.CapacityDependentDdlType@7858d31d) replaced previous registration(org.hibernate.type.descriptor.sql.internal.DdlTypeImpl@782e6b40)
2026-03-17 21:39:56 - addDescriptor(2005, org.hibernate.type.descriptor.sql.internal.CapacityDependentDdlType@3b65084e) replaced previous registration(org.hibernate.type.descriptor.sql.internal.DdlTypeImpl@32d0d7eb)
2026-03-17 21:39:56 - addDescriptor(2011, org.hibernate.type.descriptor.sql.internal.CapacityDependentDdlType@cae2a97) replaced previous registration(org.hibernate.type.descriptor.sql.internal.DdlTypeImpl@7d12429)
2026-03-17 21:39:56 - addDescriptor(NCharTypeDescriptor) replaced previous registration(CharTypeDescriptor)
2026-03-17 21:39:56 - addDescriptor(NVarcharTypeDescriptor) replaced previous registration(VarcharTypeDescriptor)
2026-03-17 21:39:56 - addDescriptor(LongNVarcharTypeDescriptor) replaced previous registration(LongVarcharTypeDescriptor)
2026-03-17 21:39:56 - addDescriptor(NClobTypeDescriptor(DEFAULT)) replaced previous registration(ClobTypeDescriptor(DEFAULT))
2026-03-17 21:39:56 - addDescriptor(2005, ClobTypeDescriptor(STREAM_BINDING)) replaced previous registration(ClobTypeDescriptor(DEFAULT))
2026-03-17 21:39:56 - Adding type registration null -> org.hibernate.type.NullType@6fbe4800
2026-03-17 21:39:56 - Type registration key [null] overrode previous entry : `org.hibernate.type.NullType@4b195203`
2026-03-17 21:39:56 - Adding type registration org.hibernate.type.DurationType -> basicType@1(java.time.Duration,3015)
2026-03-17 21:39:56 - Adding type registration Duration -> basicType@1(java.time.Duration,3015)
2026-03-17 21:39:56 - Adding type registration java.time.Duration -> basicType@1(java.time.Duration,3015)
2026-03-17 21:39:56 - Adding type registration org.hibernate.type.OffsetDateTimeType -> basicType@2(java.time.OffsetDateTime,3003)
2026-03-17 21:39:56 - Adding type registration OffsetDateTime -> basicType@2(java.time.OffsetDateTime,3003)
2026-03-17 21:39:56 - Adding type registration java.time.OffsetDateTime -> basicType@2(java.time.OffsetDateTime,3003)
2026-03-17 21:39:56 - Adding type registration org.hibernate.type.ZonedDateTimeType -> basicType@3(java.time.ZonedDateTime,3003)
2026-03-17 21:39:56 - Adding type registration ZonedDateTime -> basicType@3(java.time.ZonedDateTime,3003)
2026-03-17 21:39:56 - Adding type registration java.time.ZonedDateTime -> basicType@3(java.time.ZonedDateTime,3003)
2026-03-17 21:39:56 - Adding type registration org.hibernate.type.OffsetTimeType -> basicType@4(java.time.OffsetTime,3007)
2026-03-17 21:39:56 - Adding type registration OffsetTime -> basicType@4(java.time.OffsetTime,3007)
2026-03-17 21:39:56 - Adding type registration java.time.OffsetTime -> basicType@4(java.time.OffsetTime,3007)
2026-03-17 21:39:56 - Scoping TypeConfiguration [org.hibernate.type.spi.TypeConfiguration@3ff8a3ad] to MetadataBuildingContext [org.hibernate.boot.internal.MetadataBuildingContextRootImpl@550fa96f]
2026-03-17 21:39:56 - Created database namespace [logicalName=Name{catalog=null, schema=null}, physicalName=Name{catalog=null, schema=null}]
2026-03-17 21:39:56 - Binding entity from annotated class: com.susan.eventbooking.model.Booking
2026-03-17 21:39:56 - Import with entity name Booking
2026-03-17 21:39:56 - Bind entity com.susan.eventbooking.model.Booking on table bookings
2026-03-17 21:39:56 - Binding column: AnnotatedDiscriminatorColumn(column='DTYPE')
2026-03-17 21:39:56 - Binding column: AnnotatedColumn()
2026-03-17 21:39:56 - Not known whether passed class name [com.susan.eventbooking.model.Booking] is safe
2026-03-17 21:39:56 - No temp ClassLoader provided; using live ClassLoader for loading potentially unsafe class : com.susan.eventbooking.model.Booking
2026-03-17 21:39:56 - MetadataSourceProcessor property id with lazy=false
2026-03-17 21:39:56 - Attempting to locate auto-apply AttributeConverter for property [com.susan.eventbooking.model.Booking:id]
2026-03-17 21:39:56 - building BasicValue for id
2026-03-17 21:39:56 - Skipping column re-registration: bookings.id
2026-03-17 21:39:56 - Building property id
2026-03-17 21:39:56 - #makeIdGenerator(BasicValue([Column(id)]), id, identity, , ...)
2026-03-17 21:39:56 - Binding column: AnnotatedColumn(column='booking_time')
2026-03-17 21:39:56 - MetadataSourceProcessor property bookingTime with lazy=false
2026-03-17 21:39:56 - Attempting to locate auto-apply AttributeConverter for property [com.susan.eventbooking.model.Booking:bookingTime]
2026-03-17 21:39:56 - building BasicValue for bookingTime
2026-03-17 21:39:56 - Skipping column re-registration: bookings.booking_time
2026-03-17 21:39:56 - Building property bookingTime
2026-03-17 21:39:56 - Binding column: AnnotatedJoinColumn(column='event_id')
2026-03-17 21:39:56 - Binding column: AnnotatedColumn()
2026-03-17 21:39:56 - Building property event
2026-03-17 21:39:56 - Binding column: AnnotatedColumn()
2026-03-17 21:39:56 - MetadataSourceProcessor property status with lazy=false
2026-03-17 21:39:56 - Attempting to locate auto-apply AttributeConverter for property [com.susan.eventbooking.model.Booking:status]
2026-03-17 21:39:56 - building BasicValue for status
2026-03-17 21:39:56 - Skipping column re-registration: bookings.status
2026-03-17 21:39:56 - Building property status
2026-03-17 21:39:56 - Binding column: AnnotatedJoinColumn(column='user_id')
2026-03-17 21:39:56 - Binding column: AnnotatedColumn()
2026-03-17 21:39:56 - Building property user
2026-03-17 21:39:56 - HHH000194: Package not found or no package-info.java: com.susan.eventbooking.model
2026-03-17 21:39:56 - Adding onCreate as PrePersist callback for entity com.susan.eventbooking.model.Booking
2026-03-17 21:39:56 - Binding entity from annotated class: com.susan.eventbooking.model.Event
2026-03-17 21:39:56 - Import with entity name Event
2026-03-17 21:39:56 - Bind entity com.susan.eventbooking.model.Event on table events
2026-03-17 21:39:56 - Binding column: AnnotatedDiscriminatorColumn(column='DTYPE')
2026-03-17 21:39:56 - Binding column: AnnotatedColumn()
2026-03-17 21:39:56 - Not known whether passed class name [com.susan.eventbooking.model.Event] is safe
2026-03-17 21:39:56 - No temp ClassLoader provided; using live ClassLoader for loading potentially unsafe class : com.susan.eventbooking.model.Event
2026-03-17 21:39:56 - MetadataSourceProcessor property id with lazy=false
2026-03-17 21:39:56 - Attempting to locate auto-apply AttributeConverter for property [com.susan.eventbooking.model.Event:id]
2026-03-17 21:39:56 - building BasicValue for id
2026-03-17 21:39:56 - Skipping column re-registration: events.id
2026-03-17 21:39:56 - Building property id
2026-03-17 21:39:56 - #makeIdGenerator(BasicValue([Column(id)]), id, identity, , ...)
2026-03-17 21:39:56 - Binding column: AnnotatedJoinColumn()
2026-03-17 21:39:56 - Binding column: AnnotatedColumn()
2026-03-17 21:39:56 - Binding column: IndexColumn(column='bookings_ORDER')
2026-03-17 21:39:56 - Binding column: AnnotatedColumn()
2026-03-17 21:39:56 - Binding column: AnnotatedColumn(column='bookings_KEY')
2026-03-17 21:39:56 - Binding column: AnnotatedJoinColumn(column='bookings_KEY')
2026-03-17 21:39:56 - Binding column: AnnotatedJoinColumn()
2026-03-17 21:39:56 - Binding column: AnnotatedJoinColumn()
2026-03-17 21:39:56 - Collection role: com.susan.eventbooking.model.Event.bookings
2026-03-17 21:39:56 - Building property bookings
2026-03-17 21:39:56 - Binding column: AnnotatedJoinColumn(column='created_by')
2026-03-17 21:39:56 - Binding column: AnnotatedColumn()
2026-03-17 21:39:56 - Building property createdBy
2026-03-17 21:39:56 - Binding column: AnnotatedColumn()
2026-03-17 21:39:56 - MetadataSourceProcessor property description with lazy=false
2026-03-17 21:39:56 - Attempting to locate auto-apply AttributeConverter for property [com.susan.eventbooking.model.Event:description]
2026-03-17 21:39:56 - building BasicValue for description
2026-03-17 21:39:56 - Skipping column re-registration: events.description
2026-03-17 21:39:56 - Building property description
2026-03-17 21:39:56 - Binding column: AnnotatedColumn(column='event_date')
2026-03-17 21:39:56 - MetadataSourceProcessor property eventDate with lazy=false
2026-03-17 21:39:56 - Attempting to locate auto-apply AttributeConverter for property [com.susan.eventbooking.model.Event:eventDate]
2026-03-17 21:39:56 - building BasicValue for eventDate
2026-03-17 21:39:56 - Skipping column re-registration: events.event_date
2026-03-17 21:39:56 - Building property eventDate
2026-03-17 21:39:56 - Binding column: AnnotatedColumn()
2026-03-17 21:39:56 - MetadataSourceProcessor property location with lazy=false
2026-03-17 21:39:56 - Attempting to locate auto-apply AttributeConverter for property [com.susan.eventbooking.model.Event:location]
2026-03-17 21:39:56 - building BasicValue for location
2026-03-17 21:39:56 - Skipping column re-registration: events.location
2026-03-17 21:39:56 - Building property location
2026-03-17 21:39:56 - Binding column: AnnotatedColumn()
2026-03-17 21:39:56 - MetadataSourceProcessor property title with lazy=false
2026-03-17 21:39:56 - Attempting to locate auto-apply AttributeConverter for property [com.susan.eventbooking.model.Event:title]
2026-03-17 21:39:56 - building BasicValue for title
2026-03-17 21:39:56 - Skipping column re-registration: events.title
2026-03-17 21:39:56 - Building property title
2026-03-17 21:39:56 - HHH000194: Package not found or no package-info.java: com.susan.eventbooking.model
2026-03-17 21:39:56 - Binding entity from annotated class: com.susan.eventbooking.model.User
2026-03-17 21:39:56 - Import with entity name User
2026-03-17 21:39:56 - Bind entity com.susan.eventbooking.model.User on table users
2026-03-17 21:39:56 - Binding column: AnnotatedDiscriminatorColumn(column='DTYPE')
2026-03-17 21:39:56 - Binding column: AnnotatedColumn()
2026-03-17 21:39:56 - Not known whether passed class name [com.susan.eventbooking.model.User] is safe
2026-03-17 21:39:56 - No temp ClassLoader provided; using live ClassLoader for loading potentially unsafe class : com.susan.eventbooking.model.User
2026-03-17 21:39:56 - MetadataSourceProcessor property id with lazy=false
2026-03-17 21:39:56 - Attempting to locate auto-apply AttributeConverter for property [com.susan.eventbooking.model.User:id]
2026-03-17 21:39:56 - building BasicValue for id
2026-03-17 21:39:56 - Skipping column re-registration: users.id
2026-03-17 21:39:56 - Building property id
2026-03-17 21:39:56 - #makeIdGenerator(BasicValue([Column(id)]), id, identity, , ...)
2026-03-17 21:39:56 - Binding column: AnnotatedJoinColumn()
2026-03-17 21:39:56 - Binding column: AnnotatedColumn()
2026-03-17 21:39:56 - Binding column: IndexColumn(column='bookings_ORDER')
2026-03-17 21:39:56 - Binding column: AnnotatedColumn()
2026-03-17 21:39:56 - Binding column: AnnotatedColumn(column='bookings_KEY')
2026-03-17 21:39:56 - Binding column: AnnotatedJoinColumn(column='bookings_KEY')
2026-03-17 21:39:56 - Binding column: AnnotatedJoinColumn()
2026-03-17 21:39:56 - Binding column: AnnotatedJoinColumn()
2026-03-17 21:39:56 - Collection role: com.susan.eventbooking.model.User.bookings
2026-03-17 21:39:56 - Building property bookings
2026-03-17 21:39:56 - Binding column: AnnotatedColumn(column='created_at')
2026-03-17 21:39:56 - MetadataSourceProcessor property createdAt with lazy=false
2026-03-17 21:39:56 - Attempting to locate auto-apply AttributeConverter for property [com.susan.eventbooking.model.User:createdAt]
2026-03-17 21:39:56 - building BasicValue for createdAt
2026-03-17 21:39:56 - Skipping column re-registration: users.created_at
2026-03-17 21:39:56 - Building property createdAt
2026-03-17 21:39:56 - Binding column: AnnotatedColumn()
2026-03-17 21:39:56 - MetadataSourceProcessor property email with lazy=false
2026-03-17 21:39:56 - Attempting to locate auto-apply AttributeConverter for property [com.susan.eventbooking.model.User:email]
2026-03-17 21:39:56 - building BasicValue for email
2026-03-17 21:39:56 - Skipping column re-registration: users.email
2026-03-17 21:39:56 - Building property email
2026-03-17 21:39:56 - Binding column: AnnotatedJoinColumn()
2026-03-17 21:39:56 - Binding column: AnnotatedColumn()
2026-03-17 21:39:56 - Binding column: IndexColumn(column='events_ORDER')
2026-03-17 21:39:56 - Binding column: AnnotatedColumn()
2026-03-17 21:39:56 - Binding column: AnnotatedColumn(column='events_KEY')
2026-03-17 21:39:56 - Binding column: AnnotatedJoinColumn(column='events_KEY')
2026-03-17 21:39:56 - Binding column: AnnotatedJoinColumn()
2026-03-17 21:39:56 - Binding column: AnnotatedJoinColumn()
2026-03-17 21:39:56 - Collection role: com.susan.eventbooking.model.User.events
2026-03-17 21:39:56 - Building property events
2026-03-17 21:39:56 - Binding column: AnnotatedColumn()
2026-03-17 21:39:56 - MetadataSourceProcessor property name with lazy=false
2026-03-17 21:39:56 - Attempting to locate auto-apply AttributeConverter for property [com.susan.eventbooking.model.User:name]
2026-03-17 21:39:56 - building BasicValue for name
2026-03-17 21:39:56 - Skipping column re-registration: users.name
2026-03-17 21:39:56 - Building property name
2026-03-17 21:39:56 - Binding column: AnnotatedColumn()
2026-03-17 21:39:56 - MetadataSourceProcessor property password with lazy=false
2026-03-17 21:39:56 - Attempting to locate auto-apply AttributeConverter for property [com.susan.eventbooking.model.User:password]
2026-03-17 21:39:56 - building BasicValue for password
2026-03-17 21:39:56 - Skipping column re-registration: users.password
2026-03-17 21:39:56 - Building property password
2026-03-17 21:39:56 - Binding column: AnnotatedColumn()
2026-03-17 21:39:56 - MetadataSourceProcessor property role with lazy=false
2026-03-17 21:39:56 - Attempting to locate auto-apply AttributeConverter for property [com.susan.eventbooking.model.User:role]
2026-03-17 21:39:56 - building BasicValue for role
2026-03-17 21:39:56 - Skipping column re-registration: users.role
2026-03-17 21:39:56 - Building property role
2026-03-17 21:39:56 - HHH000194: Package not found or no package-info.java: com.susan.eventbooking.model
2026-03-17 21:39:56 - Adding onCreate as PrePersist callback for entity com.susan.eventbooking.model.User
2026-03-17 21:39:56 - Starting `BasicValueBinder#fillSimpleValue` for id
2026-03-17 21:39:56 - Starting `BasicValueBinder#fillSimpleValue` for bookingTime
2026-03-17 21:39:56 - Starting `BasicValueBinder#fillSimpleValue` for status
2026-03-17 21:39:56 - Starting `BasicValueBinder#fillSimpleValue` for id
2026-03-17 21:39:56 - Starting `BasicValueBinder#fillSimpleValue` for description
2026-03-17 21:39:56 - Starting `BasicValueBinder#fillSimpleValue` for eventDate
2026-03-17 21:39:56 - Starting `BasicValueBinder#fillSimpleValue` for location
2026-03-17 21:39:56 - Starting `BasicValueBinder#fillSimpleValue` for title
2026-03-17 21:39:56 - Starting `BasicValueBinder#fillSimpleValue` for id
2026-03-17 21:39:56 - Starting `BasicValueBinder#fillSimpleValue` for createdAt
2026-03-17 21:39:56 - Starting `BasicValueBinder#fillSimpleValue` for email
2026-03-17 21:39:56 - Starting `BasicValueBinder#fillSimpleValue` for name
2026-03-17 21:39:56 - Starting `BasicValueBinder#fillSimpleValue` for password
2026-03-17 21:39:56 - Starting `BasicValueBinder#fillSimpleValue` for role
2026-03-17 21:39:56 - Forcing column [id] to be non-null as it is part of the primary key for table [bookings]
2026-03-17 21:39:56 - Forcing column [id] to be non-null as it is part of the primary key for table [events]
2026-03-17 21:39:56 - Forcing column [id] to be non-null as it is part of the primary key for table [users]
2026-03-17 21:39:56 - Second pass for collection: com.susan.eventbooking.model.Event.bookings
2026-03-17 21:39:56 - Binding a OneToMany: com.susan.eventbooking.model.Event.bookings through a foreign key
2026-03-17 21:39:56 - Mapping collection: com.susan.eventbooking.model.Event.bookings -> bookings
2026-03-17 21:39:56 - Retrieving property com.susan.eventbooking.model.Booking.event
2026-03-17 21:39:56 - Mapped collection key: event_id, one-to-many: com.susan.eventbooking.model.Booking
2026-03-17 21:39:56 - Second pass for collection: com.susan.eventbooking.model.User.bookings
2026-03-17 21:39:56 - Binding a OneToMany: com.susan.eventbooking.model.User.bookings through a foreign key
2026-03-17 21:39:56 - Mapping collection: com.susan.eventbooking.model.User.bookings -> bookings
2026-03-17 21:39:56 - Retrieving property com.susan.eventbooking.model.Booking.user
2026-03-17 21:39:56 - Mapped collection key: user_id, one-to-many: com.susan.eventbooking.model.Booking
2026-03-17 21:39:56 - Second pass for collection: com.susan.eventbooking.model.User.events
2026-03-17 21:39:56 - Binding a OneToMany: com.susan.eventbooking.model.User.events through a foreign key
2026-03-17 21:39:56 - Mapping collection: com.susan.eventbooking.model.User.events -> events
2026-03-17 21:39:56 - Retrieving property com.susan.eventbooking.model.Event.createdBy
2026-03-17 21:39:56 - Mapped collection key: created_by, one-to-many: com.susan.eventbooking.model.Event
2026-03-17 21:39:56 - Building session factory
2026-03-17 21:39:56 - EventListenerRegistry access via ServiceRegistry is deprecated.  Use `sessionFactory.getEventEngine().getListenerRegistry()` instead
2026-03-17 21:39:56 - Instantiating SessionFactory with settings: {java.specification.version=17, hibernate.resource.beans.container=org.springframework.orm.hibernate5.SpringBeanContainer@3c89b864, hibernate.connection.handling_mode=DELAYED_ACQUISITION_AND_HOLD, sun.jnu.encoding=UTF-8, hibernate.dialect=org.hibernate.dialect.MySQLDialect, hibernate.implicit_naming_strategy=org.springframework.boot.orm.jpa.hibernate.SpringImplicitNamingStrategy, java.class.path=/Users/susanpadath/Desktop/eventbooking/target/test-classes:/Users/susanpadath/Desktop/eventbooking/target/classes:/Users/susanpadath/.m2/repository/org/springframework/boot/spring-boot-starter-web/3.3.5/spring-boot-starter-web-3.3.5.jar:/Users/susanpadath/.m2/repository/org/springframework/boot/spring-boot-starter/3.3.5/spring-boot-starter-3.3.5.jar:/Users/susanpadath/.m2/repository/org/springframework/boot/spring-boot/3.3.5/spring-boot-3.3.5.jar:/Users/susanpadath/.m2/repository/org/springframework/boot/spring-boot-autoconfigure/3.3.5/spring-boot-autoconfigure-3.3.5.jar:/Users/susanpadath/.m2/repository/org/springframework/boot/spring-boot-starter-logging/3.3.5/spring-boot-starter-logging-3.3.5.jar:/Users/susanpadath/.m2/repository/ch/qos/logback/logback-classic/1.5.11/logback-classic-1.5.11.jar:/Users/susanpadath/.m2/repository/ch/qos/logback/logback-core/1.5.11/logback-core-1.5.11.jar:/Users/susanpadath/.m2/repository/org/apache/logging/log4j/log4j-to-slf4j/2.23.1/log4j-to-slf4j-2.23.1.jar:/Users/susanpadath/.m2/repository/org/apache/logging/log4j/log4j-api/2.23.1/log4j-api-2.23.1.jar:/Users/susanpadath/.m2/repository/org/slf4j/jul-to-slf4j/2.0.16/jul-to-slf4j-2.0.16.jar:/Users/susanpadath/.m2/repository/jakarta/annotation/jakarta.annotation-api/2.1.1/jakarta.annotation-api-2.1.1.jar:/Users/susanpadath/.m2/repository/org/yaml/snakeyaml/2.2/snakeyaml-2.2.jar:/Users/susanpadath/.m2/repository/org/springframework/boot/spring-boot-starter-json/3.3.5/spring-boot-starter-json-3.3.5.jar:/Users/susanpadath/.m2/repository/com/fasterxml/jackson/datatype/jackson-datatype-jdk8/2.17.2/jackson-datatype-jdk8-2.17.2.jar:/Users/susanpadath/.m2/repository/com/fasterxml/jackson/datatype/jackson-datatype-jsr310/2.17.2/jackson-datatype-jsr310-2.17.2.jar:/Users/susanpadath/.m2/repository/com/fasterxml/jackson/module/jackson-module-parameter-names/2.17.2/jackson-module-parameter-names-2.17.2.jar:/Users/susanpadath/.m2/repository/org/springframework/boot/spring-boot-starter-tomcat/3.3.5/spring-boot-starter-tomcat-3.3.5.jar:/Users/susanpadath/.m2/repository/org/apache/tomcat/embed/tomcat-embed-core/10.1.31/tomcat-embed-core-10.1.31.jar:/Users/susanpadath/.m2/repository/org/apache/tomcat/embed/tomcat-embed-el/10.1.31/tomcat-embed-el-10.1.31.jar:/Users/susanpadath/.m2/repository/org/apache/tomcat/embed/tomcat-embed-websocket/10.1.31/tomcat-embed-websocket-10.1.31.jar:/Users/susanpadath/.m2/repository/org/springframework/spring-web/6.1.14/spring-web-6.1.14.jar:/Users/susanpadath/.m2/repository/org/springframework/spring-beans/6.1.14/spring-beans-6.1.14.jar:/Users/susanpadath/.m2/repository/io/micrometer/micrometer-observation/1.13.6/micrometer-observation-1.13.6.jar:/Users/susanpadath/.m2/repository/io/micrometer/micrometer-commons/1.13.6/micrometer-commons-1.13.6.jar:/Users/susanpadath/.m2/repository/org/springframework/spring-webmvc/6.1.14/spring-webmvc-6.1.14.jar:/Users/susanpadath/.m2/repository/org/springframework/spring-context/6.1.14/spring-context-6.1.14.jar:/Users/susanpadath/.m2/repository/org/springframework/spring-expression/6.1.14/spring-expression-6.1.14.jar:/Users/susanpadath/.m2/repository/org/springframework/boot/spring-boot-starter-data-jpa/3.3.5/spring-boot-starter-data-jpa-3.3.5.jar:/Users/susanpadath/.m2/repository/org/springframework/boot/spring-boot-starter-aop/3.3.5/spring-boot-starter-aop-3.3.5.jar:/Users/susanpadath/.m2/repository/org/aspectj/aspectjweaver/1.9.22.1/aspectjweaver-1.9.22.1.jar:/Users/susanpadath/.m2/repository/org/springframework/boot/spring-boot-starter-jdbc/3.3.5/spring-boot-starter-jdbc-3.3.5.jar:/Users/susanpadath/.m2/repository/com/zaxxer/HikariCP/5.1.0/HikariCP-5.1.0.jar:/Users/susanpadath/.m2/repository/org/springframework/spring-jdbc/6.1.14/spring-jdbc-6.1.14.jar:/Users/susanpadath/.m2/repository/org/hibernate/orm/hibernate-core/6.5.3.Final/hibernate-core-6.5.3.Final.jar:/Users/susanpadath/.m2/repository/jakarta/persistence/jakarta.persistence-api/3.1.0/jakarta.persistence-api-3.1.0.jar:/Users/susanpadath/.m2/repository/jakarta/transaction/jakarta.transaction-api/2.0.1/jakarta.transaction-api-2.0.1.jar:/Users/susanpadath/.m2/repository/org/jboss/logging/jboss-logging/3.5.3.Final/jboss-logging-3.5.3.Final.jar:/Users/susanpadath/.m2/repository/org/hibernate/common/hibernate-commons-annotations/6.0.6.Final/hibernate-commons-annotations-6.0.6.Final.jar:/Users/susanpadath/.m2/repository/io/smallrye/jandex/3.1.2/jandex-3.1.2.jar:/Users/susanpadath/.m2/repository/com/fasterxml/classmate/1.7.0/classmate-1.7.0.jar:/Users/susanpadath/.m2/repository/net/bytebuddy/byte-buddy/1.14.19/byte-buddy-1.14.19.jar:/Users/susanpadath/.m2/repository/org/glassfish/jaxb/jaxb-runtime/4.0.5/jaxb-runtime-4.0.5.jar:/Users/susanpadath/.m2/repository/org/glassfish/jaxb/jaxb-core/4.0.5/jaxb-core-4.0.5.jar:/Users/susanpadath/.m2/repository/org/eclipse/angus/angus-activation/2.0.2/angus-activation-2.0.2.jar:/Users/susanpadath/.m2/repository/org/glassfish/jaxb/txw2/4.0.5/txw2-4.0.5.jar:/Users/susanpadath/.m2/repository/com/sun/istack/istack-commons-runtime/4.1.2/istack-commons-runtime-4.1.2.jar:/Users/susanpadath/.m2/repository/jakarta/inject/jakarta.inject-api/2.0.1/jakarta.inject-api-2.0.1.jar:/Users/susanpadath/.m2/repository/org/antlr/antlr4-runtime/4.13.0/antlr4-runtime-4.13.0.jar:/Users/susanpadath/.m2/repository/org/springframework/data/spring-data-jpa/3.3.5/spring-data-jpa-3.3.5.jar:/Users/susanpadath/.m2/repository/org/springframework/data/spring-data-commons/3.3.5/spring-data-commons-3.3.5.jar:/Users/susanpadath/.m2/repository/org/springframework/spring-orm/6.1.14/spring-orm-6.1.14.jar:/Users/susanpadath/.m2/repository/org/springframework/spring-tx/6.1.14/spring-tx-6.1.14.jar:/Users/susanpadath/.m2/repository/org/slf4j/slf4j-api/2.0.16/slf4j-api-2.0.16.jar:/Users/susanpadath/.m2/repository/org/springframework/spring-aspects/6.1.14/spring-aspects-6.1.14.jar:/Users/susanpadath/.m2/repository/com/mysql/mysql-connector-j/8.3.0/mysql-connector-j-8.3.0.jar:/Users/susanpadath/.m2/repository/org/projectlombok/lombok/1.18.34/lombok-1.18.34.jar:/Users/susanpadath/.m2/repository/org/springframework/boot/spring-boot-starter-test/3.3.5/spring-boot-starter-test-3.3.5.jar:/Users/susanpadath/.m2/repository/org/springframework/boot/spring-boot-test/3.3.5/spring-boot-test-3.3.5.jar:/Users/susanpadath/.m2/repository/org/springframework/boot/spring-boot-test-autoconfigure/3.3.5/spring-boot-test-autoconfigure-3.3.5.jar:/Users/susanpadath/.m2/repository/com/jayway/jsonpath/json-path/2.9.0/json-path-2.9.0.jar:/Users/susanpadath/.m2/repository/jakarta/xml/bind/jakarta.xml.bind-api/4.0.2/jakarta.xml.bind-api-4.0.2.jar:/Users/susanpadath/.m2/repository/jakarta/activation/jakarta.activation-api/2.1.3/jakarta.activation-api-2.1.3.jar:/Users/susanpadath/.m2/repository/net/minidev/json-smart/2.5.1/json-smart-2.5.1.jar:/Users/susanpadath/.m2/repository/net/minidev/accessors-smart/2.5.1/accessors-smart-2.5.1.jar:/Users/susanpadath/.m2/repository/org/ow2/asm/asm/9.6/asm-9.6.jar:/Users/susanpadath/.m2/repository/org/assertj/assertj-core/3.25.3/assertj-core-3.25.3.jar:/Users/susanpadath/.m2/repository/org/awaitility/awaitility/4.2.2/awaitility-4.2.2.jar:/Users/susanpadath/.m2/repository/org/hamcrest/hamcrest/2.2/hamcrest-2.2.jar:/Users/susanpadath/.m2/repository/org/junit/jupiter/junit-jupiter/5.10.5/junit-jupiter-5.10.5.jar:/Users/susanpadath/.m2/repository/org/junit/jupiter/junit-jupiter-api/5.10.5/junit-jupiter-api-5.10.5.jar:/Users/susanpadath/.m2/repository/org/opentest4j/opentest4j/1.3.0/opentest4j-1.3.0.jar:/Users/susanpadath/.m2/repository/org/junit/platform/junit-platform-commons/1.10.5/junit-platform-commons-1.10.5.jar:/Users/susanpadath/.m2/repository/org/apiguardian/apiguardian-api/1.1.2/apiguardian-api-1.1.2.jar:/Users/susanpadath/.m2/repository/org/junit/jupiter/junit-jupiter-params/5.10.5/junit-jupiter-params-5.10.5.jar:/Users/susanpadath/.m2/repository/org/junit/jupiter/junit-jupiter-engine/5.10.5/junit-jupiter-engine-5.10.5.jar:/Users/susanpadath/.m2/repository/org/junit/platform/junit-platform-engine/1.10.5/junit-platform-engine-1.10.5.jar:/Users/susanpadath/.m2/repository/org/mockito/mockito-core/5.11.0/mockito-core-5.11.0.jar:/Users/susanpadath/.m2/repository/net/bytebuddy/byte-buddy-agent/1.14.19/byte-buddy-agent-1.14.19.jar:/Users/susanpadath/.m2/repository/org/objenesis/objenesis/3.3/objenesis-3.3.jar:/Users/susanpadath/.m2/repository/org/mockito/mockito-junit-jupiter/5.11.0/mockito-junit-jupiter-5.11.0.jar:/Users/susanpadath/.m2/repository/org/skyscreamer/jsonassert/1.5.3/jsonassert-1.5.3.jar:/Users/susanpadath/.m2/repository/com/vaadin/external/google/android-json/0.0.20131108.vaadin1/android-json-0.0.20131108.vaadin1.jar:/Users/susanpadath/.m2/repository/org/springframework/spring-core/6.1.14/spring-core-6.1.14.jar:/Users/susanpadath/.m2/repository/org/springframework/spring-jcl/6.1.14/spring-jcl-6.1.14.jar:/Users/susanpadath/.m2/repository/org/springframework/spring-test/6.1.14/spring-test-6.1.14.jar:/Users/susanpadath/.m2/repository/org/xmlunit/xmlunit-core/2.9.1/xmlunit-core-2.9.1.jar:/Users/susanpadath/.m2/repository/org/springframework/boot/spring-boot-starter-security/3.3.5/spring-boot-starter-security-3.3.5.jar:/Users/susanpadath/.m2/repository/org/springframework/spring-aop/6.1.14/spring-aop-6.1.14.jar:/Users/susanpadath/.m2/repository/org/springframework/security/spring-security-config/6.3.4/spring-security-config-6.3.4.jar:/Users/susanpadath/.m2/repository/org/springframework/security/spring-security-core/6.3.4/spring-security-core-6.3.4.jar:/Users/susanpadath/.m2/repository/org/springframework/security/spring-security-crypto/6.3.4/spring-security-crypto-6.3.4.jar:/Users/susanpadath/.m2/repository/org/springframework/security/spring-security-web/6.3.4/spring-security-web-6.3.4.jar:/Users/susanpadath/.m2/repository/io/jsonwebtoken/jjwt-api/0.11.5/jjwt-api-0.11.5.jar:/Users/susanpadath/.m2/repository/io/jsonwebtoken/jjwt-impl/0.11.5/jjwt-impl-0.11.5.jar:/Users/susanpadath/.m2/repository/io/jsonwebtoken/jjwt-jackson/0.11.5/jjwt-jackson-0.11.5.jar:/Users/susanpadath/.m2/repository/com/fasterxml/jackson/core/jackson-databind/2.17.2/jackson-databind-2.17.2.jar:/Users/susanpadath/.m2/repository/com/fasterxml/jackson/core/jackson-annotations/2.17.2/jackson-annotations-2.17.2.jar:/Users/susanpadath/.m2/repository/com/fasterxml/jackson/core/jackson-core/2.17.2/jackson-core-2.17.2.jar:/Users/susanpadath/.m2/repository/com/h2database/h2/2.2.224/h2-2.2.224.jar:, java.vm.vendor=Eclipse Adoptium, sun.arch.data.model=64, java.vendor.url=https://adoptium.net/, user.timezone=Asia/Tokyo, jakarta.persistence.sharedCache.mode=UNSPECIFIED, org.jboss.logging.provider=slf4j, java.vm.specification.version=17, os.name=Mac OS X, jakarta.persistence.nonJtaDataSource=HikariDataSource (HikariPool-1), sun.java.launcher=SUN_STANDARD, user.country=US, sun.boot.library.path=/Library/Java/JavaVirtualMachines/temurin-17.jdk/Contents/Home/lib, sun.java.command=/Users/susanpadath/Desktop/eventbooking/target/surefire/surefirebooter-20260317213954065_3.jar /Users/susanpadath/Desktop/eventbooking/target/surefire 2026-03-17T21-39-53_997-jvmRun1 surefire-20260317213954065_1tmp surefire_0-20260317213954065_2tmp, javax.persistence.nonJtaDataSource=HikariDataSource (HikariPool-1), hibernate.transaction.jta.platform=org.hibernate.engine.transaction.jta.platform.internal.NoJtaPlatform@3400d6fa, http.nonProxyHosts=local|*.local|169.254/16|*.169.254/16, jdk.debug=release, test=EventBookingIntegrationTest, surefire.test.class.path=/Users/susanpadath/Desktop/eventbooking/target/test-classes:/Users/susanpadath/Desktop/eventbooking/target/classes:/Users/susanpadath/.m2/repository/org/springframework/boot/spring-boot-starter-web/3.3.5/spring-boot-starter-web-3.3.5.jar:/Users/susanpadath/.m2/repository/org/springframework/boot/spring-boot-starter/3.3.5/spring-boot-starter-3.3.5.jar:/Users/susanpadath/.m2/repository/org/springframework/boot/spring-boot/3.3.5/spring-boot-3.3.5.jar:/Users/susanpadath/.m2/repository/org/springframework/boot/spring-boot-autoconfigure/3.3.5/spring-boot-autoconfigure-3.3.5.jar:/Users/susanpadath/.m2/repository/org/springframework/boot/spring-boot-starter-logging/3.3.5/spring-boot-starter-logging-3.3.5.jar:/Users/susanpadath/.m2/repository/ch/qos/logback/logback-classic/1.5.11/logback-classic-1.5.11.jar:/Users/susanpadath/.m2/repository/ch/qos/logback/logback-core/1.5.11/logback-core-1.5.11.jar:/Users/susanpadath/.m2/repository/org/apache/logging/log4j/log4j-to-slf4j/2.23.1/log4j-to-slf4j-2.23.1.jar:/Users/susanpadath/.m2/repository/org/apache/logging/log4j/log4j-api/2.23.1/log4j-api-2.23.1.jar:/Users/susanpadath/.m2/repository/org/slf4j/jul-to-slf4j/2.0.16/jul-to-slf4j-2.0.16.jar:/Users/susanpadath/.m2/repository/jakarta/annotation/jakarta.annotation-api/2.1.1/jakarta.annotation-api-2.1.1.jar:/Users/susanpadath/.m2/repository/org/yaml/snakeyaml/2.2/snakeyaml-2.2.jar:/Users/susanpadath/.m2/repository/org/springframework/boot/spring-boot-starter-json/3.3.5/spring-boot-starter-json-3.3.5.jar:/Users/susanpadath/.m2/repository/com/fasterxml/jackson/datatype/jackson-datatype-jdk8/2.17.2/jackson-datatype-jdk8-2.17.2.jar:/Users/susanpadath/.m2/repository/com/fasterxml/jackson/datatype/jackson-datatype-jsr310/2.17.2/jackson-datatype-jsr310-2.17.2.jar:/Users/susanpadath/.m2/repository/com/fasterxml/jackson/module/jackson-module-parameter-names/2.17.2/jackson-module-parameter-names-2.17.2.jar:/Users/susanpadath/.m2/repository/org/springframework/boot/spring-boot-starter-tomcat/3.3.5/spring-boot-starter-tomcat-3.3.5.jar:/Users/susanpadath/.m2/repository/org/apache/tomcat/embed/tomcat-embed-core/10.1.31/tomcat-embed-core-10.1.31.jar:/Users/susanpadath/.m2/repository/org/apache/tomcat/embed/tomcat-embed-el/10.1.31/tomcat-embed-el-10.1.31.jar:/Users/susanpadath/.m2/repository/org/apache/tomcat/embed/tomcat-embed-websocket/10.1.31/tomcat-embed-websocket-10.1.31.jar:/Users/susanpadath/.m2/repository/org/springframework/spring-web/6.1.14/spring-web-6.1.14.jar:/Users/susanpadath/.m2/repository/org/springframework/spring-beans/6.1.14/spring-beans-6.1.14.jar:/Users/susanpadath/.m2/repository/io/micrometer/micrometer-observation/1.13.6/micrometer-observation-1.13.6.jar:/Users/susanpadath/.m2/repository/io/micrometer/micrometer-commons/1.13.6/micrometer-commons-1.13.6.jar:/Users/susanpadath/.m2/repository/org/springframework/spring-webmvc/6.1.14/spring-webmvc-6.1.14.jar:/Users/susanpadath/.m2/repository/org/springframework/spring-context/6.1.14/spring-context-6.1.14.jar:/Users/susanpadath/.m2/repository/org/springframework/spring-expression/6.1.14/spring-expression-6.1.14.jar:/Users/susanpadath/.m2/repository/org/springframework/boot/spring-boot-starter-data-jpa/3.3.5/spring-boot-starter-data-jpa-3.3.5.jar:/Users/susanpadath/.m2/repository/org/springframework/boot/spring-boot-starter-aop/3.3.5/spring-boot-starter-aop-3.3.5.jar:/Users/susanpadath/.m2/repository/org/aspectj/aspectjweaver/1.9.22.1/aspectjweaver-1.9.22.1.jar:/Users/susanpadath/.m2/repository/org/springframework/boot/spring-boot-starter-jdbc/3.3.5/spring-boot-starter-jdbc-3.3.5.jar:/Users/susanpadath/.m2/repository/com/zaxxer/HikariCP/5.1.0/HikariCP-5.1.0.jar:/Users/susanpadath/.m2/repository/org/springframework/spring-jdbc/6.1.14/spring-jdbc-6.1.14.jar:/Users/susanpadath/.m2/repository/org/hibernate/orm/hibernate-core/6.5.3.Final/hibernate-core-6.5.3.Final.jar:/Users/susanpadath/.m2/repository/jakarta/persistence/jakarta.persistence-api/3.1.0/jakarta.persistence-api-3.1.0.jar:/Users/susanpadath/.m2/repository/jakarta/transaction/jakarta.transaction-api/2.0.1/jakarta.transaction-api-2.0.1.jar:/Users/susanpadath/.m2/repository/org/jboss/logging/jboss-logging/3.5.3.Final/jboss-logging-3.5.3.Final.jar:/Users/susanpadath/.m2/repository/org/hibernate/common/hibernate-commons-annotations/6.0.6.Final/hibernate-commons-annotations-6.0.6.Final.jar:/Users/susanpadath/.m2/repository/io/smallrye/jandex/3.1.2/jandex-3.1.2.jar:/Users/susanpadath/.m2/repository/com/fasterxml/classmate/1.7.0/classmate-1.7.0.jar:/Users/susanpadath/.m2/repository/net/bytebuddy/byte-buddy/1.14.19/byte-buddy-1.14.19.jar:/Users/susanpadath/.m2/repository/org/glassfish/jaxb/jaxb-runtime/4.0.5/jaxb-runtime-4.0.5.jar:/Users/susanpadath/.m2/repository/org/glassfish/jaxb/jaxb-core/4.0.5/jaxb-core-4.0.5.jar:/Users/susanpadath/.m2/repository/org/eclipse/angus/angus-activation/2.0.2/angus-activation-2.0.2.jar:/Users/susanpadath/.m2/repository/org/glassfish/jaxb/txw2/4.0.5/txw2-4.0.5.jar:/Users/susanpadath/.m2/repository/com/sun/istack/istack-commons-runtime/4.1.2/istack-commons-runtime-4.1.2.jar:/Users/susanpadath/.m2/repository/jakarta/inject/jakarta.inject-api/2.0.1/jakarta.inject-api-2.0.1.jar:/Users/susanpadath/.m2/repository/org/antlr/antlr4-runtime/4.13.0/antlr4-runtime-4.13.0.jar:/Users/susanpadath/.m2/repository/org/springframework/data/spring-data-jpa/3.3.5/spring-data-jpa-3.3.5.jar:/Users/susanpadath/.m2/repository/org/springframework/data/spring-data-commons/3.3.5/spring-data-commons-3.3.5.jar:/Users/susanpadath/.m2/repository/org/springframework/spring-orm/6.1.14/spring-orm-6.1.14.jar:/Users/susanpadath/.m2/repository/org/springframework/spring-tx/6.1.14/spring-tx-6.1.14.jar:/Users/susanpadath/.m2/repository/org/slf4j/slf4j-api/2.0.16/slf4j-api-2.0.16.jar:/Users/susanpadath/.m2/repository/org/springframework/spring-aspects/6.1.14/spring-aspects-6.1.14.jar:/Users/susanpadath/.m2/repository/com/mysql/mysql-connector-j/8.3.0/mysql-connector-j-8.3.0.jar:/Users/susanpadath/.m2/repository/org/projectlombok/lombok/1.18.34/lombok-1.18.34.jar:/Users/susanpadath/.m2/repository/org/springframework/boot/spring-boot-starter-test/3.3.5/spring-boot-starter-test-3.3.5.jar:/Users/susanpadath/.m2/repository/org/springframework/boot/spring-boot-test/3.3.5/spring-boot-test-3.3.5.jar:/Users/susanpadath/.m2/repository/org/springframework/boot/spring-boot-test-autoconfigure/3.3.5/spring-boot-test-autoconfigure-3.3.5.jar:/Users/susanpadath/.m2/repository/com/jayway/jsonpath/json-path/2.9.0/json-path-2.9.0.jar:/Users/susanpadath/.m2/repository/jakarta/xml/bind/jakarta.xml.bind-api/4.0.2/jakarta.xml.bind-api-4.0.2.jar:/Users/susanpadath/.m2/repository/jakarta/activation/jakarta.activation-api/2.1.3/jakarta.activation-api-2.1.3.jar:/Users/susanpadath/.m2/repository/net/minidev/json-smart/2.5.1/json-smart-2.5.1.jar:/Users/susanpadath/.m2/repository/net/minidev/accessors-smart/2.5.1/accessors-smart-2.5.1.jar:/Users/susanpadath/.m2/repository/org/ow2/asm/asm/9.6/asm-9.6.jar:/Users/susanpadath/.m2/repository/org/assertj/assertj-core/3.25.3/assertj-core-3.25.3.jar:/Users/susanpadath/.m2/repository/org/awaitility/awaitility/4.2.2/awaitility-4.2.2.jar:/Users/susanpadath/.m2/repository/org/hamcrest/hamcrest/2.2/hamcrest-2.2.jar:/Users/susanpadath/.m2/repository/org/junit/jupiter/junit-jupiter/5.10.5/junit-jupiter-5.10.5.jar:/Users/susanpadath/.m2/repository/org/junit/jupiter/junit-jupiter-api/5.10.5/junit-jupiter-api-5.10.5.jar:/Users/susanpadath/.m2/repository/org/opentest4j/opentest4j/1.3.0/opentest4j-1.3.0.jar:/Users/susanpadath/.m2/repository/org/junit/platform/junit-platform-commons/1.10.5/junit-platform-commons-1.10.5.jar:/Users/susanpadath/.m2/repository/org/apiguardian/apiguardian-api/1.1.2/apiguardian-api-1.1.2.jar:/Users/susanpadath/.m2/repository/org/junit/jupiter/junit-jupiter-params/5.10.5/junit-jupiter-params-5.10.5.jar:/Users/susanpadath/.m2/repository/org/junit/jupiter/junit-jupiter-engine/5.10.5/junit-jupiter-engine-5.10.5.jar:/Users/susanpadath/.m2/repository/org/junit/platform/junit-platform-engine/1.10.5/junit-platform-engine-1.10.5.jar:/Users/susanpadath/.m2/repository/org/mockito/mockito-core/5.11.0/mockito-core-5.11.0.jar:/Users/susanpadath/.m2/repository/net/bytebuddy/byte-buddy-agent/1.14.19/byte-buddy-agent-1.14.19.jar:/Users/susanpadath/.m2/repository/org/objenesis/objenesis/3.3/objenesis-3.3.jar:/Users/susanpadath/.m2/repository/org/mockito/mockito-junit-jupiter/5.11.0/mockito-junit-jupiter-5.11.0.jar:/Users/susanpadath/.m2/repository/org/skyscreamer/jsonassert/1.5.3/jsonassert-1.5.3.jar:/Users/susanpadath/.m2/repository/com/vaadin/external/google/android-json/0.0.20131108.vaadin1/android-json-0.0.20131108.vaadin1.jar:/Users/susanpadath/.m2/repository/org/springframework/spring-core/6.1.14/spring-core-6.1.14.jar:/Users/susanpadath/.m2/repository/org/springframework/spring-jcl/6.1.14/spring-jcl-6.1.14.jar:/Users/susanpadath/.m2/repository/org/springframework/spring-test/6.1.14/spring-test-6.1.14.jar:/Users/susanpadath/.m2/repository/org/xmlunit/xmlunit-core/2.9.1/xmlunit-core-2.9.1.jar:/Users/susanpadath/.m2/repository/org/springframework/boot/spring-boot-starter-security/3.3.5/spring-boot-starter-security-3.3.5.jar:/Users/susanpadath/.m2/repository/org/springframework/spring-aop/6.1.14/spring-aop-6.1.14.jar:/Users/susanpadath/.m2/repository/org/springframework/security/spring-security-config/6.3.4/spring-security-config-6.3.4.jar:/Users/susanpadath/.m2/repository/org/springframework/security/spring-security-core/6.3.4/spring-security-core-6.3.4.jar:/Users/susanpadath/.m2/repository/org/springframework/security/spring-security-crypto/6.3.4/spring-security-crypto-6.3.4.jar:/Users/susanpadath/.m2/repository/org/springframework/security/spring-security-web/6.3.4/spring-security-web-6.3.4.jar:/Users/susanpadath/.m2/repository/io/jsonwebtoken/jjwt-api/0.11.5/jjwt-api-0.11.5.jar:/Users/susanpadath/.m2/repository/io/jsonwebtoken/jjwt-impl/0.11.5/jjwt-impl-0.11.5.jar:/Users/susanpadath/.m2/repository/io/jsonwebtoken/jjwt-jackson/0.11.5/jjwt-jackson-0.11.5.jar:/Users/susanpadath/.m2/repository/com/fasterxml/jackson/core/jackson-databind/2.17.2/jackson-databind-2.17.2.jar:/Users/susanpadath/.m2/repository/com/fasterxml/jackson/core/jackson-annotations/2.17.2/jackson-annotations-2.17.2.jar:/Users/susanpadath/.m2/repository/com/fasterxml/jackson/core/jackson-core/2.17.2/jackson-core-2.17.2.jar:/Users/susanpadath/.m2/repository/com/h2database/h2/2.2.224/h2-2.2.224.jar:, sun.cpu.endian=little, hibernate.cdi.extensions=true, user.home=/Users/susanpadath, user.language=en, java.specification.vendor=Oracle Corporation, java.version.date=2026-01-20, java.home=/Library/Java/JavaVirtualMachines/temurin-17.jdk/Contents/Home, file.separator=/, basedir=/Users/susanpadath/Desktop/eventbooking, java.vm.compressedOopsMode=Zero based, line.separator=
, hibernate.persistenceUnitName=default, java.vm.specification.vendor=Oracle Corporation, java.specification.name=Java Platform API Specification, FILE_LOG_CHARSET=UTF-8, hibernate.transaction.coordinator_class=class org.hibernate.resource.transaction.backend.jdbc.internal.JdbcResourceLocalTransactionCoordinatorBuilderImpl, java.awt.headless=true, surefire.real.class.path=/Users/susanpadath/Desktop/eventbooking/target/surefire/surefirebooter-20260317213954065_3.jar, jakarta.persistence.validation.mode=AUTO, hibernate.hbm2ddl.auto=create-drop, sun.management.compiler=HotSpot 64-Bit Tiered Compilers, ftp.nonProxyHosts=local|*.local|169.254/16|*.169.254/16, java.runtime.version=17.0.18+8, user.name=susanpadath, path.separator=:, os.version=15.6.1, java.runtime.name=OpenJDK Runtime Environment, file.encoding=UTF-8, FILE_LOG_PATTERN=%d{yyyy-MM-dd HH:mm:ss} [%thread] %-5level %logger{36} - %msg%n, java.vm.name=OpenJDK 64-Bit Server VM, hibernate.show_sql=true, java.vendor.version=Temurin-17.0.18+8, localRepository=/Users/susanpadath/.m2/repository, java.vendor.url.bug=https://github.com/adoptium/adoptium-support/issues, java.io.tmpdir=/var/folders/6g/fh4gmb2n2kz_kxjxfv30pqf80000gn/T/, java.version=17.0.18, hibernate.physical_naming_strategy=org.hibernate.boot.model.naming.CamelCaseToUnderscoresNamingStrategy, user.dir=/Users/susanpadath/Desktop/eventbooking, os.arch=aarch64, java.vm.specification.name=Java Virtual Machine Specification, PID=5667, CONSOLE_LOG_CHARSET=UTF-8, hibernate.boot.CfgXmlAccessService.key=org.hibernate.boot.registry.StandardServiceRegistryBuilder$1@30a62a5b, native.encoding=UTF-8, java.library.path=/Users/susanpadath/Library/Java/Extensions:/Library/Java/Extensions:/Network/Library/Java/Extensions:/System/Library/Java/Extensions:/usr/lib/java:., java.vendor=Eclipse Adoptium, java.vm.info=mixed mode, sharing, java.vm.version=17.0.18+8, java.specification.maintenance.version=1, sun.io.unicode.encoding=UnicodeBig, hibernate.archive.scanner=org.hibernate.boot.archive.scan.internal.DisabledScanner, hibernate.connection.datasource=HikariDataSource (HikariPool-1), socksNonProxyHosts=local|*.local|169.254/16|*.169.254/16, CONSOLE_LOG_PATTERN=%d{yyyy-MM-dd HH:mm:ss} - %msg%n, java.class.version=61.0, LOGGED_APPLICATION_NAME=[eventbooking] }
2026-03-17 21:39:56 - Session factory constructed with filter configurations : {}
2026-03-17 21:39:56 - Registered SqmFunctionTemplate [NamedSqmFunctionTemplate(max)] under max; prior registration was null
2026-03-17 21:39:56 - Registered SqmFunctionTemplate [NamedSqmFunctionTemplate(min)] under min; prior registration was null
2026-03-17 21:39:56 - Registered SqmFunctionTemplate [NamedSqmFunctionTemplate(sum)] under sum; prior registration was null
2026-03-17 21:39:56 - Registered SqmFunctionTemplate [NamedSqmFunctionTemplate(avg)] under avg; prior registration was null
2026-03-17 21:39:56 - Registered SqmFunctionTemplate [org.hibernate.dialect.function.CountFunction@688d2a5d] under count; prior registration was null
2026-03-17 21:39:56 - Registered SqmFunctionTemplate [org.hibernate.dialect.function.EveryAnyEmulation@2507a170] under every; prior registration was null
2026-03-17 21:39:56 - Registered SqmFunctionTemplate [org.hibernate.dialect.function.EveryAnyEmulation@7e20f4e3] under any; prior registration was null
2026-03-17 21:39:56 - Registered SqmFunctionTemplate [NamedSqmFunctionTemplate(floor)] under floor; prior registration was null
2026-03-17 21:39:56 - Registered SqmFunctionTemplate [NamedSqmFunctionTemplate(ceiling)] under ceiling; prior registration was null
2026-03-17 21:39:56 - Registered SqmFunctionTemplate [NamedSqmFunctionTemplate(mod)] under mod; prior registration was null
2026-03-17 21:39:56 - Registered SqmFunctionTemplate [NamedSqmFunctionTemplate(abs)] under abs; prior registration was null
2026-03-17 21:39:56 - Registered SqmFunctionTemplate [NamedSqmFunctionTemplate(sign)] under sign; prior registration was null
2026-03-17 21:39:56 - Registered SqmFunctionTemplate [NamedSqmFunctionTemplate(sqrt)] under sqrt; prior registration was null
2026-03-17 21:39:56 - Registered SqmFunctionTemplate [NamedSqmFunctionTemplate(ln)] under ln; prior registration was null
2026-03-17 21:39:56 - Registered SqmFunctionTemplate [NamedSqmFunctionTemplate(exp)] under exp; prior registration was null
2026-03-17 21:39:56 - Registered SqmFunctionTemplate [NamedSqmFunctionTemplate(power)] under power; prior registration was null
2026-03-17 21:39:56 - Registered SqmFunctionTemplate [NamedSqmFunctionTemplate(round)] under round; prior registration was null
2026-03-17 21:39:56 - Registered SqmFunctionTemplate [NamedSqmFunctionTemplate(sin)] under sin; prior registration was null
2026-03-17 21:39:56 - Registered SqmFunctionTemplate [NamedSqmFunctionTemplate(cos)] under cos; prior registration was null
2026-03-17 21:39:56 - Registered SqmFunctionTemplate [NamedSqmFunctionTemplate(tan)] under tan; prior registration was null
2026-03-17 21:39:56 - Registered SqmFunctionTemplate [NamedSqmFunctionTemplate(asin)] under asin; prior registration was null
2026-03-17 21:39:56 - Registered SqmFunctionTemplate [NamedSqmFunctionTemplate(acos)] under acos; prior registration was null
2026-03-17 21:39:56 - Registered SqmFunctionTemplate [NamedSqmFunctionTemplate(atan)] under atan; prior registration was null
2026-03-17 21:39:56 - Registered SqmFunctionTemplate [NamedSqmFunctionTemplate(atan2)] under atan2; prior registration was null
2026-03-17 21:39:56 - Registered SqmFunctionTemplate [org.hibernate.query.sqm.function.PatternBasedSqmFunctionDescriptor@54ca9420] under sinh; prior registration was null
2026-03-17 21:39:56 - Registered SqmFunctionTemplate [org.hibernate.query.sqm.function.PatternBasedSqmFunctionDescriptor@4ea48b2e] under cosh; prior registration was null
2026-03-17 21:39:56 - Registered SqmFunctionTemplate [org.hibernate.query.sqm.function.PatternBasedSqmFunctionDescriptor@72c704f1] under tanh; prior registration was null
2026-03-17 21:39:56 - Registered SqmFunctionTemplate [org.hibernate.query.sqm.function.PatternBasedSqmFunctionDescriptor@76f9e000] under pi; prior registration was null
2026-03-17 21:39:56 - Registered SqmFunctionTemplate [org.hibernate.query.sqm.function.PatternBasedSqmFunctionDescriptor@7612116b] under log; prior registration was null
2026-03-17 21:39:56 - Registered SqmFunctionTemplate [NamedSqmFunctionTemplate(coalesce)] under coalesce; prior registration was null
2026-03-17 21:39:56 - Registered SqmFunctionTemplate [NamedSqmFunctionTemplate(nullif)] under nullif; prior registration was null
2026-03-17 21:39:56 - Registered SqmFunctionTemplate [NamedSqmFunctionTemplate(left)] under left; prior registration was null
2026-03-17 21:39:56 - Registered SqmFunctionTemplate [NamedSqmFunctionTemplate(right)] under right; prior registration was null
2026-03-17 21:39:56 - Registered SqmFunctionTemplate [NamedSqmFunctionTemplate(replace)] under replace; prior registration was null
2026-03-17 21:39:56 - Registered SqmFunctionTemplate [NamedSqmFunctionTemplate(concat)] under concat; prior registration was null
2026-03-17 21:39:56 - Registered SqmFunctionTemplate [NamedSqmFunctionTemplate(lower)] under lower; prior registration was null
2026-03-17 21:39:56 - Registered SqmFunctionTemplate [NamedSqmFunctionTemplate(upper)] under upper; prior registration was null
2026-03-17 21:39:56 - Registered SqmFunctionTemplate [NamedSqmFunctionTemplate(substring)] under substring; prior registration was null
2026-03-17 21:39:56 - Registered SqmFunctionTemplate [NamedSqmFunctionTemplate(locate)] under locate; prior registration was null
2026-03-17 21:39:56 - Registered SqmFunctionTemplate [NamedSqmFunctionTemplate(character_length)] under character_length; prior registration was null
2026-03-17 21:39:56 - Registering alternate key : length -> character_length
2026-03-17 21:39:56 - Registered SqmFunctionTemplate [org.hibernate.dialect.function.LocatePositionEmulation@16ef1160] under position; prior registration was null
2026-03-17 21:39:56 - Registered SqmFunctionTemplate [org.hibernate.dialect.function.InsertSubstringOverlayEmulation@1fca53a7] under overlay; prior registration was null
2026-03-17 21:39:56 - Registered SqmFunctionTemplate [org.hibernate.dialect.function.TrimFunction@1280bae3] under trim; prior registration was null
2026-03-17 21:39:56 - Registered SqmFunctionTemplate [org.hibernate.dialect.function.CastFunction@4780341] under cast; prior registration was null
2026-03-17 21:39:56 - Registered SqmFunctionTemplate [org.hibernate.query.sqm.function.PatternBasedSqmFunctionDescriptor@3c910acd] under collate; prior registration was null
2026-03-17 21:39:56 - Registered SqmFunctionTemplate [org.hibernate.dialect.function.ExtractFunction@79273a4f] under extract; prior registration was null
2026-03-17 21:39:56 - Registered SqmFunctionTemplate [NamedSqmFunctionTemplate(least)] under least; prior registration was null
2026-03-17 21:39:56 - Registered SqmFunctionTemplate [NamedSqmFunctionTemplate(greatest)] under greatest; prior registration was null
2026-03-17 21:39:56 - Registered SqmFunctionTemplate [org.hibernate.dialect.function.CoalesceIfnullEmulation@7981963f] under ifnull; prior registration was null
2026-03-17 21:39:56 - Registered SqmFunctionTemplate [NamedSqmFunctionTemplate(lpad)] under lpad; prior registration was null
2026-03-17 21:39:56 - Registered SqmFunctionTemplate [NamedSqmFunctionTemplate(rpad)] under rpad; prior registration was null
2026-03-17 21:39:56 - Registered SqmFunctionTemplate [org.hibernate.dialect.function.LpadRpadPadEmulation@66944c7c] under pad; prior registration was null
2026-03-17 21:39:56 - Registered SqmFunctionTemplate [org.hibernate.dialect.function.CastStrEmulation@2cd5b19c] under str; prior registration was null
2026-03-17 21:39:56 - Registered SqmFunctionTemplate [org.hibernate.dialect.function.FormatFunction@1e23ee0e] under format; prior registration was null
2026-03-17 21:39:56 - Registered SqmFunctionTemplate [org.hibernate.dialect.function.TimestampaddFunction@fee7ca] under timestampadd; prior registration was null
2026-03-17 21:39:56 - Registered SqmFunctionTemplate [org.hibernate.dialect.function.TimestampdiffFunction@67784537] under timestampdiff; prior registration was null
2026-03-17 21:39:56 - Registering alternate key : dateadd -> timestampadd
2026-03-17 21:39:56 - Registering alternate key : datediff -> timestampdiff
2026-03-17 21:39:56 - Registered SqmFunctionTemplate [org.hibernate.dialect.function.CurrentFunction@49d979c4] under current_date; prior registration was null
2026-03-17 21:39:56 - Registered SqmFunctionTemplate [org.hibernate.dialect.function.CurrentFunction@3cb173db] under current_time; prior registration was null
2026-03-17 21:39:56 - Registered SqmFunctionTemplate [org.hibernate.dialect.function.CurrentFunction@26712838] under current_timestamp; prior registration was null
2026-03-17 21:39:56 - Registering alternate key : current date -> current_date
2026-03-17 21:39:56 - Registering alternate key : current time -> current_time
2026-03-17 21:39:56 - Registering alternate key : current timestamp -> current_timestamp
2026-03-17 21:39:56 - Registered SqmFunctionTemplate [org.hibernate.dialect.function.CurrentFunction@249a45fd] under local_date; prior registration was null
2026-03-17 21:39:56 - Registered SqmFunctionTemplate [org.hibernate.dialect.function.CurrentFunction@268f0ff3] under local_time; prior registration was null
2026-03-17 21:39:56 - Registered SqmFunctionTemplate [org.hibernate.dialect.function.CurrentFunction@11978f52] under local_datetime; prior registration was null
2026-03-17 21:39:56 - Registered SqmFunctionTemplate [org.hibernate.dialect.function.CurrentFunction@3e0855b0] under offset_datetime; prior registration was null
2026-03-17 21:39:56 - Registering alternate key : local date -> local_date
2026-03-17 21:39:56 - Registering alternate key : local time -> local_time
2026-03-17 21:39:56 - Registering alternate key : local datetime -> local_datetime
2026-03-17 21:39:56 - Registering alternate key : offset datetime -> offset_datetime
2026-03-17 21:39:56 - Registered SqmFunctionTemplate [org.hibernate.dialect.function.CurrentFunction@484b5a21] under instant; prior registration was null
2026-03-17 21:39:56 - Registering alternate key : current_instant -> instant
2026-03-17 21:39:56 - Registered SqmFunctionTemplate [org.hibernate.dialect.function.SqlFunction@55746340] under sql; prior registration was null
2026-03-17 21:39:56 - Registered SqmFunctionTemplate [NamedSqmFunctionTemplate(soundex)] under soundex; prior registration was null
2026-03-17 21:39:56 - Registered SqmFunctionTemplate [NamedSqmFunctionTemplate(radians)] under radians; prior registration was null
2026-03-17 21:39:56 - Registered SqmFunctionTemplate [NamedSqmFunctionTemplate(degrees)] under degrees; prior registration was null
2026-03-17 21:39:56 - Registered SqmFunctionTemplate [NamedSqmFunctionTemplate(cot)] under cot; prior registration was null
2026-03-17 21:39:56 - Registered SqmFunctionTemplate [NamedSqmFunctionTemplate(log)] under log; prior registration was org.hibernate.query.sqm.function.PatternBasedSqmFunctionDescriptor@7612116b
2026-03-17 21:39:56 - Registered SqmFunctionTemplate [NamedSqmFunctionTemplate(log2)] under log2; prior registration was null
2026-03-17 21:39:56 - Registered SqmFunctionTemplate [NamedSqmFunctionTemplate(log10)] under log10; prior registration was null
2026-03-17 21:39:56 - Registered SqmFunctionTemplate [NamedSqmFunctionTemplate(ltrim)] under ltrim; prior registration was null
2026-03-17 21:39:56 - Registered SqmFunctionTemplate [NamedSqmFunctionTemplate(rtrim)] under rtrim; prior registration was null
2026-03-17 21:39:56 - Registered SqmFunctionTemplate [NamedSqmFunctionTemplate(octet_length)] under octet_length; prior registration was null
2026-03-17 21:39:56 - Registered SqmFunctionTemplate [NamedSqmFunctionTemplate(reverse)] under reverse; prior registration was null
2026-03-17 21:39:56 - Registered SqmFunctionTemplate [NamedSqmFunctionTemplate(space)] under space; prior registration was null
2026-03-17 21:39:56 - Registered SqmFunctionTemplate [NamedSqmFunctionTemplate(repeat)] under repeat; prior registration was null
2026-03-17 21:39:56 - Registered SqmFunctionTemplate [org.hibernate.query.sqm.function.MultipatternSqmFunctionDescriptor@2bc2e022] under lpad; prior registration was NamedSqmFunctionTemplate(lpad)
2026-03-17 21:39:56 - Registered SqmFunctionTemplate [org.hibernate.query.sqm.function.MultipatternSqmFunctionDescriptor@2210e466] under rpad; prior registration was NamedSqmFunctionTemplate(rpad)
2026-03-17 21:39:56 - Registered SqmFunctionTemplate [NamedSqmFunctionTemplate(md5)] under md5; prior registration was null
2026-03-17 21:39:56 - Registered SqmFunctionTemplate [NamedSqmFunctionTemplate(day)] under day; prior registration was null
2026-03-17 21:39:56 - Registered SqmFunctionTemplate [NamedSqmFunctionTemplate(month)] under month; prior registration was null
2026-03-17 21:39:56 - Registered SqmFunctionTemplate [NamedSqmFunctionTemplate(year)] under year; prior registration was null
2026-03-17 21:39:56 - Registered SqmFunctionTemplate [NamedSqmFunctionTemplate(hour)] under hour; prior registration was null
2026-03-17 21:39:56 - Registered SqmFunctionTemplate [NamedSqmFunctionTemplate(minute)] under minute; prior registration was null
2026-03-17 21:39:56 - Registered SqmFunctionTemplate [NamedSqmFunctionTemplate(second)] under second; prior registration was null
2026-03-17 21:39:56 - Registered SqmFunctionTemplate [NamedSqmFunctionTemplate(microsecond)] under microsecond; prior registration was null
2026-03-17 21:39:56 - Registered SqmFunctionTemplate [NamedSqmFunctionTemplate(dayofweek)] under dayofweek; prior registration was null
2026-03-17 21:39:56 - Registered SqmFunctionTemplate [NamedSqmFunctionTemplate(dayofmonth)] under dayofmonth; prior registration was null
2026-03-17 21:39:56 - Registering alternate key : day -> dayofmonth
2026-03-17 21:39:56 - Registered SqmFunctionTemplate [NamedSqmFunctionTemplate(dayofyear)] under dayofyear; prior registration was null
2026-03-17 21:39:56 - Registered SqmFunctionTemplate [NamedSqmFunctionTemplate(week)] under week; prior registration was null
2026-03-17 21:39:56 - Registered SqmFunctionTemplate [NamedSqmFunctionTemplate(quarter)] under quarter; prior registration was null
2026-03-17 21:39:56 - Registered SqmFunctionTemplate [NamedSqmFunctionTemplate(monthname)] under monthname; prior registration was null
2026-03-17 21:39:56 - Registered SqmFunctionTemplate [NamedSqmFunctionTemplate(dayname)] under dayname; prior registration was null
2026-03-17 21:39:56 - Registered SqmFunctionTemplate [NamedSqmFunctionTemplate(last_day)] under last_day; prior registration was null
2026-03-17 21:39:56 - Registered SqmFunctionTemplate [NamedSqmFunctionTemplate(date)] under date; prior registration was null
2026-03-17 21:39:56 - Registered SqmFunctionTemplate [NamedSqmFunctionTemplate(timestamp)] under timestamp; prior registration was null
2026-03-17 21:39:56 - Registered SqmFunctionTemplate [NamedSqmFunctionTemplate(time)] under time; prior registration was null
2026-03-17 21:39:56 - Registered SqmFunctionTemplate [NamedSqmFunctionTemplate(utc_date)] under utc_date; prior registration was null
2026-03-17 21:39:56 - Registered SqmFunctionTemplate [NamedSqmFunctionTemplate(utc_time)] under utc_time; prior registration was null
2026-03-17 21:39:56 - Registered SqmFunctionTemplate [NamedSqmFunctionTemplate(utc_timestamp)] under utc_timestamp; prior registration was null
2026-03-17 21:39:56 - Registered SqmFunctionTemplate [NamedSqmFunctionTemplate(rand)] under rand; prior registration was null
2026-03-17 21:39:56 - Registered SqmFunctionTemplate [NamedSqmFunctionTemplate(crc32)] under crc32; prior registration was null
2026-03-17 21:39:56 - Registered SqmFunctionTemplate [NamedSqmFunctionTemplate(sha1)] under sha1; prior registration was null
2026-03-17 21:39:56 - Registered SqmFunctionTemplate [NamedSqmFunctionTemplate(sha2)] under sha2; prior registration was null
2026-03-17 21:39:56 - Registered SqmFunctionTemplate [NamedSqmFunctionTemplate(sha)] under sha; prior registration was null
2026-03-17 21:39:56 - Registered SqmFunctionTemplate [NamedSqmFunctionTemplate(bit_length)] under bit_length; prior registration was null
2026-03-17 21:39:56 - Registered SqmFunctionTemplate [NamedSqmFunctionTemplate(octet_length)] under octet_length; prior registration was NamedSqmFunctionTemplate(octet_length)
2026-03-17 21:39:56 - Registered SqmFunctionTemplate [NamedSqmFunctionTemplate(ascii)] under ascii; prior registration was null
2026-03-17 21:39:56 - Registered SqmFunctionTemplate [NamedSqmFunctionTemplate(instr)] under instr; prior registration was null
2026-03-17 21:39:56 - Registered SqmFunctionTemplate [NamedSqmFunctionTemplate(substr)] under substr; prior registration was null
2026-03-17 21:39:56 - Registered SqmFunctionTemplate [org.hibernate.query.sqm.function.PatternBasedSqmFunctionDescriptor@be1c08a] under position; prior registration was org.hibernate.dialect.function.LocatePositionEmulation@16ef1160
2026-03-17 21:39:56 - Registered SqmFunctionTemplate [NamedSqmFunctionTemplate(curtime)] under curtime; prior registration was null
2026-03-17 21:39:56 - Registered SqmFunctionTemplate [NamedSqmFunctionTemplate(curdate)] under curdate; prior registration was null
2026-03-17 21:39:56 - Registered SqmFunctionTemplate [NamedSqmFunctionTemplate(now)] under now; prior registration was null
2026-03-17 21:39:56 - Registered SqmFunctionTemplate [org.hibernate.dialect.function.TruncFunction@4ec27c4c] under trunc; prior registration was null
2026-03-17 21:39:56 - Registering alternate key : truncate -> trunc
2026-03-17 21:39:56 - Registered SqmFunctionTemplate [NamedSqmFunctionTemplate(insert)] under insert; prior registration was null
2026-03-17 21:39:56 - Registered SqmFunctionTemplate [org.hibernate.query.sqm.function.PatternBasedSqmFunctionDescriptor@12200670] under bitand; prior registration was null
2026-03-17 21:39:56 - Registered SqmFunctionTemplate [org.hibernate.query.sqm.function.PatternBasedSqmFunctionDescriptor@5e80d5] under bitor; prior registration was null
2026-03-17 21:39:56 - Registered SqmFunctionTemplate [org.hibernate.query.sqm.function.PatternBasedSqmFunctionDescriptor@257b3561] under bitxor; prior registration was null
2026-03-17 21:39:56 - Registered SqmFunctionTemplate [org.hibernate.query.sqm.function.PatternBasedSqmFunctionDescriptor@78861d9e] under bitnot; prior registration was null
2026-03-17 21:39:56 - Registered SqmFunctionTemplate [NamedSqmFunctionTemplate(bit_and)] under bit_and; prior registration was null
2026-03-17 21:39:56 - Registered SqmFunctionTemplate [NamedSqmFunctionTemplate(bit_or)] under bit_or; prior registration was null
2026-03-17 21:39:56 - Registered SqmFunctionTemplate [NamedSqmFunctionTemplate(stddev)] under stddev; prior registration was null
2026-03-17 21:39:56 - Registered SqmFunctionTemplate [NamedSqmFunctionTemplate(stddev_pop)] under stddev_pop; prior registration was null
2026-03-17 21:39:56 - Registered SqmFunctionTemplate [NamedSqmFunctionTemplate(stddev_samp)] under stddev_samp; prior registration was null
2026-03-17 21:39:56 - Registered SqmFunctionTemplate [NamedSqmFunctionTemplate(variance)] under variance; prior registration was null
2026-03-17 21:39:56 - Registered SqmFunctionTemplate [NamedSqmFunctionTemplate(var_pop)] under var_pop; prior registration was null
2026-03-17 21:39:56 - Registered SqmFunctionTemplate [NamedSqmFunctionTemplate(var_samp)] under var_samp; prior registration was null
2026-03-17 21:39:56 - Registered SqmFunctionTemplate [NamedSqmFunctionTemplate(datediff)] under datediff; prior registration was null
2026-03-17 21:39:56 - Registered SqmFunctionTemplate [NamedSqmFunctionTemplate(adddate)] under adddate; prior registration was null
2026-03-17 21:39:56 - Registered SqmFunctionTemplate [NamedSqmFunctionTemplate(subdate)] under subdate; prior registration was null
2026-03-17 21:39:56 - Registered SqmFunctionTemplate [NamedSqmFunctionTemplate(addtime)] under addtime; prior registration was null
2026-03-17 21:39:56 - Registered SqmFunctionTemplate [NamedSqmFunctionTemplate(subtime)] under subtime; prior registration was null
2026-03-17 21:39:56 - Registered SqmFunctionTemplate [org.hibernate.dialect.function.FormatFunction@6a878778] under format; prior registration was org.hibernate.dialect.function.FormatFunction@1e23ee0e
2026-03-17 21:39:56 - Registered SqmFunctionTemplate [NamedSqmFunctionTemplate(makedate)] under makedate; prior registration was null
2026-03-17 21:39:56 - Registered SqmFunctionTemplate [NamedSqmFunctionTemplate(maketime)] under maketime; prior registration was null
2026-03-17 21:39:56 - Registered SqmFunctionTemplate [NamedSqmFunctionTemplate(localtime)] under localtime; prior registration was null
2026-03-17 21:39:56 - Registered SqmFunctionTemplate [NamedSqmFunctionTemplate(localtimestamp)] under localtimestamp; prior registration was null
2026-03-17 21:39:56 - Registered SqmFunctionTemplate [NamedSqmFunctionTemplate(localtime)] under local_time; prior registration was org.hibernate.dialect.function.CurrentFunction@268f0ff3
2026-03-17 21:39:56 - Registered SqmFunctionTemplate [NamedSqmFunctionTemplate(localtimestamp)] under local_datetime; prior registration was org.hibernate.dialect.function.CurrentFunction@11978f52
2026-03-17 21:39:56 - Registered SqmFunctionTemplate [NamedSqmFunctionTemplate(localtime)] under localtime; prior registration was NamedSqmFunctionTemplate(localtime)
2026-03-17 21:39:56 - Registered SqmFunctionTemplate [org.hibernate.query.sqm.function.PatternBasedSqmFunctionDescriptor@1eabfad5] under pi; prior registration was org.hibernate.query.sqm.function.PatternBasedSqmFunctionDescriptor@76f9e000
2026-03-17 21:39:56 - Registered SqmFunctionTemplate [org.hibernate.query.sqm.function.PatternBasedSqmFunctionDescriptor@6207145c] under chr; prior registration was null
2026-03-17 21:39:56 - Registering alternate key : char -> chr
2026-03-17 21:39:56 - Registered SqmFunctionTemplate [org.hibernate.query.sqm.function.PatternBasedSqmFunctionDescriptor@2a259f6f] under sysdate; prior registration was null
2026-03-17 21:39:56 - Registered SqmFunctionTemplate [org.hibernate.dialect.function.ListaggGroupConcatEmulation@61d42275] under listagg; prior registration was null
2026-03-17 21:39:56 - abs(NUMERIC arg)
2026-03-17 21:39:56 - Double acos(NUMERIC arg)
2026-03-17 21:39:56 - adddate(DATE datetime, INTEGER days)
2026-03-17 21:39:56 - addtime(TIME datetime, TIME time)
2026-03-17 21:39:56 - Boolean any(BOOLEAN arg)
2026-03-17 21:39:56 - Integer ascii(STRING arg)
2026-03-17 21:39:56 - Double asin(NUMERIC arg)
2026-03-17 21:39:56 - Double atan(NUMERIC arg)
2026-03-17 21:39:56 - Double atan2(NUMERIC arg0, NUMERIC arg1)
2026-03-17 21:39:56 - avg(arg)
2026-03-17 21:39:56 - bit_and(arg)
2026-03-17 21:39:56 - Integer bit_length(STRING_OR_CLOB arg)
2026-03-17 21:39:56 - bit_or(arg)
2026-03-17 21:39:56 - bitand(arg0, arg1)
2026-03-17 21:39:56 - bitnot(arg)
2026-03-17 21:39:56 - bitor(arg0, arg1)
2026-03-17 21:39:56 - bitxor(arg0, arg1)
2026-03-17 21:39:56 - cast(arg as Type)
2026-03-17 21:39:56 - ceiling(NUMERIC arg)
2026-03-17 21:39:56 - Character char(INTEGER arg)
2026-03-17 21:39:56 - Integer character_length(STRING_OR_CLOB arg)
2026-03-17 21:39:56 - Character chr(INTEGER arg)
2026-03-17 21:39:56 - coalesce(arg0[, arg1[, ...]])
2026-03-17 21:39:56 - String collate(STRING string as COLLATION collation)
2026-03-17 21:39:56 - String concat(STRING string0[, STRING string1[, ...]])
2026-03-17 21:39:56 - Double cos(NUMERIC arg)
2026-03-17 21:39:56 - Double cosh(NUMERIC arg)
2026-03-17 21:39:56 - Double cot(NUMERIC arg)
2026-03-17 21:39:56 - Long count([distinct ]{arg|*})
2026-03-17 21:39:56 - Integer crc32(arg)
2026-03-17 21:39:56 - Date curdate()
2026-03-17 21:39:56 - Date current date
2026-03-17 21:39:56 - Time current time
2026-03-17 21:39:56 - Timestamp current timestamp
2026-03-17 21:39:56 - Date current_date
2026-03-17 21:39:56 - Instant current_instant
2026-03-17 21:39:56 - Time current_time
2026-03-17 21:39:56 - Timestamp current_timestamp
2026-03-17 21:39:56 - Time curtime()
2026-03-17 21:39:56 - Date date(arg)
2026-03-17 21:39:56 - dateadd(TEMPORAL_UNIT field, INTEGER magnitude, TEMPORAL datetime)
2026-03-17 21:39:56 - Integer datediff(DATE end, DATE start)
2026-03-17 21:39:56 - Integer day(DATE arg)
2026-03-17 21:39:56 - String dayname(DATE arg)
2026-03-17 21:39:56 - Integer dayofmonth(DATE arg)
2026-03-17 21:39:56 - Integer dayofweek(DATE arg)
2026-03-17 21:39:56 - Integer dayofyear(DATE arg)
2026-03-17 21:39:56 - Double degrees(NUMERIC arg)
2026-03-17 21:39:56 - Boolean every(BOOLEAN arg)
2026-03-17 21:39:56 - Double exp(NUMERIC arg)
2026-03-17 21:39:56 - extract(TEMPORAL_UNIT field from TEMPORAL arg)
2026-03-17 21:39:56 - floor(NUMERIC arg)
2026-03-17 21:39:56 - String format(TEMPORAL datetime as STRING pattern)
2026-03-17 21:39:56 - greatest(COMPARABLE arg0, COMPARABLE arg1[, arg2[, ...]])
2026-03-17 21:39:56 - Integer hour(TIME arg)
2026-03-17 21:39:56 - ifnull(arg0, arg1)
2026-03-17 21:39:56 - String insert(STRING string, INTEGER start, INTEGER length, STRING replacement)
2026-03-17 21:39:56 - Instant instant
2026-03-17 21:39:56 - Integer instr(STRING string, STRING pattern[, INTEGER start[, INTEGER occurrence]])
2026-03-17 21:39:56 - Date last_day(DATE arg)
2026-03-17 21:39:56 - least(COMPARABLE arg0, COMPARABLE arg1[, arg2[, ...]])
2026-03-17 21:39:56 - String left(STRING string, INTEGER length)
2026-03-17 21:39:56 - Integer length(STRING_OR_CLOB arg)
2026-03-17 21:39:56 - String listagg(STRING arg0, STRING arg1)
2026-03-17 21:39:56 - Double ln(NUMERIC arg)
2026-03-17 21:39:56 - LocalDate local date
2026-03-17 21:39:56 - LocalDateTime local datetime
2026-03-17 21:39:56 - LocalTime local time
2026-03-17 21:39:56 - LocalDate local_date
2026-03-17 21:39:56 - LocalDateTime local_datetime
2026-03-17 21:39:56 - LocalTime local_time
2026-03-17 21:39:56 - Timestamp localtime
2026-03-17 21:39:56 - Timestamp localtimestamp
2026-03-17 21:39:56 - Integer locate(STRING pattern, STRING string[, INTEGER start])
2026-03-17 21:39:56 - Double log(NUMERIC arg0[, NUMERIC arg1])
2026-03-17 21:39:56 - Double log10(NUMERIC arg)
2026-03-17 21:39:56 - Double log2(NUMERIC arg)
2026-03-17 21:39:56 - String lower(STRING string)
2026-03-17 21:39:56 - String lpad(string, length[, padding])
2026-03-17 21:39:56 - String ltrim(STRING string[, STRING characters])
2026-03-17 21:39:56 - Date makedate(INTEGER year, INTEGER dayofyear)
2026-03-17 21:39:56 - Time maketime(INTEGER hour, INTEGER min, INTEGER sec)
2026-03-17 21:39:56 - max(COMPARABLE arg)
2026-03-17 21:39:56 - String md5(arg)
2026-03-17 21:39:56 - Integer microsecond(TIME arg)
2026-03-17 21:39:56 - min(COMPARABLE arg)
2026-03-17 21:39:56 - Integer minute(TIME arg)
2026-03-17 21:39:56 - Integer mod(INTEGER arg0, INTEGER arg1)
2026-03-17 21:39:56 - Integer month(DATE arg)
2026-03-17 21:39:56 - String monthname(DATE arg)
2026-03-17 21:39:56 - Timestamp now()
2026-03-17 21:39:56 - nullif(arg0, arg1)
2026-03-17 21:39:56 - Integer octet_length(STRING_OR_CLOB arg)
2026-03-17 21:39:56 - OffsetDateTime offset datetime
2026-03-17 21:39:56 - OffsetDateTime offset_datetime
2026-03-17 21:39:56 - String overlay(STRING string placing STRING replacement from INTEGER start[ for INTEGER length])
2026-03-17 21:39:56 - String pad(STRING string with INTEGER length {leading|trailing}[ STRING character])
2026-03-17 21:39:56 - Double pi
2026-03-17 21:39:56 - Integer position(STRING pattern in STRING string)
2026-03-17 21:39:56 - Double power(NUMERIC arg0, NUMERIC arg1)
2026-03-17 21:39:56 - Integer quarter(DATE arg)
2026-03-17 21:39:56 - Double radians(NUMERIC arg)
2026-03-17 21:39:56 - Double rand([INTEGER seed])
2026-03-17 21:39:56 - String repeat(STRING string, INTEGER times)
2026-03-17 21:39:56 - String replace(STRING string, STRING pattern, STRING replacement)
2026-03-17 21:39:56 - String reverse(STRING arg)
2026-03-17 21:39:56 - String right(STRING string, INTEGER length)
2026-03-17 21:39:56 - round(NUMERIC number[, INTEGER places])
2026-03-17 21:39:56 - String rpad(string, length[, padding])
2026-03-17 21:39:56 - String rtrim(STRING string[, STRING characters])
2026-03-17 21:39:56 - Integer second(TIME arg)
2026-03-17 21:39:56 - String sha(arg)
2026-03-17 21:39:56 - String sha1(arg)
2026-03-17 21:39:56 - String sha2(arg0, arg1)
2026-03-17 21:39:56 - Integer sign(NUMERIC arg)
2026-03-17 21:39:56 - Double sin(NUMERIC arg)
2026-03-17 21:39:56 - Double sinh(NUMERIC arg)
2026-03-17 21:39:56 - String soundex(arg)
2026-03-17 21:39:56 - String space(INTEGER arg)
2026-03-17 21:39:56 - Object sql
2026-03-17 21:39:56 - Double sqrt(NUMERIC arg)
2026-03-17 21:39:56 - Double stddev(NUMERIC arg)
2026-03-17 21:39:56 - Double stddev_pop(NUMERIC arg)
2026-03-17 21:39:56 - Double stddev_samp(NUMERIC arg)
2026-03-17 21:39:56 - String str(arg)
2026-03-17 21:39:56 - subdate(DATE datetime, INTEGER days)
2026-03-17 21:39:56 - String substr(STRING string, INTEGER start[, INTEGER length])
2026-03-17 21:39:56 - String substring(STRING string{ from|,} INTEGER start[{ for|,} INTEGER length])
2026-03-17 21:39:56 - subtime(TIME datetime, TIME time)
2026-03-17 21:39:56 - sum(arg)
2026-03-17 21:39:56 - Timestamp sysdate()
2026-03-17 21:39:56 - Double tan(NUMERIC arg)
2026-03-17 21:39:56 - Double tanh(NUMERIC arg)
2026-03-17 21:39:56 - String time(arg)
2026-03-17 21:39:56 - Timestamp timestamp(arg0[, arg1])
2026-03-17 21:39:56 - timestampadd(TEMPORAL_UNIT field, INTEGER magnitude, TEMPORAL datetime)
2026-03-17 21:39:56 - Long|Double timestampdiff(TEMPORAL_UNIT field, TEMPORAL start, TEMPORAL end)
2026-03-17 21:39:56 - String trim([[{leading|trailing|both} ][STRING arg0 ]from] STRING arg1)
2026-03-17 21:39:56 - trunc( ... )
2026-03-17 21:39:56 - truncate( ... )
2026-03-17 21:39:56 - String upper(STRING string)
2026-03-17 21:39:56 - Date utc_date
2026-03-17 21:39:56 - Time utc_time
2026-03-17 21:39:56 - Timestamp utc_timestamp
2026-03-17 21:39:56 - Double var_pop(NUMERIC arg)
2026-03-17 21:39:56 - Double var_samp(NUMERIC arg)
2026-03-17 21:39:56 - Double variance(NUMERIC arg)
2026-03-17 21:39:56 - Integer week(DATE arg)
2026-03-17 21:39:56 - Integer year(DATE arg)
2026-03-17 21:39:56 - Starting QueryInterpretationCache(2048)
2026-03-17 21:39:56 - EventListenerRegistry access via ServiceRegistry is deprecated.  Use `sessionFactory.getEventEngine().getListenerRegistry()` instead
2026-03-17 21:39:56 - Configured EntityCopyObserver strategy: disallow
2026-03-17 21:39:56 - To-one property `com.susan.eventbooking.model.Booking#event` was mapped with LAZY + NO_PROXY but the class was not enhanced
2026-03-17 21:39:56 - To-one property `com.susan.eventbooking.model.Booking#event` was mapped with LAZY + NO_PROXY but the class was not enhanced
2026-03-17 21:39:56 - To-one property `com.susan.eventbooking.model.Booking#user` was mapped with LAZY + NO_PROXY but the class was not enhanced
2026-03-17 21:39:56 - To-one property `com.susan.eventbooking.model.Booking#user` was mapped with LAZY + NO_PROXY but the class was not enhanced
2026-03-17 21:39:56 - Not known whether passed class name [com.susan.eventbooking.model.Booking] is safe
2026-03-17 21:39:56 - No temp ClassLoader provided; using live ClassLoader for loading potentially unsafe class : com.susan.eventbooking.model.Booking
2026-03-17 21:39:56 - HHH000513: Unable to create the ReflectionOptimizer for [com.susan.eventbooking.model.Booking]: private accessor [bookingTime]
2026-03-17 21:39:56 - To-one property `com.susan.eventbooking.model.Booking#event` was mapped with LAZY + NO_PROXY but the class was not enhanced
2026-03-17 21:39:56 - To-one property `com.susan.eventbooking.model.Booking#user` was mapped with LAZY + NO_PROXY but the class was not enhanced
2026-03-17 21:39:56 - To-one property `com.susan.eventbooking.model.Event#createdBy` was mapped with LAZY + NO_PROXY but the class was not enhanced
2026-03-17 21:39:56 - To-one property `com.susan.eventbooking.model.Event#createdBy` was mapped with LAZY + NO_PROXY but the class was not enhanced
2026-03-17 21:39:56 - Not known whether passed class name [com.susan.eventbooking.model.Event] is safe
2026-03-17 21:39:56 - No temp ClassLoader provided; using live ClassLoader for loading potentially unsafe class : com.susan.eventbooking.model.Event
2026-03-17 21:39:56 - HHH000513: Unable to create the ReflectionOptimizer for [com.susan.eventbooking.model.Event]: private accessor [bookings]
2026-03-17 21:39:56 - To-one property `com.susan.eventbooking.model.Event#createdBy` was mapped with LAZY + NO_PROXY but the class was not enhanced
2026-03-17 21:39:56 - Not known whether passed class name [com.susan.eventbooking.model.User] is safe
2026-03-17 21:39:56 - No temp ClassLoader provided; using live ClassLoader for loading potentially unsafe class : com.susan.eventbooking.model.User
2026-03-17 21:39:56 - HHH000513: Unable to create the ReflectionOptimizer for [com.susan.eventbooking.model.User]: private accessor [bookings]
2026-03-17 21:39:56 - Skipping collection (re)creation - com.susan.eventbooking.model.User.events
2026-03-17 21:39:56 - Skipping collection row deletions - com.susan.eventbooking.model.User.events
2026-03-17 21:39:56 - Skipping collection removals - com.susan.eventbooking.model.User.events
2026-03-17 21:39:56 - Skipping collection (re)creation - com.susan.eventbooking.model.Event.bookings
2026-03-17 21:39:56 - Skipping collection row deletions - com.susan.eventbooking.model.Event.bookings
2026-03-17 21:39:56 - Skipping collection removals - com.susan.eventbooking.model.Event.bookings
2026-03-17 21:39:56 - Skipping collection (re)creation - com.susan.eventbooking.model.User.bookings
2026-03-17 21:39:56 - Skipping collection row deletions - com.susan.eventbooking.model.User.bookings
2026-03-17 21:39:56 - Skipping collection removals - com.susan.eventbooking.model.User.bookings
2026-03-17 21:39:56 - Starting post-init callbacks
2026-03-17 21:39:56 - Starting PostInitCallbackEntry : To-one key - NavigableRole[com.susan.eventbooking.model.Booking.event]
2026-03-17 21:39:56 - Starting PostInitCallbackEntry : To-one key - NavigableRole[com.susan.eventbooking.model.Booking.user]
2026-03-17 21:39:56 - Starting PostInitCallbackEntry : Entity(com.susan.eventbooking.model.Booking) `staticFetchableList` generator
2026-03-17 21:39:56 - Starting PostInitCallbackEntry : PluralAttributeMapping( NavigableRole[com.susan.eventbooking.model.Event.bookings#{element}]) - element descriptor
2026-03-17 21:39:56 - Starting PostInitCallbackEntry : PluralAttributeMapping(com.susan.eventbooking.model.Event.bookings)#finishInitialization
2026-03-17 21:39:56 - Starting PostInitCallbackEntry : PluralAttributeMapping(com.susan.eventbooking.model.Event.bookings) - key descriptor
2026-03-17 21:39:56 - Starting PostInitCallbackEntry : To-one key - NavigableRole[com.susan.eventbooking.model.Event.createdBy]
2026-03-17 21:39:56 - Starting PostInitCallbackEntry : Entity(com.susan.eventbooking.model.Event) `staticFetchableList` generator
2026-03-17 21:39:56 - Starting PostInitCallbackEntry : PluralAttributeMapping( NavigableRole[com.susan.eventbooking.model.User.bookings#{element}]) - element descriptor
2026-03-17 21:39:56 - Starting PostInitCallbackEntry : PluralAttributeMapping(com.susan.eventbooking.model.User.bookings)#finishInitialization
2026-03-17 21:39:56 - Starting PostInitCallbackEntry : PluralAttributeMapping(com.susan.eventbooking.model.User.bookings) - key descriptor
2026-03-17 21:39:56 - Starting PostInitCallbackEntry : PluralAttributeMapping( NavigableRole[com.susan.eventbooking.model.User.events#{element}]) - element descriptor
2026-03-17 21:39:56 - Starting PostInitCallbackEntry : PluralAttributeMapping(com.susan.eventbooking.model.User.events)#finishInitialization
2026-03-17 21:39:56 - Starting PostInitCallbackEntry : PluralAttributeMapping(com.susan.eventbooking.model.User.events) - key descriptor
2026-03-17 21:39:56 - Starting PostInitCallbackEntry : Entity(com.susan.eventbooking.model.User) `staticFetchableList` generator
2026-03-17 21:39:56 - Starting PostInitCallbackEntry : PluralAttributeMapping( NavigableRole[com.susan.eventbooking.model.Event.bookings#{element}]) - element descriptor
2026-03-17 21:39:56 - Starting PostInitCallbackEntry : PluralAttributeMapping( NavigableRole[com.susan.eventbooking.model.User.bookings#{element}]) - element descriptor
2026-03-17 21:39:56 - Starting PostInitCallbackEntry : PluralAttributeMapping( NavigableRole[com.susan.eventbooking.model.User.events#{element}]) - element descriptor
2026-03-17 21:39:56 - Created new SQL alias : b1_0
2026-03-17 21:39:56 - Registration of TableGroup [StandardTableGroup(com.susan.eventbooking.model.Booking)] with identifierForTableGroup [com.susan.eventbooking.model.Booking] for NavigablePath [com.susan.eventbooking.model.Booking] 
2026-03-17 21:39:56 - Registration of TableGroup [org.hibernate.sql.ast.tree.from.LazyTableGroup@1b26fac2] with identifierForTableGroup [com.susan.eventbooking.model.Booking.event] for NavigablePath [com.susan.eventbooking.model.Booking.event] 
2026-03-17 21:39:56 - Created new SQL alias : e1_0
2026-03-17 21:39:56 - Registration of TableGroup [org.hibernate.sql.ast.tree.from.LazyTableGroup@69ed96e1] with identifierForTableGroup [com.susan.eventbooking.model.Booking.event.createdBy] for NavigablePath [com.susan.eventbooking.model.Booking.event.createdBy] 
2026-03-17 21:39:56 - Created new SQL alias : cb1_0
2026-03-17 21:39:56 - Registration of TableGroup [org.hibernate.sql.ast.tree.from.LazyTableGroup@593354fa] with identifierForTableGroup [com.susan.eventbooking.model.Booking.user] for NavigablePath [com.susan.eventbooking.model.Booking.user] 
2026-03-17 21:39:56 - Created new SQL alias : u1_0
2026-03-17 21:39:56 - DomainResult Graph:
 \-EntityResultImpl [com.susan.eventbooking.model.Booking]
 |  +-BasicFetch [com.susan.eventbooking.model.Booking.bookingTime]
 |  +-EntityFetchJoinedImpl [com.susan.eventbooking.model.Booking.event]
 |  +-BasicFetch [com.susan.eventbooking.model.Booking.status]
 |  \-EntityFetchJoinedImpl [com.susan.eventbooking.model.Booking.user]

2026-03-17 21:39:56 - SQL AST Tree:
    SelectStatement {
      FromClause {
        StandardTableGroup (b1 : com.susan.eventbooking.model.Booking) {
          primaryTableReference : bookings as b1_0
          TableGroupJoins {
             join LazyTableGroup (e1 : com.susan.eventbooking.model.Booking.event) {
              primaryTableReference : events as e1_0
              TableGroupJoins {
                left  join LazyTableGroup (cb1 : com.susan.eventbooking.model.Booking.event.createdBy) {
                  primaryTableReference : users as cb1_0
                }
              }
            }
             join LazyTableGroup (u1 : com.susan.eventbooking.model.Booking.user) {
              primaryTableReference : users as u1_0
            }
          }
        }
      }
    }

2026-03-17 21:39:56 - Static SQL for entity: com.susan.eventbooking.model.Booking
2026-03-17 21:39:56 -  Version select: select id from bookings where id=?
2026-03-17 21:39:56 -  Insert (0): insert into bookings (booking_time,event_id,status,user_id) values (?,?,?,?)
2026-03-17 21:39:56 -  Update (0): update bookings set booking_time=?,event_id=?,status=?,user_id=? where id=?
2026-03-17 21:39:56 -  Delete (0): delete from bookings where id=?
2026-03-17 21:39:56 - Created new SQL alias : e1_0
2026-03-17 21:39:56 - Registration of TableGroup [StandardTableGroup(com.susan.eventbooking.model.Event)] with identifierForTableGroup [com.susan.eventbooking.model.Event] for NavigablePath [com.susan.eventbooking.model.Event] 
2026-03-17 21:39:56 - Registration of TableGroup [org.hibernate.sql.ast.tree.from.LazyTableGroup@5daa621b] with identifierForTableGroup [com.susan.eventbooking.model.Event.createdBy] for NavigablePath [com.susan.eventbooking.model.Event.createdBy] 
2026-03-17 21:39:56 - Created new SQL alias : cb1_0
2026-03-17 21:39:56 - DomainResult Graph:
 \-EntityResultImpl [com.susan.eventbooking.model.Event]
 |  +-DelayedCollectionFetch [com.susan.eventbooking.model.Event.bookings]
 |  +-EntityFetchJoinedImpl [com.susan.eventbooking.model.Event.createdBy]
 |  +-BasicFetch [com.susan.eventbooking.model.Event.description]
 |  +-BasicFetch [com.susan.eventbooking.model.Event.eventDate]
 |  +-BasicFetch [com.susan.eventbooking.model.Event.location]
 |  \-BasicFetch [com.susan.eventbooking.model.Event.title]

2026-03-17 21:39:56 - SQL AST Tree:
    SelectStatement {
      FromClause {
        StandardTableGroup (e1 : com.susan.eventbooking.model.Event) {
          primaryTableReference : events as e1_0
          TableGroupJoins {
             join LazyTableGroup (cb1 : com.susan.eventbooking.model.Event.createdBy) {
              primaryTableReference : users as cb1_0
            }
          }
        }
      }
    }

2026-03-17 21:39:56 - Static SQL for entity: com.susan.eventbooking.model.Event
2026-03-17 21:39:56 -  Version select: select id from events where id=?
2026-03-17 21:39:56 -  Insert (0): insert into events (created_by,description,event_date,location,title) values (?,?,?,?,?)
2026-03-17 21:39:56 -  Update (0): update events set created_by=?,description=?,event_date=?,location=?,title=? where id=?
2026-03-17 21:39:56 -  Delete (0): delete from events where id=?
2026-03-17 21:39:56 - Created new SQL alias : u1_0
2026-03-17 21:39:56 - Registration of TableGroup [StandardTableGroup(com.susan.eventbooking.model.User)] with identifierForTableGroup [com.susan.eventbooking.model.User] for NavigablePath [com.susan.eventbooking.model.User] 
2026-03-17 21:39:56 - DomainResult Graph:
 \-EntityResultImpl [com.susan.eventbooking.model.User]
 |  +-DelayedCollectionFetch [com.susan.eventbooking.model.User.bookings]
 |  +-BasicFetch [com.susan.eventbooking.model.User.createdAt]
 |  +-BasicFetch [com.susan.eventbooking.model.User.email]
 |  +-DelayedCollectionFetch [com.susan.eventbooking.model.User.events]
 |  +-BasicFetch [com.susan.eventbooking.model.User.name]
 |  +-BasicFetch [com.susan.eventbooking.model.User.password]
 |  \-BasicFetch [com.susan.eventbooking.model.User.role]

2026-03-17 21:39:56 - SQL AST Tree:
    SelectStatement {
      FromClause {
        StandardTableGroup (u1 : com.susan.eventbooking.model.User) {
          primaryTableReference : users as u1_0
        }
      }
    }

2026-03-17 21:39:56 - Static SQL for entity: com.susan.eventbooking.model.User
2026-03-17 21:39:56 -  Version select: select id from users where id=?
2026-03-17 21:39:56 -  Insert (0): insert into users (created_at,email,name,password,role) values (?,?,?,?,?)
2026-03-17 21:39:56 -  Update (0): update users set created_at=?,email=?,name=?,password=?,role=? where id=?
2026-03-17 21:39:56 -  Delete (0): delete from users where id=?
2026-03-17 21:39:56 - Created new SQL alias : e1_0
2026-03-17 21:39:56 - Registration of TableGroup [org.hibernate.sql.ast.tree.from.OneToManyTableGroup@33e6bd36] with identifierForTableGroup [com.susan.eventbooking.model.User.events] for NavigablePath [com.susan.eventbooking.model.User.events] 
2026-03-17 21:39:56 - Registration of TableGroup [StandardTableGroup(com.susan.eventbooking.model.User.events.{element})] with identifierForTableGroup [com.susan.eventbooking.model.User.events.{element}] for NavigablePath [com.susan.eventbooking.model.User.events.{element}] 
2026-03-17 21:39:56 - Registration of TableGroup [org.hibernate.sql.ast.tree.from.LazyTableGroup@6655f3cd] with identifierForTableGroup [com.susan.eventbooking.model.User.events.{element}.createdBy] for NavigablePath [com.susan.eventbooking.model.User.events.{element}.createdBy] 
2026-03-17 21:39:56 - DomainResult Graph:
 \-CollectionDomainResult [com.susan.eventbooking.model.User.events]

2026-03-17 21:39:56 - SQL AST Tree:
    SelectStatement {
      FromClause {
        OneToManyTableGroup (e1 : com.susan.eventbooking.model.User.events) {
          primaryTableReference : events as e1_0
          TableGroupJoins {
            left  join LazyTableGroup (cb1 : com.susan.eventbooking.model.User.events.{element}.createdBy) {
            }
          }
        }
      }
    }

2026-03-17 21:39:56 - Static SQL for collection: com.susan.eventbooking.model.User.events
2026-03-17 21:39:56 - Created new SQL alias : b1_0
2026-03-17 21:39:56 - Registration of TableGroup [org.hibernate.sql.ast.tree.from.OneToManyTableGroup@19c24321] with identifierForTableGroup [com.susan.eventbooking.model.Event.bookings] for NavigablePath [com.susan.eventbooking.model.Event.bookings] 
2026-03-17 21:39:56 - Registration of TableGroup [StandardTableGroup(com.susan.eventbooking.model.Event.bookings.{element})] with identifierForTableGroup [com.susan.eventbooking.model.Event.bookings.{element}] for NavigablePath [com.susan.eventbooking.model.Event.bookings.{element}] 
2026-03-17 21:39:56 - Registration of TableGroup [org.hibernate.sql.ast.tree.from.LazyTableGroup@ba27ce6] with identifierForTableGroup [com.susan.eventbooking.model.Event.bookings.{element}.event] for NavigablePath [com.susan.eventbooking.model.Event.bookings.{element}.event] 
2026-03-17 21:39:56 - Registration of TableGroup [org.hibernate.sql.ast.tree.from.LazyTableGroup@97cb8dc] with identifierForTableGroup [com.susan.eventbooking.model.Event.bookings.{element}.user] for NavigablePath [com.susan.eventbooking.model.Event.bookings.{element}.user] 
2026-03-17 21:39:56 - Created new SQL alias : u1_0
2026-03-17 21:39:56 - DomainResult Graph:
 \-CollectionDomainResult [com.susan.eventbooking.model.Event.bookings]

2026-03-17 21:39:56 - SQL AST Tree:
    SelectStatement {
      FromClause {
        OneToManyTableGroup (b1 : com.susan.eventbooking.model.Event.bookings) {
          primaryTableReference : bookings as b1_0
          TableGroupJoins {
            left  join LazyTableGroup (e1 : com.susan.eventbooking.model.Event.bookings.{element}.event) {
            }
            left  join LazyTableGroup (u1 : com.susan.eventbooking.model.Event.bookings.{element}.user) {
              primaryTableReference : users as u1_0
            }
          }
        }
      }
    }

2026-03-17 21:39:56 - Static SQL for collection: com.susan.eventbooking.model.Event.bookings
2026-03-17 21:39:56 - Created new SQL alias : b1_0
2026-03-17 21:39:56 - Registration of TableGroup [org.hibernate.sql.ast.tree.from.OneToManyTableGroup@2dcbf825] with identifierForTableGroup [com.susan.eventbooking.model.User.bookings] for NavigablePath [com.susan.eventbooking.model.User.bookings] 
2026-03-17 21:39:56 - Registration of TableGroup [StandardTableGroup(com.susan.eventbooking.model.User.bookings.{element})] with identifierForTableGroup [com.susan.eventbooking.model.User.bookings.{element}] for NavigablePath [com.susan.eventbooking.model.User.bookings.{element}] 
2026-03-17 21:39:56 - Registration of TableGroup [org.hibernate.sql.ast.tree.from.LazyTableGroup@3516f436] with identifierForTableGroup [com.susan.eventbooking.model.User.bookings.{element}.event] for NavigablePath [com.susan.eventbooking.model.User.bookings.{element}.event] 
2026-03-17 21:39:56 - Created new SQL alias : e1_0
2026-03-17 21:39:56 - Registration of TableGroup [org.hibernate.sql.ast.tree.from.LazyTableGroup@59c00010] with identifierForTableGroup [com.susan.eventbooking.model.User.bookings.{element}.event.createdBy] for NavigablePath [com.susan.eventbooking.model.User.bookings.{element}.event.createdBy] 
2026-03-17 21:39:56 - Created new SQL alias : cb1_0
2026-03-17 21:39:56 - Registration of TableGroup [org.hibernate.sql.ast.tree.from.LazyTableGroup@244268a8] with identifierForTableGroup [com.susan.eventbooking.model.User.bookings.{element}.user] for NavigablePath [com.susan.eventbooking.model.User.bookings.{element}.user] 
2026-03-17 21:39:56 - DomainResult Graph:
 \-CollectionDomainResult [com.susan.eventbooking.model.User.bookings]

2026-03-17 21:39:56 - SQL AST Tree:
    SelectStatement {
      FromClause {
        OneToManyTableGroup (b1 : com.susan.eventbooking.model.User.bookings) {
          primaryTableReference : bookings as b1_0
          TableGroupJoins {
            left  join LazyTableGroup (e1 : com.susan.eventbooking.model.User.bookings.{element}.event) {
              primaryTableReference : events as e1_0
              TableGroupJoins {
                left  join LazyTableGroup (cb1 : com.susan.eventbooking.model.User.bookings.{element}.event.createdBy) {
                  primaryTableReference : users as cb1_0
                }
              }
            }
            left  join LazyTableGroup (u1 : com.susan.eventbooking.model.User.bookings.{element}.user) {
            }
          }
        }
      }
    }

2026-03-17 21:39:56 - Static SQL for collection: com.susan.eventbooking.model.User.bookings
2026-03-17 21:39:56 - HHH000489: No JTA platform available (set 'hibernate.transaction.jta.platform' to enable JTA platform integration)
2026-03-17 21:39:56 - Scoping TypeConfiguration [org.hibernate.type.spi.TypeConfiguration@3ff8a3ad] to SessionFactoryImplementor [org.hibernate.internal.SessionFactoryImpl@77978658]
2026-03-17 21:39:56 - Checking 0 named HQL queries
2026-03-17 21:39:56 - Checking 0 named SQL queries
2026-03-17 21:39:56 - alter table bookings drop foreign key FK2ww82bk3npaiyu9oeehwtt2q3
Hibernate: alter table bookings drop foreign key FK2ww82bk3npaiyu9oeehwtt2q3
2026-03-17 21:39:56 - GenerationTarget encountered exception accepting command : Error executing DDL "alter table bookings drop foreign key FK2ww82bk3npaiyu9oeehwtt2q3" via JDBC [Table "BOOKINGS" not found (this database is empty);]
org.hibernate.tool.schema.spi.CommandAcceptanceException: Error executing DDL "alter table bookings drop foreign key FK2ww82bk3npaiyu9oeehwtt2q3" via JDBC [Table "BOOKINGS" not found (this database is empty);]
	at org.hibernate.tool.schema.internal.exec.GenerationTargetToDatabase.accept(GenerationTargetToDatabase.java:94)
	at org.hibernate.tool.schema.internal.Helper.applySqlString(Helper.java:233)
	at org.hibernate.tool.schema.internal.Helper.applySqlStrings(Helper.java:217)
	at org.hibernate.tool.schema.internal.SchemaDropperImpl.applyConstraintDropping(SchemaDropperImpl.java:476)
	at org.hibernate.tool.schema.internal.SchemaDropperImpl.dropConstraintsTablesSequences(SchemaDropperImpl.java:242)
	at org.hibernate.tool.schema.internal.SchemaDropperImpl.dropFromMetadata(SchemaDropperImpl.java:215)
	at org.hibernate.tool.schema.internal.SchemaDropperImpl.performDrop(SchemaDropperImpl.java:185)
	at org.hibernate.tool.schema.internal.SchemaDropperImpl.doDrop(SchemaDropperImpl.java:155)
	at org.hibernate.tool.schema.internal.SchemaDropperImpl.doDrop(SchemaDropperImpl.java:115)
	at org.hibernate.tool.schema.spi.SchemaManagementToolCoordinator.performDatabaseAction(SchemaManagementToolCoordinator.java:238)
	at org.hibernate.tool.schema.spi.SchemaManagementToolCoordinator.lambda$process$5(SchemaManagementToolCoordinator.java:144)
	at java.base/java.util.HashMap.forEach(HashMap.java:1421)
	at org.hibernate.tool.schema.spi.SchemaManagementToolCoordinator.process(SchemaManagementToolCoordinator.java:141)
	at org.hibernate.boot.internal.SessionFactoryObserverForSchemaExport.sessionFactoryCreated(SessionFactoryObserverForSchemaExport.java:37)
	at org.hibernate.internal.SessionFactoryObserverChain.sessionFactoryCreated(SessionFactoryObserverChain.java:35)
	at org.hibernate.internal.SessionFactoryImpl.<init>(SessionFactoryImpl.java:322)
	at org.hibernate.boot.internal.SessionFactoryBuilderImpl.build(SessionFactoryBuilderImpl.java:457)
	at org.hibernate.jpa.boot.internal.EntityManagerFactoryBuilderImpl.build(EntityManagerFactoryBuilderImpl.java:1506)
	at org.springframework.orm.jpa.vendor.SpringHibernateJpaPersistenceProvider.createContainerEntityManagerFactory(SpringHibernateJpaPersistenceProvider.java:75)
	at org.springframework.orm.jpa.LocalContainerEntityManagerFactoryBean.createNativeEntityManagerFactory(LocalContainerEntityManagerFactoryBean.java:390)
	at org.springframework.orm.jpa.AbstractEntityManagerFactoryBean.buildNativeEntityManagerFactory(AbstractEntityManagerFactoryBean.java:409)
	at org.springframework.orm.jpa.AbstractEntityManagerFactoryBean.afterPropertiesSet(AbstractEntityManagerFactoryBean.java:396)
	at org.springframework.orm.jpa.LocalContainerEntityManagerFactoryBean.afterPropertiesSet(LocalContainerEntityManagerFactoryBean.java:366)
	at org.springframework.beans.factory.support.AbstractAutowireCapableBeanFactory.invokeInitMethods(AbstractAutowireCapableBeanFactory.java:1853)
	at org.springframework.beans.factory.support.AbstractAutowireCapableBeanFactory.initializeBean(AbstractAutowireCapableBeanFactory.java:1802)
	at org.springframework.beans.factory.support.AbstractAutowireCapableBeanFactory.doCreateBean(AbstractAutowireCapableBeanFactory.java:600)
	at org.springframework.beans.factory.support.AbstractAutowireCapableBeanFactory.createBean(AbstractAutowireCapableBeanFactory.java:522)
	at org.springframework.beans.factory.support.AbstractBeanFactory.lambda$doGetBean$0(AbstractBeanFactory.java:337)
	at org.springframework.beans.factory.support.DefaultSingletonBeanRegistry.getSingleton(DefaultSingletonBeanRegistry.java:234)
	at org.springframework.beans.factory.support.AbstractBeanFactory.doGetBean(AbstractBeanFactory.java:335)
	at org.springframework.beans.factory.support.AbstractBeanFactory.getBean(AbstractBeanFactory.java:205)
	at org.springframework.context.support.AbstractApplicationContext.finishBeanFactoryInitialization(AbstractApplicationContext.java:954)
	at org.springframework.context.support.AbstractApplicationContext.refresh(AbstractApplicationContext.java:625)
	at org.springframework.boot.SpringApplication.refresh(SpringApplication.java:754)
	at org.springframework.boot.SpringApplication.refreshContext(SpringApplication.java:456)
	at org.springframework.boot.SpringApplication.run(SpringApplication.java:335)
	at org.springframework.boot.test.context.SpringBootContextLoader.lambda$loadContext$3(SpringBootContextLoader.java:137)
	at org.springframework.util.function.ThrowingSupplier.get(ThrowingSupplier.java:58)
	at org.springframework.util.function.ThrowingSupplier.get(ThrowingSupplier.java:46)
	at org.springframework.boot.SpringApplication.withHook(SpringApplication.java:1463)
	at org.springframework.boot.test.context.SpringBootContextLoader$ContextLoaderHook.run(SpringBootContextLoader.java:553)
	at org.springframework.boot.test.context.SpringBootContextLoader.loadContext(SpringBootContextLoader.java:137)
	at org.springframework.boot.test.context.SpringBootContextLoader.loadContext(SpringBootContextLoader.java:108)
	at org.springframework.test.context.cache.DefaultCacheAwareContextLoaderDelegate.loadContextInternal(DefaultCacheAwareContextLoaderDelegate.java:225)
	at org.springframework.test.context.cache.DefaultCacheAwareContextLoaderDelegate.loadContext(DefaultCacheAwareContextLoaderDelegate.java:152)
	at org.springframework.test.context.support.DefaultTestContext.getApplicationContext(DefaultTestContext.java:130)
	at org.springframework.test.context.web.ServletTestExecutionListener.setUpRequestContextIfNecessary(ServletTestExecutionListener.java:191)
	at org.springframework.test.context.web.ServletTestExecutionListener.prepareTestInstance(ServletTestExecutionListener.java:130)
	at org.springframework.test.context.TestContextManager.prepareTestInstance(TestContextManager.java:260)
	at org.springframework.test.context.junit.jupiter.SpringExtension.postProcessTestInstance(SpringExtension.java:163)
	at org.junit.jupiter.engine.descriptor.ClassBasedTestDescriptor.lambda$invokeTestInstancePostProcessors$10(ClassBasedTestDescriptor.java:378)
	at org.junit.jupiter.engine.descriptor.ClassBasedTestDescriptor.executeAndMaskThrowable(ClassBasedTestDescriptor.java:383)
	at org.junit.jupiter.engine.descriptor.ClassBasedTestDescriptor.lambda$invokeTestInstancePostProcessors$11(ClassBasedTestDescriptor.java:378)
	at java.base/java.util.stream.ReferencePipeline$3$1.accept(ReferencePipeline.java:197)
	at java.base/java.util.stream.ReferencePipeline$2$1.accept(ReferencePipeline.java:179)
	at java.base/java.util.ArrayList$ArrayListSpliterator.forEachRemaining(ArrayList.java:1625)
	at java.base/java.util.stream.AbstractPipeline.copyInto(AbstractPipeline.java:509)
	at java.base/java.util.stream.AbstractPipeline.wrapAndCopyInto(AbstractPipeline.java:499)
	at java.base/java.util.stream.StreamSpliterators$WrappingSpliterator.forEachRemaining(StreamSpliterators.java:310)
	at java.base/java.util.stream.Streams$ConcatSpliterator.forEachRemaining(Streams.java:735)
	at java.base/java.util.stream.ReferencePipeline$Head.forEach(ReferencePipeline.java:762)
	at org.junit.jupiter.engine.descriptor.ClassBasedTestDescriptor.invokeTestInstancePostProcessors(ClassBasedTestDescriptor.java:377)
	at org.junit.jupiter.engine.descriptor.ClassBasedTestDescriptor.lambda$instantiateAndPostProcessTestInstance$6(ClassBasedTestDescriptor.java:290)
	at org.junit.platform.engine.support.hierarchical.ThrowableCollector.execute(ThrowableCollector.java:73)
	at org.junit.jupiter.engine.descriptor.ClassBasedTestDescriptor.instantiateAndPostProcessTestInstance(ClassBasedTestDescriptor.java:289)
	at org.junit.jupiter.engine.descriptor.ClassBasedTestDescriptor.lambda$testInstancesProvider$4(ClassBasedTestDescriptor.java:279)
	at java.base/java.util.Optional.orElseGet(Optional.java:364)
	at org.junit.jupiter.engine.descriptor.ClassBasedTestDescriptor.lambda$testInstancesProvider$5(ClassBasedTestDescriptor.java:278)
	at org.junit.jupiter.engine.execution.TestInstancesProvider.getTestInstances(TestInstancesProvider.java:31)
	at org.junit.jupiter.engine.descriptor.ClassBasedTestDescriptor.lambda$before$2(ClassBasedTestDescriptor.java:204)
	at org.junit.platform.engine.support.hierarchical.ThrowableCollector.execute(ThrowableCollector.java:73)
	at org.junit.jupiter.engine.descriptor.ClassBasedTestDescriptor.before(ClassBasedTestDescriptor.java:203)
	at org.junit.jupiter.engine.descriptor.ClassBasedTestDescriptor.before(ClassBasedTestDescriptor.java:85)
	at org.junit.platform.engine.support.hierarchical.NodeTestTask.lambda$executeRecursively$6(NodeTestTask.java:153)
	at org.junit.platform.engine.support.hierarchical.ThrowableCollector.execute(ThrowableCollector.java:73)
	at org.junit.platform.engine.support.hierarchical.NodeTestTask.lambda$executeRecursively$8(NodeTestTask.java:146)
	at org.junit.platform.engine.support.hierarchical.Node.around(Node.java:137)
	at org.junit.platform.engine.support.hierarchical.NodeTestTask.lambda$executeRecursively$9(NodeTestTask.java:144)
	at org.junit.platform.engine.support.hierarchical.ThrowableCollector.execute(ThrowableCollector.java:73)
	at org.junit.platform.engine.support.hierarchical.NodeTestTask.executeRecursively(NodeTestTask.java:143)
	at org.junit.platform.engine.support.hierarchical.NodeTestTask.execute(NodeTestTask.java:100)
	at java.base/java.util.ArrayList.forEach(ArrayList.java:1511)
	at org.junit.platform.engine.support.hierarchical.SameThreadHierarchicalTestExecutorService.invokeAll(SameThreadHierarchicalTestExecutorService.java:41)
	at org.junit.platform.engine.support.hierarchical.NodeTestTask.lambda$executeRecursively$6(NodeTestTask.java:160)
	at org.junit.platform.engine.support.hierarchical.ThrowableCollector.execute(ThrowableCollector.java:73)
	at org.junit.platform.engine.support.hierarchical.NodeTestTask.lambda$executeRecursively$8(NodeTestTask.java:146)
	at org.junit.platform.engine.support.hierarchical.Node.around(Node.java:137)
	at org.junit.platform.engine.support.hierarchical.NodeTestTask.lambda$executeRecursively$9(NodeTestTask.java:144)
	at org.junit.platform.engine.support.hierarchical.ThrowableCollector.execute(ThrowableCollector.java:73)
	at org.junit.platform.engine.support.hierarchical.NodeTestTask.executeRecursively(NodeTestTask.java:143)
	at org.junit.platform.engine.support.hierarchical.NodeTestTask.execute(NodeTestTask.java:100)
	at org.junit.platform.engine.support.hierarchical.SameThreadHierarchicalTestExecutorService.submit(SameThreadHierarchicalTestExecutorService.java:35)
	at org.junit.platform.engine.support.hierarchical.HierarchicalTestExecutor.execute(HierarchicalTestExecutor.java:57)
	at org.junit.platform.engine.support.hierarchical.HierarchicalTestEngine.execute(HierarchicalTestEngine.java:54)
	at org.junit.platform.launcher.core.EngineExecutionOrchestrator.execute(EngineExecutionOrchestrator.java:198)
	at org.junit.platform.launcher.core.EngineExecutionOrchestrator.execute(EngineExecutionOrchestrator.java:169)
	at org.junit.platform.launcher.core.EngineExecutionOrchestrator.execute(EngineExecutionOrchestrator.java:93)
	at org.junit.platform.launcher.core.EngineExecutionOrchestrator.lambda$execute$0(EngineExecutionOrchestrator.java:58)
	at org.junit.platform.launcher.core.EngineExecutionOrchestrator.withInterceptedStreams(EngineExecutionOrchestrator.java:141)
	at org.junit.platform.launcher.core.EngineExecutionOrchestrator.execute(EngineExecutionOrchestrator.java:57)
	at org.junit.platform.launcher.core.DefaultLauncher.execute(DefaultLauncher.java:103)
	at org.junit.platform.launcher.core.DefaultLauncher.execute(DefaultLauncher.java:85)
	at org.junit.platform.launcher.core.DelegatingLauncher.execute(DelegatingLauncher.java:47)
	at org.apache.maven.surefire.junitplatform.LazyLauncher.execute(LazyLauncher.java:56)
	at org.apache.maven.surefire.junitplatform.JUnitPlatformProvider.execute(JUnitPlatformProvider.java:184)
	at org.apache.maven.surefire.junitplatform.JUnitPlatformProvider.invokeAllTests(JUnitPlatformProvider.java:148)
	at org.apache.maven.surefire.junitplatform.JUnitPlatformProvider.invoke(JUnitPlatformProvider.java:122)
	at org.apache.maven.surefire.booter.ForkedBooter.runSuitesInProcess(ForkedBooter.java:385)
	at org.apache.maven.surefire.booter.ForkedBooter.execute(ForkedBooter.java:162)
	at org.apache.maven.surefire.booter.ForkedBooter.run(ForkedBooter.java:507)
	at org.apache.maven.surefire.booter.ForkedBooter.main(ForkedBooter.java:495)
Caused by: org.h2.jdbc.JdbcSQLSyntaxErrorException: Table "BOOKINGS" not found (this database is empty); SQL statement:
alter table bookings drop foreign key FK2ww82bk3npaiyu9oeehwtt2q3 [42104-224]
	at org.h2.message.DbException.getJdbcSQLException(DbException.java:514)
	at org.h2.message.DbException.getJdbcSQLException(DbException.java:489)
	at org.h2.message.DbException.get(DbException.java:223)
	at org.h2.message.DbException.get(DbException.java:199)
	at org.h2.command.Parser.getTableOrViewNotFoundDbException(Parser.java:8051)
	at org.h2.command.Parser.getTableOrViewNotFoundDbException(Parser.java:8045)
	at org.h2.command.Parser.tableIfTableExists(Parser.java:8574)
	at org.h2.command.Parser.parseAlterTableDrop(Parser.java:8372)
	at org.h2.command.Parser.parseAlterTable(Parser.java:8155)
	at org.h2.command.Parser.parseAlter(Parser.java:7211)
	at org.h2.command.Parser.parsePrepared(Parser.java:650)
	at org.h2.command.Parser.parse(Parser.java:592)
	at org.h2.command.Parser.parse(Parser.java:564)
	at org.h2.command.Parser.prepareCommand(Parser.java:483)
	at org.h2.engine.SessionLocal.prepareLocal(SessionLocal.java:639)
	at org.h2.engine.SessionLocal.prepareCommand(SessionLocal.java:559)
	at org.h2.jdbc.JdbcConnection.prepareCommand(JdbcConnection.java:1166)
	at org.h2.jdbc.JdbcStatement.executeInternal(JdbcStatement.java:245)
	at org.h2.jdbc.JdbcStatement.execute(JdbcStatement.java:231)
	at com.zaxxer.hikari.pool.ProxyStatement.execute(ProxyStatement.java:94)
	at com.zaxxer.hikari.pool.HikariProxyStatement.execute(HikariProxyStatement.java)
	at org.hibernate.tool.schema.internal.exec.GenerationTargetToDatabase.accept(GenerationTargetToDatabase.java:80)
	... 110 common frames omitted
2026-03-17 21:39:56 - alter table bookings drop foreign key FKeyog2oic85xg7hsu2je2lx3s6
Hibernate: alter table bookings drop foreign key FKeyog2oic85xg7hsu2je2lx3s6
2026-03-17 21:39:56 - GenerationTarget encountered exception accepting command : Error executing DDL "alter table bookings drop foreign key FKeyog2oic85xg7hsu2je2lx3s6" via JDBC [Table "BOOKINGS" not found (this database is empty);]
org.hibernate.tool.schema.spi.CommandAcceptanceException: Error executing DDL "alter table bookings drop foreign key FKeyog2oic85xg7hsu2je2lx3s6" via JDBC [Table "BOOKINGS" not found (this database is empty);]
	at org.hibernate.tool.schema.internal.exec.GenerationTargetToDatabase.accept(GenerationTargetToDatabase.java:94)
	at org.hibernate.tool.schema.internal.Helper.applySqlString(Helper.java:233)
	at org.hibernate.tool.schema.internal.Helper.applySqlStrings(Helper.java:217)
	at org.hibernate.tool.schema.internal.SchemaDropperImpl.applyConstraintDropping(SchemaDropperImpl.java:476)
	at org.hibernate.tool.schema.internal.SchemaDropperImpl.dropConstraintsTablesSequences(SchemaDropperImpl.java:242)
	at org.hibernate.tool.schema.internal.SchemaDropperImpl.dropFromMetadata(SchemaDropperImpl.java:215)
	at org.hibernate.tool.schema.internal.SchemaDropperImpl.performDrop(SchemaDropperImpl.java:185)
	at org.hibernate.tool.schema.internal.SchemaDropperImpl.doDrop(SchemaDropperImpl.java:155)
	at org.hibernate.tool.schema.internal.SchemaDropperImpl.doDrop(SchemaDropperImpl.java:115)
	at org.hibernate.tool.schema.spi.SchemaManagementToolCoordinator.performDatabaseAction(SchemaManagementToolCoordinator.java:238)
	at org.hibernate.tool.schema.spi.SchemaManagementToolCoordinator.lambda$process$5(SchemaManagementToolCoordinator.java:144)
	at java.base/java.util.HashMap.forEach(HashMap.java:1421)
	at org.hibernate.tool.schema.spi.SchemaManagementToolCoordinator.process(SchemaManagementToolCoordinator.java:141)
	at org.hibernate.boot.internal.SessionFactoryObserverForSchemaExport.sessionFactoryCreated(SessionFactoryObserverForSchemaExport.java:37)
	at org.hibernate.internal.SessionFactoryObserverChain.sessionFactoryCreated(SessionFactoryObserverChain.java:35)
	at org.hibernate.internal.SessionFactoryImpl.<init>(SessionFactoryImpl.java:322)
	at org.hibernate.boot.internal.SessionFactoryBuilderImpl.build(SessionFactoryBuilderImpl.java:457)
	at org.hibernate.jpa.boot.internal.EntityManagerFactoryBuilderImpl.build(EntityManagerFactoryBuilderImpl.java:1506)
	at org.springframework.orm.jpa.vendor.SpringHibernateJpaPersistenceProvider.createContainerEntityManagerFactory(SpringHibernateJpaPersistenceProvider.java:75)
	at org.springframework.orm.jpa.LocalContainerEntityManagerFactoryBean.createNativeEntityManagerFactory(LocalContainerEntityManagerFactoryBean.java:390)
	at org.springframework.orm.jpa.AbstractEntityManagerFactoryBean.buildNativeEntityManagerFactory(AbstractEntityManagerFactoryBean.java:409)
	at org.springframework.orm.jpa.AbstractEntityManagerFactoryBean.afterPropertiesSet(AbstractEntityManagerFactoryBean.java:396)
	at org.springframework.orm.jpa.LocalContainerEntityManagerFactoryBean.afterPropertiesSet(LocalContainerEntityManagerFactoryBean.java:366)
	at org.springframework.beans.factory.support.AbstractAutowireCapableBeanFactory.invokeInitMethods(AbstractAutowireCapableBeanFactory.java:1853)
	at org.springframework.beans.factory.support.AbstractAutowireCapableBeanFactory.initializeBean(AbstractAutowireCapableBeanFactory.java:1802)
	at org.springframework.beans.factory.support.AbstractAutowireCapableBeanFactory.doCreateBean(AbstractAutowireCapableBeanFactory.java:600)
	at org.springframework.beans.factory.support.AbstractAutowireCapableBeanFactory.createBean(AbstractAutowireCapableBeanFactory.java:522)
	at org.springframework.beans.factory.support.AbstractBeanFactory.lambda$doGetBean$0(AbstractBeanFactory.java:337)
	at org.springframework.beans.factory.support.DefaultSingletonBeanRegistry.getSingleton(DefaultSingletonBeanRegistry.java:234)
	at org.springframework.beans.factory.support.AbstractBeanFactory.doGetBean(AbstractBeanFactory.java:335)
	at org.springframework.beans.factory.support.AbstractBeanFactory.getBean(AbstractBeanFactory.java:205)
	at org.springframework.context.support.AbstractApplicationContext.finishBeanFactoryInitialization(AbstractApplicationContext.java:954)
	at org.springframework.context.support.AbstractApplicationContext.refresh(AbstractApplicationContext.java:625)
	at org.springframework.boot.SpringApplication.refresh(SpringApplication.java:754)
	at org.springframework.boot.SpringApplication.refreshContext(SpringApplication.java:456)
	at org.springframework.boot.SpringApplication.run(SpringApplication.java:335)
	at org.springframework.boot.test.context.SpringBootContextLoader.lambda$loadContext$3(SpringBootContextLoader.java:137)
	at org.springframework.util.function.ThrowingSupplier.get(ThrowingSupplier.java:58)
	at org.springframework.util.function.ThrowingSupplier.get(ThrowingSupplier.java:46)
	at org.springframework.boot.SpringApplication.withHook(SpringApplication.java:1463)
	at org.springframework.boot.test.context.SpringBootContextLoader$ContextLoaderHook.run(SpringBootContextLoader.java:553)
	at org.springframework.boot.test.context.SpringBootContextLoader.loadContext(SpringBootContextLoader.java:137)
	at org.springframework.boot.test.context.SpringBootContextLoader.loadContext(SpringBootContextLoader.java:108)
	at org.springframework.test.context.cache.DefaultCacheAwareContextLoaderDelegate.loadContextInternal(DefaultCacheAwareContextLoaderDelegate.java:225)
	at org.springframework.test.context.cache.DefaultCacheAwareContextLoaderDelegate.loadContext(DefaultCacheAwareContextLoaderDelegate.java:152)
	at org.springframework.test.context.support.DefaultTestContext.getApplicationContext(DefaultTestContext.java:130)
	at org.springframework.test.context.web.ServletTestExecutionListener.setUpRequestContextIfNecessary(ServletTestExecutionListener.java:191)
	at org.springframework.test.context.web.ServletTestExecutionListener.prepareTestInstance(ServletTestExecutionListener.java:130)
	at org.springframework.test.context.TestContextManager.prepareTestInstance(TestContextManager.java:260)
	at org.springframework.test.context.junit.jupiter.SpringExtension.postProcessTestInstance(SpringExtension.java:163)
	at org.junit.jupiter.engine.descriptor.ClassBasedTestDescriptor.lambda$invokeTestInstancePostProcessors$10(ClassBasedTestDescriptor.java:378)
	at org.junit.jupiter.engine.descriptor.ClassBasedTestDescriptor.executeAndMaskThrowable(ClassBasedTestDescriptor.java:383)
	at org.junit.jupiter.engine.descriptor.ClassBasedTestDescriptor.lambda$invokeTestInstancePostProcessors$11(ClassBasedTestDescriptor.java:378)
	at java.base/java.util.stream.ReferencePipeline$3$1.accept(ReferencePipeline.java:197)
	at java.base/java.util.stream.ReferencePipeline$2$1.accept(ReferencePipeline.java:179)
	at java.base/java.util.ArrayList$ArrayListSpliterator.forEachRemaining(ArrayList.java:1625)
	at java.base/java.util.stream.AbstractPipeline.copyInto(AbstractPipeline.java:509)
	at java.base/java.util.stream.AbstractPipeline.wrapAndCopyInto(AbstractPipeline.java:499)
	at java.base/java.util.stream.StreamSpliterators$WrappingSpliterator.forEachRemaining(StreamSpliterators.java:310)
	at java.base/java.util.stream.Streams$ConcatSpliterator.forEachRemaining(Streams.java:735)
	at java.base/java.util.stream.ReferencePipeline$Head.forEach(ReferencePipeline.java:762)
	at org.junit.jupiter.engine.descriptor.ClassBasedTestDescriptor.invokeTestInstancePostProcessors(ClassBasedTestDescriptor.java:377)
	at org.junit.jupiter.engine.descriptor.ClassBasedTestDescriptor.lambda$instantiateAndPostProcessTestInstance$6(ClassBasedTestDescriptor.java:290)
	at org.junit.platform.engine.support.hierarchical.ThrowableCollector.execute(ThrowableCollector.java:73)
	at org.junit.jupiter.engine.descriptor.ClassBasedTestDescriptor.instantiateAndPostProcessTestInstance(ClassBasedTestDescriptor.java:289)
	at org.junit.jupiter.engine.descriptor.ClassBasedTestDescriptor.lambda$testInstancesProvider$4(ClassBasedTestDescriptor.java:279)
	at java.base/java.util.Optional.orElseGet(Optional.java:364)
	at org.junit.jupiter.engine.descriptor.ClassBasedTestDescriptor.lambda$testInstancesProvider$5(ClassBasedTestDescriptor.java:278)
	at org.junit.jupiter.engine.execution.TestInstancesProvider.getTestInstances(TestInstancesProvider.java:31)
	at org.junit.jupiter.engine.descriptor.ClassBasedTestDescriptor.lambda$before$2(ClassBasedTestDescriptor.java:204)
	at org.junit.platform.engine.support.hierarchical.ThrowableCollector.execute(ThrowableCollector.java:73)
	at org.junit.jupiter.engine.descriptor.ClassBasedTestDescriptor.before(ClassBasedTestDescriptor.java:203)
	at org.junit.jupiter.engine.descriptor.ClassBasedTestDescriptor.before(ClassBasedTestDescriptor.java:85)
	at org.junit.platform.engine.support.hierarchical.NodeTestTask.lambda$executeRecursively$6(NodeTestTask.java:153)
	at org.junit.platform.engine.support.hierarchical.ThrowableCollector.execute(ThrowableCollector.java:73)
	at org.junit.platform.engine.support.hierarchical.NodeTestTask.lambda$executeRecursively$8(NodeTestTask.java:146)
	at org.junit.platform.engine.support.hierarchical.Node.around(Node.java:137)
	at org.junit.platform.engine.support.hierarchical.NodeTestTask.lambda$executeRecursively$9(NodeTestTask.java:144)
	at org.junit.platform.engine.support.hierarchical.ThrowableCollector.execute(ThrowableCollector.java:73)
	at org.junit.platform.engine.support.hierarchical.NodeTestTask.executeRecursively(NodeTestTask.java:143)
	at org.junit.platform.engine.support.hierarchical.NodeTestTask.execute(NodeTestTask.java:100)
	at java.base/java.util.ArrayList.forEach(ArrayList.java:1511)
	at org.junit.platform.engine.support.hierarchical.SameThreadHierarchicalTestExecutorService.invokeAll(SameThreadHierarchicalTestExecutorService.java:41)
	at org.junit.platform.engine.support.hierarchical.NodeTestTask.lambda$executeRecursively$6(NodeTestTask.java:160)
	at org.junit.platform.engine.support.hierarchical.ThrowableCollector.execute(ThrowableCollector.java:73)
	at org.junit.platform.engine.support.hierarchical.NodeTestTask.lambda$executeRecursively$8(NodeTestTask.java:146)
	at org.junit.platform.engine.support.hierarchical.Node.around(Node.java:137)
	at org.junit.platform.engine.support.hierarchical.NodeTestTask.lambda$executeRecursively$9(NodeTestTask.java:144)
	at org.junit.platform.engine.support.hierarchical.ThrowableCollector.execute(ThrowableCollector.java:73)
	at org.junit.platform.engine.support.hierarchical.NodeTestTask.executeRecursively(NodeTestTask.java:143)
	at org.junit.platform.engine.support.hierarchical.NodeTestTask.execute(NodeTestTask.java:100)
	at org.junit.platform.engine.support.hierarchical.SameThreadHierarchicalTestExecutorService.submit(SameThreadHierarchicalTestExecutorService.java:35)
	at org.junit.platform.engine.support.hierarchical.HierarchicalTestExecutor.execute(HierarchicalTestExecutor.java:57)
	at org.junit.platform.engine.support.hierarchical.HierarchicalTestEngine.execute(HierarchicalTestEngine.java:54)
	at org.junit.platform.launcher.core.EngineExecutionOrchestrator.execute(EngineExecutionOrchestrator.java:198)
	at org.junit.platform.launcher.core.EngineExecutionOrchestrator.execute(EngineExecutionOrchestrator.java:169)
	at org.junit.platform.launcher.core.EngineExecutionOrchestrator.execute(EngineExecutionOrchestrator.java:93)
	at org.junit.platform.launcher.core.EngineExecutionOrchestrator.lambda$execute$0(EngineExecutionOrchestrator.java:58)
	at org.junit.platform.launcher.core.EngineExecutionOrchestrator.withInterceptedStreams(EngineExecutionOrchestrator.java:141)
	at org.junit.platform.launcher.core.EngineExecutionOrchestrator.execute(EngineExecutionOrchestrator.java:57)
	at org.junit.platform.launcher.core.DefaultLauncher.execute(DefaultLauncher.java:103)
	at org.junit.platform.launcher.core.DefaultLauncher.execute(DefaultLauncher.java:85)
	at org.junit.platform.launcher.core.DelegatingLauncher.execute(DelegatingLauncher.java:47)
	at org.apache.maven.surefire.junitplatform.LazyLauncher.execute(LazyLauncher.java:56)
	at org.apache.maven.surefire.junitplatform.JUnitPlatformProvider.execute(JUnitPlatformProvider.java:184)
	at org.apache.maven.surefire.junitplatform.JUnitPlatformProvider.invokeAllTests(JUnitPlatformProvider.java:148)
	at org.apache.maven.surefire.junitplatform.JUnitPlatformProvider.invoke(JUnitPlatformProvider.java:122)
	at org.apache.maven.surefire.booter.ForkedBooter.runSuitesInProcess(ForkedBooter.java:385)
	at org.apache.maven.surefire.booter.ForkedBooter.execute(ForkedBooter.java:162)
	at org.apache.maven.surefire.booter.ForkedBooter.run(ForkedBooter.java:507)
	at org.apache.maven.surefire.booter.ForkedBooter.main(ForkedBooter.java:495)
Caused by: org.h2.jdbc.JdbcSQLSyntaxErrorException: Table "BOOKINGS" not found (this database is empty); SQL statement:
alter table bookings drop foreign key FKeyog2oic85xg7hsu2je2lx3s6 [42104-224]
	at org.h2.message.DbException.getJdbcSQLException(DbException.java:514)
	at org.h2.message.DbException.getJdbcSQLException(DbException.java:489)
	at org.h2.message.DbException.get(DbException.java:223)
	at org.h2.message.DbException.get(DbException.java:199)
	at org.h2.command.Parser.getTableOrViewNotFoundDbException(Parser.java:8051)
	at org.h2.command.Parser.getTableOrViewNotFoundDbException(Parser.java:8045)
	at org.h2.command.Parser.tableIfTableExists(Parser.java:8574)
	at org.h2.command.Parser.parseAlterTableDrop(Parser.java:8372)
	at org.h2.command.Parser.parseAlterTable(Parser.java:8155)
	at org.h2.command.Parser.parseAlter(Parser.java:7211)
	at org.h2.command.Parser.parsePrepared(Parser.java:650)
	at org.h2.command.Parser.parse(Parser.java:592)
	at org.h2.command.Parser.parse(Parser.java:564)
	at org.h2.command.Parser.prepareCommand(Parser.java:483)
	at org.h2.engine.SessionLocal.prepareLocal(SessionLocal.java:639)
	at org.h2.engine.SessionLocal.prepareCommand(SessionLocal.java:559)
	at org.h2.jdbc.JdbcConnection.prepareCommand(JdbcConnection.java:1166)
	at org.h2.jdbc.JdbcStatement.executeInternal(JdbcStatement.java:245)
	at org.h2.jdbc.JdbcStatement.execute(JdbcStatement.java:231)
	at com.zaxxer.hikari.pool.ProxyStatement.execute(ProxyStatement.java:94)
	at com.zaxxer.hikari.pool.HikariProxyStatement.execute(HikariProxyStatement.java)
	at org.hibernate.tool.schema.internal.exec.GenerationTargetToDatabase.accept(GenerationTargetToDatabase.java:80)
	... 110 common frames omitted
2026-03-17 21:39:56 - alter table events drop foreign key FKmpv90a1lsx9lcxsj7xjcvvsxg
Hibernate: alter table events drop foreign key FKmpv90a1lsx9lcxsj7xjcvvsxg
2026-03-17 21:39:56 - GenerationTarget encountered exception accepting command : Error executing DDL "alter table events drop foreign key FKmpv90a1lsx9lcxsj7xjcvvsxg" via JDBC [Table "EVENTS" not found (this database is empty);]
org.hibernate.tool.schema.spi.CommandAcceptanceException: Error executing DDL "alter table events drop foreign key FKmpv90a1lsx9lcxsj7xjcvvsxg" via JDBC [Table "EVENTS" not found (this database is empty);]
	at org.hibernate.tool.schema.internal.exec.GenerationTargetToDatabase.accept(GenerationTargetToDatabase.java:94)
	at org.hibernate.tool.schema.internal.Helper.applySqlString(Helper.java:233)
	at org.hibernate.tool.schema.internal.Helper.applySqlStrings(Helper.java:217)
	at org.hibernate.tool.schema.internal.SchemaDropperImpl.applyConstraintDropping(SchemaDropperImpl.java:476)
	at org.hibernate.tool.schema.internal.SchemaDropperImpl.dropConstraintsTablesSequences(SchemaDropperImpl.java:242)
	at org.hibernate.tool.schema.internal.SchemaDropperImpl.dropFromMetadata(SchemaDropperImpl.java:215)
	at org.hibernate.tool.schema.internal.SchemaDropperImpl.performDrop(SchemaDropperImpl.java:185)
	at org.hibernate.tool.schema.internal.SchemaDropperImpl.doDrop(SchemaDropperImpl.java:155)
	at org.hibernate.tool.schema.internal.SchemaDropperImpl.doDrop(SchemaDropperImpl.java:115)
	at org.hibernate.tool.schema.spi.SchemaManagementToolCoordinator.performDatabaseAction(SchemaManagementToolCoordinator.java:238)
	at org.hibernate.tool.schema.spi.SchemaManagementToolCoordinator.lambda$process$5(SchemaManagementToolCoordinator.java:144)
	at java.base/java.util.HashMap.forEach(HashMap.java:1421)
	at org.hibernate.tool.schema.spi.SchemaManagementToolCoordinator.process(SchemaManagementToolCoordinator.java:141)
	at org.hibernate.boot.internal.SessionFactoryObserverForSchemaExport.sessionFactoryCreated(SessionFactoryObserverForSchemaExport.java:37)
	at org.hibernate.internal.SessionFactoryObserverChain.sessionFactoryCreated(SessionFactoryObserverChain.java:35)
	at org.hibernate.internal.SessionFactoryImpl.<init>(SessionFactoryImpl.java:322)
	at org.hibernate.boot.internal.SessionFactoryBuilderImpl.build(SessionFactoryBuilderImpl.java:457)
	at org.hibernate.jpa.boot.internal.EntityManagerFactoryBuilderImpl.build(EntityManagerFactoryBuilderImpl.java:1506)
	at org.springframework.orm.jpa.vendor.SpringHibernateJpaPersistenceProvider.createContainerEntityManagerFactory(SpringHibernateJpaPersistenceProvider.java:75)
	at org.springframework.orm.jpa.LocalContainerEntityManagerFactoryBean.createNativeEntityManagerFactory(LocalContainerEntityManagerFactoryBean.java:390)
	at org.springframework.orm.jpa.AbstractEntityManagerFactoryBean.buildNativeEntityManagerFactory(AbstractEntityManagerFactoryBean.java:409)
	at org.springframework.orm.jpa.AbstractEntityManagerFactoryBean.afterPropertiesSet(AbstractEntityManagerFactoryBean.java:396)
	at org.springframework.orm.jpa.LocalContainerEntityManagerFactoryBean.afterPropertiesSet(LocalContainerEntityManagerFactoryBean.java:366)
	at org.springframework.beans.factory.support.AbstractAutowireCapableBeanFactory.invokeInitMethods(AbstractAutowireCapableBeanFactory.java:1853)
	at org.springframework.beans.factory.support.AbstractAutowireCapableBeanFactory.initializeBean(AbstractAutowireCapableBeanFactory.java:1802)
	at org.springframework.beans.factory.support.AbstractAutowireCapableBeanFactory.doCreateBean(AbstractAutowireCapableBeanFactory.java:600)
	at org.springframework.beans.factory.support.AbstractAutowireCapableBeanFactory.createBean(AbstractAutowireCapableBeanFactory.java:522)
	at org.springframework.beans.factory.support.AbstractBeanFactory.lambda$doGetBean$0(AbstractBeanFactory.java:337)
	at org.springframework.beans.factory.support.DefaultSingletonBeanRegistry.getSingleton(DefaultSingletonBeanRegistry.java:234)
	at org.springframework.beans.factory.support.AbstractBeanFactory.doGetBean(AbstractBeanFactory.java:335)
	at org.springframework.beans.factory.support.AbstractBeanFactory.getBean(AbstractBeanFactory.java:205)
	at org.springframework.context.support.AbstractApplicationContext.finishBeanFactoryInitialization(AbstractApplicationContext.java:954)
	at org.springframework.context.support.AbstractApplicationContext.refresh(AbstractApplicationContext.java:625)
	at org.springframework.boot.SpringApplication.refresh(SpringApplication.java:754)
	at org.springframework.boot.SpringApplication.refreshContext(SpringApplication.java:456)
	at org.springframework.boot.SpringApplication.run(SpringApplication.java:335)
	at org.springframework.boot.test.context.SpringBootContextLoader.lambda$loadContext$3(SpringBootContextLoader.java:137)
	at org.springframework.util.function.ThrowingSupplier.get(ThrowingSupplier.java:58)
	at org.springframework.util.function.ThrowingSupplier.get(ThrowingSupplier.java:46)
	at org.springframework.boot.SpringApplication.withHook(SpringApplication.java:1463)
	at org.springframework.boot.test.context.SpringBootContextLoader$ContextLoaderHook.run(SpringBootContextLoader.java:553)
	at org.springframework.boot.test.context.SpringBootContextLoader.loadContext(SpringBootContextLoader.java:137)
	at org.springframework.boot.test.context.SpringBootContextLoader.loadContext(SpringBootContextLoader.java:108)
	at org.springframework.test.context.cache.DefaultCacheAwareContextLoaderDelegate.loadContextInternal(DefaultCacheAwareContextLoaderDelegate.java:225)
	at org.springframework.test.context.cache.DefaultCacheAwareContextLoaderDelegate.loadContext(DefaultCacheAwareContextLoaderDelegate.java:152)
	at org.springframework.test.context.support.DefaultTestContext.getApplicationContext(DefaultTestContext.java:130)
	at org.springframework.test.context.web.ServletTestExecutionListener.setUpRequestContextIfNecessary(ServletTestExecutionListener.java:191)
	at org.springframework.test.context.web.ServletTestExecutionListener.prepareTestInstance(ServletTestExecutionListener.java:130)
	at org.springframework.test.context.TestContextManager.prepareTestInstance(TestContextManager.java:260)
	at org.springframework.test.context.junit.jupiter.SpringExtension.postProcessTestInstance(SpringExtension.java:163)
	at org.junit.jupiter.engine.descriptor.ClassBasedTestDescriptor.lambda$invokeTestInstancePostProcessors$10(ClassBasedTestDescriptor.java:378)
	at org.junit.jupiter.engine.descriptor.ClassBasedTestDescriptor.executeAndMaskThrowable(ClassBasedTestDescriptor.java:383)
	at org.junit.jupiter.engine.descriptor.ClassBasedTestDescriptor.lambda$invokeTestInstancePostProcessors$11(ClassBasedTestDescriptor.java:378)
	at java.base/java.util.stream.ReferencePipeline$3$1.accept(ReferencePipeline.java:197)
	at java.base/java.util.stream.ReferencePipeline$2$1.accept(ReferencePipeline.java:179)
	at java.base/java.util.ArrayList$ArrayListSpliterator.forEachRemaining(ArrayList.java:1625)
	at java.base/java.util.stream.AbstractPipeline.copyInto(AbstractPipeline.java:509)
	at java.base/java.util.stream.AbstractPipeline.wrapAndCopyInto(AbstractPipeline.java:499)
	at java.base/java.util.stream.StreamSpliterators$WrappingSpliterator.forEachRemaining(StreamSpliterators.java:310)
	at java.base/java.util.stream.Streams$ConcatSpliterator.forEachRemaining(Streams.java:735)
	at java.base/java.util.stream.ReferencePipeline$Head.forEach(ReferencePipeline.java:762)
	at org.junit.jupiter.engine.descriptor.ClassBasedTestDescriptor.invokeTestInstancePostProcessors(ClassBasedTestDescriptor.java:377)
	at org.junit.jupiter.engine.descriptor.ClassBasedTestDescriptor.lambda$instantiateAndPostProcessTestInstance$6(ClassBasedTestDescriptor.java:290)
	at org.junit.platform.engine.support.hierarchical.ThrowableCollector.execute(ThrowableCollector.java:73)
	at org.junit.jupiter.engine.descriptor.ClassBasedTestDescriptor.instantiateAndPostProcessTestInstance(ClassBasedTestDescriptor.java:289)
	at org.junit.jupiter.engine.descriptor.ClassBasedTestDescriptor.lambda$testInstancesProvider$4(ClassBasedTestDescriptor.java:279)
	at java.base/java.util.Optional.orElseGet(Optional.java:364)
	at org.junit.jupiter.engine.descriptor.ClassBasedTestDescriptor.lambda$testInstancesProvider$5(ClassBasedTestDescriptor.java:278)
	at org.junit.jupiter.engine.execution.TestInstancesProvider.getTestInstances(TestInstancesProvider.java:31)
	at org.junit.jupiter.engine.descriptor.ClassBasedTestDescriptor.lambda$before$2(ClassBasedTestDescriptor.java:204)
	at org.junit.platform.engine.support.hierarchical.ThrowableCollector.execute(ThrowableCollector.java:73)
	at org.junit.jupiter.engine.descriptor.ClassBasedTestDescriptor.before(ClassBasedTestDescriptor.java:203)
	at org.junit.jupiter.engine.descriptor.ClassBasedTestDescriptor.before(ClassBasedTestDescriptor.java:85)
	at org.junit.platform.engine.support.hierarchical.NodeTestTask.lambda$executeRecursively$6(NodeTestTask.java:153)
	at org.junit.platform.engine.support.hierarchical.ThrowableCollector.execute(ThrowableCollector.java:73)
	at org.junit.platform.engine.support.hierarchical.NodeTestTask.lambda$executeRecursively$8(NodeTestTask.java:146)
	at org.junit.platform.engine.support.hierarchical.Node.around(Node.java:137)
	at org.junit.platform.engine.support.hierarchical.NodeTestTask.lambda$executeRecursively$9(NodeTestTask.java:144)
	at org.junit.platform.engine.support.hierarchical.ThrowableCollector.execute(ThrowableCollector.java:73)
	at org.junit.platform.engine.support.hierarchical.NodeTestTask.executeRecursively(NodeTestTask.java:143)
	at org.junit.platform.engine.support.hierarchical.NodeTestTask.execute(NodeTestTask.java:100)
	at java.base/java.util.ArrayList.forEach(ArrayList.java:1511)
	at org.junit.platform.engine.support.hierarchical.SameThreadHierarchicalTestExecutorService.invokeAll(SameThreadHierarchicalTestExecutorService.java:41)
	at org.junit.platform.engine.support.hierarchical.NodeTestTask.lambda$executeRecursively$6(NodeTestTask.java:160)
	at org.junit.platform.engine.support.hierarchical.ThrowableCollector.execute(ThrowableCollector.java:73)
	at org.junit.platform.engine.support.hierarchical.NodeTestTask.lambda$executeRecursively$8(NodeTestTask.java:146)
	at org.junit.platform.engine.support.hierarchical.Node.around(Node.java:137)
	at org.junit.platform.engine.support.hierarchical.NodeTestTask.lambda$executeRecursively$9(NodeTestTask.java:144)
	at org.junit.platform.engine.support.hierarchical.ThrowableCollector.execute(ThrowableCollector.java:73)
	at org.junit.platform.engine.support.hierarchical.NodeTestTask.executeRecursively(NodeTestTask.java:143)
	at org.junit.platform.engine.support.hierarchical.NodeTestTask.execute(NodeTestTask.java:100)
	at org.junit.platform.engine.support.hierarchical.SameThreadHierarchicalTestExecutorService.submit(SameThreadHierarchicalTestExecutorService.java:35)
	at org.junit.platform.engine.support.hierarchical.HierarchicalTestExecutor.execute(HierarchicalTestExecutor.java:57)
	at org.junit.platform.engine.support.hierarchical.HierarchicalTestEngine.execute(HierarchicalTestEngine.java:54)
	at org.junit.platform.launcher.core.EngineExecutionOrchestrator.execute(EngineExecutionOrchestrator.java:198)
	at org.junit.platform.launcher.core.EngineExecutionOrchestrator.execute(EngineExecutionOrchestrator.java:169)
	at org.junit.platform.launcher.core.EngineExecutionOrchestrator.execute(EngineExecutionOrchestrator.java:93)
	at org.junit.platform.launcher.core.EngineExecutionOrchestrator.lambda$execute$0(EngineExecutionOrchestrator.java:58)
	at org.junit.platform.launcher.core.EngineExecutionOrchestrator.withInterceptedStreams(EngineExecutionOrchestrator.java:141)
	at org.junit.platform.launcher.core.EngineExecutionOrchestrator.execute(EngineExecutionOrchestrator.java:57)
	at org.junit.platform.launcher.core.DefaultLauncher.execute(DefaultLauncher.java:103)
	at org.junit.platform.launcher.core.DefaultLauncher.execute(DefaultLauncher.java:85)
	at org.junit.platform.launcher.core.DelegatingLauncher.execute(DelegatingLauncher.java:47)
	at org.apache.maven.surefire.junitplatform.LazyLauncher.execute(LazyLauncher.java:56)
	at org.apache.maven.surefire.junitplatform.JUnitPlatformProvider.execute(JUnitPlatformProvider.java:184)
	at org.apache.maven.surefire.junitplatform.JUnitPlatformProvider.invokeAllTests(JUnitPlatformProvider.java:148)
	at org.apache.maven.surefire.junitplatform.JUnitPlatformProvider.invoke(JUnitPlatformProvider.java:122)
	at org.apache.maven.surefire.booter.ForkedBooter.runSuitesInProcess(ForkedBooter.java:385)
	at org.apache.maven.surefire.booter.ForkedBooter.execute(ForkedBooter.java:162)
	at org.apache.maven.surefire.booter.ForkedBooter.run(ForkedBooter.java:507)
	at org.apache.maven.surefire.booter.ForkedBooter.main(ForkedBooter.java:495)
Caused by: org.h2.jdbc.JdbcSQLSyntaxErrorException: Table "EVENTS" not found (this database is empty); SQL statement:
alter table events drop foreign key FKmpv90a1lsx9lcxsj7xjcvvsxg [42104-224]
	at org.h2.message.DbException.getJdbcSQLException(DbException.java:514)
	at org.h2.message.DbException.getJdbcSQLException(DbException.java:489)
	at org.h2.message.DbException.get(DbException.java:223)
	at org.h2.message.DbException.get(DbException.java:199)
	at org.h2.command.Parser.getTableOrViewNotFoundDbException(Parser.java:8051)
	at org.h2.command.Parser.getTableOrViewNotFoundDbException(Parser.java:8045)
	at org.h2.command.Parser.tableIfTableExists(Parser.java:8574)
	at org.h2.command.Parser.parseAlterTableDrop(Parser.java:8372)
	at org.h2.command.Parser.parseAlterTable(Parser.java:8155)
	at org.h2.command.Parser.parseAlter(Parser.java:7211)
	at org.h2.command.Parser.parsePrepared(Parser.java:650)
	at org.h2.command.Parser.parse(Parser.java:592)
	at org.h2.command.Parser.parse(Parser.java:564)
	at org.h2.command.Parser.prepareCommand(Parser.java:483)
	at org.h2.engine.SessionLocal.prepareLocal(SessionLocal.java:639)
	at org.h2.engine.SessionLocal.prepareCommand(SessionLocal.java:559)
	at org.h2.jdbc.JdbcConnection.prepareCommand(JdbcConnection.java:1166)
	at org.h2.jdbc.JdbcStatement.executeInternal(JdbcStatement.java:245)
	at org.h2.jdbc.JdbcStatement.execute(JdbcStatement.java:231)
	at com.zaxxer.hikari.pool.ProxyStatement.execute(ProxyStatement.java:94)
	at com.zaxxer.hikari.pool.HikariProxyStatement.execute(HikariProxyStatement.java)
	at org.hibernate.tool.schema.internal.exec.GenerationTargetToDatabase.accept(GenerationTargetToDatabase.java:80)
	... 110 common frames omitted
2026-03-17 21:39:56 - drop table if exists bookings
Hibernate: drop table if exists bookings
2026-03-17 21:39:56 - drop table if exists events
Hibernate: drop table if exists events
2026-03-17 21:39:56 - drop table if exists users
Hibernate: drop table if exists users
2026-03-17 21:39:56 - create table bookings (booking_time datetime(6), event_id bigint not null, id bigint not null auto_increment, user_id bigint not null, status varchar(255), primary key (id)) engine=InnoDB
Hibernate: create table bookings (booking_time datetime(6), event_id bigint not null, id bigint not null auto_increment, user_id bigint not null, status varchar(255), primary key (id)) engine=InnoDB
2026-03-17 21:39:56 - GenerationTarget encountered exception accepting command : Error executing DDL "create table bookings (booking_time datetime(6), event_id bigint not null, id bigint not null auto_increment, user_id bigint not null, status varchar(255), primary key (id)) engine=InnoDB" via JDBC [Syntax error in SQL statement "create table bookings (booking_time datetime(6), event_id bigint not null, id bigint not null auto_increment, user_id bigint not null, status varchar(255), primary key (id)) engine[*]=InnoDB"; expected "identifier";]
org.hibernate.tool.schema.spi.CommandAcceptanceException: Error executing DDL "create table bookings (booking_time datetime(6), event_id bigint not null, id bigint not null auto_increment, user_id bigint not null, status varchar(255), primary key (id)) engine=InnoDB" via JDBC [Syntax error in SQL statement "create table bookings (booking_time datetime(6), event_id bigint not null, id bigint not null auto_increment, user_id bigint not null, status varchar(255), primary key (id)) engine[*]=InnoDB"; expected "identifier";]
	at org.hibernate.tool.schema.internal.exec.GenerationTargetToDatabase.accept(GenerationTargetToDatabase.java:94)
	at org.hibernate.tool.schema.internal.Helper.applySqlString(Helper.java:233)
	at org.hibernate.tool.schema.internal.Helper.applySqlStrings(Helper.java:217)
	at org.hibernate.tool.schema.internal.SchemaCreatorImpl.createTables(SchemaCreatorImpl.java:428)
	at org.hibernate.tool.schema.internal.SchemaCreatorImpl.createSequencesTablesConstraints(SchemaCreatorImpl.java:344)
	at org.hibernate.tool.schema.internal.SchemaCreatorImpl.createFromMetadata(SchemaCreatorImpl.java:239)
	at org.hibernate.tool.schema.internal.SchemaCreatorImpl.performCreation(SchemaCreatorImpl.java:172)
	at org.hibernate.tool.schema.internal.SchemaCreatorImpl.doCreation(SchemaCreatorImpl.java:142)
	at org.hibernate.tool.schema.internal.SchemaCreatorImpl.doCreation(SchemaCreatorImpl.java:118)
	at org.hibernate.tool.schema.spi.SchemaManagementToolCoordinator.performDatabaseAction(SchemaManagementToolCoordinator.java:250)
	at org.hibernate.tool.schema.spi.SchemaManagementToolCoordinator.lambda$process$5(SchemaManagementToolCoordinator.java:144)
	at java.base/java.util.HashMap.forEach(HashMap.java:1421)
	at org.hibernate.tool.schema.spi.SchemaManagementToolCoordinator.process(SchemaManagementToolCoordinator.java:141)
	at org.hibernate.boot.internal.SessionFactoryObserverForSchemaExport.sessionFactoryCreated(SessionFactoryObserverForSchemaExport.java:37)
	at org.hibernate.internal.SessionFactoryObserverChain.sessionFactoryCreated(SessionFactoryObserverChain.java:35)
	at org.hibernate.internal.SessionFactoryImpl.<init>(SessionFactoryImpl.java:322)
	at org.hibernate.boot.internal.SessionFactoryBuilderImpl.build(SessionFactoryBuilderImpl.java:457)
	at org.hibernate.jpa.boot.internal.EntityManagerFactoryBuilderImpl.build(EntityManagerFactoryBuilderImpl.java:1506)
	at org.springframework.orm.jpa.vendor.SpringHibernateJpaPersistenceProvider.createContainerEntityManagerFactory(SpringHibernateJpaPersistenceProvider.java:75)
	at org.springframework.orm.jpa.LocalContainerEntityManagerFactoryBean.createNativeEntityManagerFactory(LocalContainerEntityManagerFactoryBean.java:390)
	at org.springframework.orm.jpa.AbstractEntityManagerFactoryBean.buildNativeEntityManagerFactory(AbstractEntityManagerFactoryBean.java:409)
	at org.springframework.orm.jpa.AbstractEntityManagerFactoryBean.afterPropertiesSet(AbstractEntityManagerFactoryBean.java:396)
	at org.springframework.orm.jpa.LocalContainerEntityManagerFactoryBean.afterPropertiesSet(LocalContainerEntityManagerFactoryBean.java:366)
	at org.springframework.beans.factory.support.AbstractAutowireCapableBeanFactory.invokeInitMethods(AbstractAutowireCapableBeanFactory.java:1853)
	at org.springframework.beans.factory.support.AbstractAutowireCapableBeanFactory.initializeBean(AbstractAutowireCapableBeanFactory.java:1802)
	at org.springframework.beans.factory.support.AbstractAutowireCapableBeanFactory.doCreateBean(AbstractAutowireCapableBeanFactory.java:600)
	at org.springframework.beans.factory.support.AbstractAutowireCapableBeanFactory.createBean(AbstractAutowireCapableBeanFactory.java:522)
	at org.springframework.beans.factory.support.AbstractBeanFactory.lambda$doGetBean$0(AbstractBeanFactory.java:337)
	at org.springframework.beans.factory.support.DefaultSingletonBeanRegistry.getSingleton(DefaultSingletonBeanRegistry.java:234)
	at org.springframework.beans.factory.support.AbstractBeanFactory.doGetBean(AbstractBeanFactory.java:335)
	at org.springframework.beans.factory.support.AbstractBeanFactory.getBean(AbstractBeanFactory.java:205)
	at org.springframework.context.support.AbstractApplicationContext.finishBeanFactoryInitialization(AbstractApplicationContext.java:954)
	at org.springframework.context.support.AbstractApplicationContext.refresh(AbstractApplicationContext.java:625)
	at org.springframework.boot.SpringApplication.refresh(SpringApplication.java:754)
	at org.springframework.boot.SpringApplication.refreshContext(SpringApplication.java:456)
	at org.springframework.boot.SpringApplication.run(SpringApplication.java:335)
	at org.springframework.boot.test.context.SpringBootContextLoader.lambda$loadContext$3(SpringBootContextLoader.java:137)
	at org.springframework.util.function.ThrowingSupplier.get(ThrowingSupplier.java:58)
	at org.springframework.util.function.ThrowingSupplier.get(ThrowingSupplier.java:46)
	at org.springframework.boot.SpringApplication.withHook(SpringApplication.java:1463)
	at org.springframework.boot.test.context.SpringBootContextLoader$ContextLoaderHook.run(SpringBootContextLoader.java:553)
	at org.springframework.boot.test.context.SpringBootContextLoader.loadContext(SpringBootContextLoader.java:137)
	at org.springframework.boot.test.context.SpringBootContextLoader.loadContext(SpringBootContextLoader.java:108)
	at org.springframework.test.context.cache.DefaultCacheAwareContextLoaderDelegate.loadContextInternal(DefaultCacheAwareContextLoaderDelegate.java:225)
	at org.springframework.test.context.cache.DefaultCacheAwareContextLoaderDelegate.loadContext(DefaultCacheAwareContextLoaderDelegate.java:152)
	at org.springframework.test.context.support.DefaultTestContext.getApplicationContext(DefaultTestContext.java:130)
	at org.springframework.test.context.web.ServletTestExecutionListener.setUpRequestContextIfNecessary(ServletTestExecutionListener.java:191)
	at org.springframework.test.context.web.ServletTestExecutionListener.prepareTestInstance(ServletTestExecutionListener.java:130)
	at org.springframework.test.context.TestContextManager.prepareTestInstance(TestContextManager.java:260)
	at org.springframework.test.context.junit.jupiter.SpringExtension.postProcessTestInstance(SpringExtension.java:163)
	at org.junit.jupiter.engine.descriptor.ClassBasedTestDescriptor.lambda$invokeTestInstancePostProcessors$10(ClassBasedTestDescriptor.java:378)
	at org.junit.jupiter.engine.descriptor.ClassBasedTestDescriptor.executeAndMaskThrowable(ClassBasedTestDescriptor.java:383)
	at org.junit.jupiter.engine.descriptor.ClassBasedTestDescriptor.lambda$invokeTestInstancePostProcessors$11(ClassBasedTestDescriptor.java:378)
	at java.base/java.util.stream.ReferencePipeline$3$1.accept(ReferencePipeline.java:197)
	at java.base/java.util.stream.ReferencePipeline$2$1.accept(ReferencePipeline.java:179)
	at java.base/java.util.ArrayList$ArrayListSpliterator.forEachRemaining(ArrayList.java:1625)
	at java.base/java.util.stream.AbstractPipeline.copyInto(AbstractPipeline.java:509)
	at java.base/java.util.stream.AbstractPipeline.wrapAndCopyInto(AbstractPipeline.java:499)
	at java.base/java.util.stream.StreamSpliterators$WrappingSpliterator.forEachRemaining(StreamSpliterators.java:310)
	at java.base/java.util.stream.Streams$ConcatSpliterator.forEachRemaining(Streams.java:735)
	at java.base/java.util.stream.ReferencePipeline$Head.forEach(ReferencePipeline.java:762)
	at org.junit.jupiter.engine.descriptor.ClassBasedTestDescriptor.invokeTestInstancePostProcessors(ClassBasedTestDescriptor.java:377)
	at org.junit.jupiter.engine.descriptor.ClassBasedTestDescriptor.lambda$instantiateAndPostProcessTestInstance$6(ClassBasedTestDescriptor.java:290)
	at org.junit.platform.engine.support.hierarchical.ThrowableCollector.execute(ThrowableCollector.java:73)
	at org.junit.jupiter.engine.descriptor.ClassBasedTestDescriptor.instantiateAndPostProcessTestInstance(ClassBasedTestDescriptor.java:289)
	at org.junit.jupiter.engine.descriptor.ClassBasedTestDescriptor.lambda$testInstancesProvider$4(ClassBasedTestDescriptor.java:279)
	at java.base/java.util.Optional.orElseGet(Optional.java:364)
	at org.junit.jupiter.engine.descriptor.ClassBasedTestDescriptor.lambda$testInstancesProvider$5(ClassBasedTestDescriptor.java:278)
	at org.junit.jupiter.engine.execution.TestInstancesProvider.getTestInstances(TestInstancesProvider.java:31)
	at org.junit.jupiter.engine.descriptor.ClassBasedTestDescriptor.lambda$before$2(ClassBasedTestDescriptor.java:204)
	at org.junit.platform.engine.support.hierarchical.ThrowableCollector.execute(ThrowableCollector.java:73)
	at org.junit.jupiter.engine.descriptor.ClassBasedTestDescriptor.before(ClassBasedTestDescriptor.java:203)
	at org.junit.jupiter.engine.descriptor.ClassBasedTestDescriptor.before(ClassBasedTestDescriptor.java:85)
	at org.junit.platform.engine.support.hierarchical.NodeTestTask.lambda$executeRecursively$6(NodeTestTask.java:153)
	at org.junit.platform.engine.support.hierarchical.ThrowableCollector.execute(ThrowableCollector.java:73)
	at org.junit.platform.engine.support.hierarchical.NodeTestTask.lambda$executeRecursively$8(NodeTestTask.java:146)
	at org.junit.platform.engine.support.hierarchical.Node.around(Node.java:137)
	at org.junit.platform.engine.support.hierarchical.NodeTestTask.lambda$executeRecursively$9(NodeTestTask.java:144)
	at org.junit.platform.engine.support.hierarchical.ThrowableCollector.execute(ThrowableCollector.java:73)
	at org.junit.platform.engine.support.hierarchical.NodeTestTask.executeRecursively(NodeTestTask.java:143)
	at org.junit.platform.engine.support.hierarchical.NodeTestTask.execute(NodeTestTask.java:100)
	at java.base/java.util.ArrayList.forEach(ArrayList.java:1511)
	at org.junit.platform.engine.support.hierarchical.SameThreadHierarchicalTestExecutorService.invokeAll(SameThreadHierarchicalTestExecutorService.java:41)
	at org.junit.platform.engine.support.hierarchical.NodeTestTask.lambda$executeRecursively$6(NodeTestTask.java:160)
	at org.junit.platform.engine.support.hierarchical.ThrowableCollector.execute(ThrowableCollector.java:73)
	at org.junit.platform.engine.support.hierarchical.NodeTestTask.lambda$executeRecursively$8(NodeTestTask.java:146)
	at org.junit.platform.engine.support.hierarchical.Node.around(Node.java:137)
	at org.junit.platform.engine.support.hierarchical.NodeTestTask.lambda$executeRecursively$9(NodeTestTask.java:144)
	at org.junit.platform.engine.support.hierarchical.ThrowableCollector.execute(ThrowableCollector.java:73)
	at org.junit.platform.engine.support.hierarchical.NodeTestTask.executeRecursively(NodeTestTask.java:143)
	at org.junit.platform.engine.support.hierarchical.NodeTestTask.execute(NodeTestTask.java:100)
	at org.junit.platform.engine.support.hierarchical.SameThreadHierarchicalTestExecutorService.submit(SameThreadHierarchicalTestExecutorService.java:35)
	at org.junit.platform.engine.support.hierarchical.HierarchicalTestExecutor.execute(HierarchicalTestExecutor.java:57)
	at org.junit.platform.engine.support.hierarchical.HierarchicalTestEngine.execute(HierarchicalTestEngine.java:54)
	at org.junit.platform.launcher.core.EngineExecutionOrchestrator.execute(EngineExecutionOrchestrator.java:198)
	at org.junit.platform.launcher.core.EngineExecutionOrchestrator.execute(EngineExecutionOrchestrator.java:169)
	at org.junit.platform.launcher.core.EngineExecutionOrchestrator.execute(EngineExecutionOrchestrator.java:93)
	at org.junit.platform.launcher.core.EngineExecutionOrchestrator.lambda$execute$0(EngineExecutionOrchestrator.java:58)
	at org.junit.platform.launcher.core.EngineExecutionOrchestrator.withInterceptedStreams(EngineExecutionOrchestrator.java:141)
	at org.junit.platform.launcher.core.EngineExecutionOrchestrator.execute(EngineExecutionOrchestrator.java:57)
	at org.junit.platform.launcher.core.DefaultLauncher.execute(DefaultLauncher.java:103)
	at org.junit.platform.launcher.core.DefaultLauncher.execute(DefaultLauncher.java:85)
	at org.junit.platform.launcher.core.DelegatingLauncher.execute(DelegatingLauncher.java:47)
	at org.apache.maven.surefire.junitplatform.LazyLauncher.execute(LazyLauncher.java:56)
	at org.apache.maven.surefire.junitplatform.JUnitPlatformProvider.execute(JUnitPlatformProvider.java:184)
	at org.apache.maven.surefire.junitplatform.JUnitPlatformProvider.invokeAllTests(JUnitPlatformProvider.java:148)
	at org.apache.maven.surefire.junitplatform.JUnitPlatformProvider.invoke(JUnitPlatformProvider.java:122)
	at org.apache.maven.surefire.booter.ForkedBooter.runSuitesInProcess(ForkedBooter.java:385)
	at org.apache.maven.surefire.booter.ForkedBooter.execute(ForkedBooter.java:162)
	at org.apache.maven.surefire.booter.ForkedBooter.run(ForkedBooter.java:507)
	at org.apache.maven.surefire.booter.ForkedBooter.main(ForkedBooter.java:495)
Caused by: org.h2.jdbc.JdbcSQLSyntaxErrorException: Syntax error in SQL statement "create table bookings (booking_time datetime(6), event_id bigint not null, id bigint not null auto_increment, user_id bigint not null, status varchar(255), primary key (id)) engine[*]=InnoDB"; expected "identifier"; SQL statement:
create table bookings (booking_time datetime(6), event_id bigint not null, id bigint not null auto_increment, user_id bigint not null, status varchar(255), primary key (id)) engine=InnoDB [42001-224]
	at org.h2.message.DbException.getJdbcSQLException(DbException.java:514)
	at org.h2.message.DbException.getJdbcSQLException(DbException.java:489)
	at org.h2.message.DbException.getSyntaxError(DbException.java:261)
	at org.h2.command.Parser.readIdentifier(Parser.java:5533)
	at org.h2.command.Parser.parseCreateTable(Parser.java:8947)
	at org.h2.command.Parser.parseCreate(Parser.java:6404)
	at org.h2.command.Parser.parsePrepared(Parser.java:666)
	at org.h2.command.Parser.parse(Parser.java:592)
	at org.h2.command.Parser.parse(Parser.java:564)
	at org.h2.command.Parser.prepareCommand(Parser.java:483)
	at org.h2.engine.SessionLocal.prepareLocal(SessionLocal.java:639)
	at org.h2.engine.SessionLocal.prepareCommand(SessionLocal.java:559)
	at org.h2.jdbc.JdbcConnection.prepareCommand(JdbcConnection.java:1166)
	at org.h2.jdbc.JdbcStatement.executeInternal(JdbcStatement.java:245)
	at org.h2.jdbc.JdbcStatement.execute(JdbcStatement.java:231)
	at com.zaxxer.hikari.pool.ProxyStatement.execute(ProxyStatement.java:94)
	at com.zaxxer.hikari.pool.HikariProxyStatement.execute(HikariProxyStatement.java)
	at org.hibernate.tool.schema.internal.exec.GenerationTargetToDatabase.accept(GenerationTargetToDatabase.java:80)
	... 110 common frames omitted
2026-03-17 21:39:56 - create table events (created_by bigint not null, event_date datetime(6), id bigint not null auto_increment, description TEXT, location varchar(255), title varchar(255) not null, primary key (id)) engine=InnoDB
Hibernate: create table events (created_by bigint not null, event_date datetime(6), id bigint not null auto_increment, description TEXT, location varchar(255), title varchar(255) not null, primary key (id)) engine=InnoDB
2026-03-17 21:39:56 - GenerationTarget encountered exception accepting command : Error executing DDL "create table events (created_by bigint not null, event_date datetime(6), id bigint not null auto_increment, description TEXT, location varchar(255), title varchar(255) not null, primary key (id)) engine=InnoDB" via JDBC [Syntax error in SQL statement "create table events (created_by bigint not null, event_date datetime(6), id bigint not null auto_increment, description TEXT, location varchar(255), title varchar(255) not null, primary key (id)) engine[*]=InnoDB"; expected "identifier";]
org.hibernate.tool.schema.spi.CommandAcceptanceException: Error executing DDL "create table events (created_by bigint not null, event_date datetime(6), id bigint not null auto_increment, description TEXT, location varchar(255), title varchar(255) not null, primary key (id)) engine=InnoDB" via JDBC [Syntax error in SQL statement "create table events (created_by bigint not null, event_date datetime(6), id bigint not null auto_increment, description TEXT, location varchar(255), title varchar(255) not null, primary key (id)) engine[*]=InnoDB"; expected "identifier";]
	at org.hibernate.tool.schema.internal.exec.GenerationTargetToDatabase.accept(GenerationTargetToDatabase.java:94)
	at org.hibernate.tool.schema.internal.Helper.applySqlString(Helper.java:233)
	at org.hibernate.tool.schema.internal.Helper.applySqlStrings(Helper.java:217)
	at org.hibernate.tool.schema.internal.SchemaCreatorImpl.createTables(SchemaCreatorImpl.java:428)
	at org.hibernate.tool.schema.internal.SchemaCreatorImpl.createSequencesTablesConstraints(SchemaCreatorImpl.java:344)
	at org.hibernate.tool.schema.internal.SchemaCreatorImpl.createFromMetadata(SchemaCreatorImpl.java:239)
	at org.hibernate.tool.schema.internal.SchemaCreatorImpl.performCreation(SchemaCreatorImpl.java:172)
	at org.hibernate.tool.schema.internal.SchemaCreatorImpl.doCreation(SchemaCreatorImpl.java:142)
	at org.hibernate.tool.schema.internal.SchemaCreatorImpl.doCreation(SchemaCreatorImpl.java:118)
	at org.hibernate.tool.schema.spi.SchemaManagementToolCoordinator.performDatabaseAction(SchemaManagementToolCoordinator.java:250)
	at org.hibernate.tool.schema.spi.SchemaManagementToolCoordinator.lambda$process$5(SchemaManagementToolCoordinator.java:144)
	at java.base/java.util.HashMap.forEach(HashMap.java:1421)
	at org.hibernate.tool.schema.spi.SchemaManagementToolCoordinator.process(SchemaManagementToolCoordinator.java:141)
	at org.hibernate.boot.internal.SessionFactoryObserverForSchemaExport.sessionFactoryCreated(SessionFactoryObserverForSchemaExport.java:37)
	at org.hibernate.internal.SessionFactoryObserverChain.sessionFactoryCreated(SessionFactoryObserverChain.java:35)
	at org.hibernate.internal.SessionFactoryImpl.<init>(SessionFactoryImpl.java:322)
	at org.hibernate.boot.internal.SessionFactoryBuilderImpl.build(SessionFactoryBuilderImpl.java:457)
	at org.hibernate.jpa.boot.internal.EntityManagerFactoryBuilderImpl.build(EntityManagerFactoryBuilderImpl.java:1506)
	at org.springframework.orm.jpa.vendor.SpringHibernateJpaPersistenceProvider.createContainerEntityManagerFactory(SpringHibernateJpaPersistenceProvider.java:75)
	at org.springframework.orm.jpa.LocalContainerEntityManagerFactoryBean.createNativeEntityManagerFactory(LocalContainerEntityManagerFactoryBean.java:390)
	at org.springframework.orm.jpa.AbstractEntityManagerFactoryBean.buildNativeEntityManagerFactory(AbstractEntityManagerFactoryBean.java:409)
	at org.springframework.orm.jpa.AbstractEntityManagerFactoryBean.afterPropertiesSet(AbstractEntityManagerFactoryBean.java:396)
	at org.springframework.orm.jpa.LocalContainerEntityManagerFactoryBean.afterPropertiesSet(LocalContainerEntityManagerFactoryBean.java:366)
	at org.springframework.beans.factory.support.AbstractAutowireCapableBeanFactory.invokeInitMethods(AbstractAutowireCapableBeanFactory.java:1853)
	at org.springframework.beans.factory.support.AbstractAutowireCapableBeanFactory.initializeBean(AbstractAutowireCapableBeanFactory.java:1802)
	at org.springframework.beans.factory.support.AbstractAutowireCapableBeanFactory.doCreateBean(AbstractAutowireCapableBeanFactory.java:600)
	at org.springframework.beans.factory.support.AbstractAutowireCapableBeanFactory.createBean(AbstractAutowireCapableBeanFactory.java:522)
	at org.springframework.beans.factory.support.AbstractBeanFactory.lambda$doGetBean$0(AbstractBeanFactory.java:337)
	at org.springframework.beans.factory.support.DefaultSingletonBeanRegistry.getSingleton(DefaultSingletonBeanRegistry.java:234)
	at org.springframework.beans.factory.support.AbstractBeanFactory.doGetBean(AbstractBeanFactory.java:335)
	at org.springframework.beans.factory.support.AbstractBeanFactory.getBean(AbstractBeanFactory.java:205)
	at org.springframework.context.support.AbstractApplicationContext.finishBeanFactoryInitialization(AbstractApplicationContext.java:954)
	at org.springframework.context.support.AbstractApplicationContext.refresh(AbstractApplicationContext.java:625)
	at org.springframework.boot.SpringApplication.refresh(SpringApplication.java:754)
	at org.springframework.boot.SpringApplication.refreshContext(SpringApplication.java:456)
	at org.springframework.boot.SpringApplication.run(SpringApplication.java:335)
	at org.springframework.boot.test.context.SpringBootContextLoader.lambda$loadContext$3(SpringBootContextLoader.java:137)
	at org.springframework.util.function.ThrowingSupplier.get(ThrowingSupplier.java:58)
	at org.springframework.util.function.ThrowingSupplier.get(ThrowingSupplier.java:46)
	at org.springframework.boot.SpringApplication.withHook(SpringApplication.java:1463)
	at org.springframework.boot.test.context.SpringBootContextLoader$ContextLoaderHook.run(SpringBootContextLoader.java:553)
	at org.springframework.boot.test.context.SpringBootContextLoader.loadContext(SpringBootContextLoader.java:137)
	at org.springframework.boot.test.context.SpringBootContextLoader.loadContext(SpringBootContextLoader.java:108)
	at org.springframework.test.context.cache.DefaultCacheAwareContextLoaderDelegate.loadContextInternal(DefaultCacheAwareContextLoaderDelegate.java:225)
	at org.springframework.test.context.cache.DefaultCacheAwareContextLoaderDelegate.loadContext(DefaultCacheAwareContextLoaderDelegate.java:152)
	at org.springframework.test.context.support.DefaultTestContext.getApplicationContext(DefaultTestContext.java:130)
	at org.springframework.test.context.web.ServletTestExecutionListener.setUpRequestContextIfNecessary(ServletTestExecutionListener.java:191)
	at org.springframework.test.context.web.ServletTestExecutionListener.prepareTestInstance(ServletTestExecutionListener.java:130)
	at org.springframework.test.context.TestContextManager.prepareTestInstance(TestContextManager.java:260)
	at org.springframework.test.context.junit.jupiter.SpringExtension.postProcessTestInstance(SpringExtension.java:163)
	at org.junit.jupiter.engine.descriptor.ClassBasedTestDescriptor.lambda$invokeTestInstancePostProcessors$10(ClassBasedTestDescriptor.java:378)
	at org.junit.jupiter.engine.descriptor.ClassBasedTestDescriptor.executeAndMaskThrowable(ClassBasedTestDescriptor.java:383)
	at org.junit.jupiter.engine.descriptor.ClassBasedTestDescriptor.lambda$invokeTestInstancePostProcessors$11(ClassBasedTestDescriptor.java:378)
	at java.base/java.util.stream.ReferencePipeline$3$1.accept(ReferencePipeline.java:197)
	at java.base/java.util.stream.ReferencePipeline$2$1.accept(ReferencePipeline.java:179)
	at java.base/java.util.ArrayList$ArrayListSpliterator.forEachRemaining(ArrayList.java:1625)
	at java.base/java.util.stream.AbstractPipeline.copyInto(AbstractPipeline.java:509)
	at java.base/java.util.stream.AbstractPipeline.wrapAndCopyInto(AbstractPipeline.java:499)
	at java.base/java.util.stream.StreamSpliterators$WrappingSpliterator.forEachRemaining(StreamSpliterators.java:310)
	at java.base/java.util.stream.Streams$ConcatSpliterator.forEachRemaining(Streams.java:735)
	at java.base/java.util.stream.ReferencePipeline$Head.forEach(ReferencePipeline.java:762)
	at org.junit.jupiter.engine.descriptor.ClassBasedTestDescriptor.invokeTestInstancePostProcessors(ClassBasedTestDescriptor.java:377)
	at org.junit.jupiter.engine.descriptor.ClassBasedTestDescriptor.lambda$instantiateAndPostProcessTestInstance$6(ClassBasedTestDescriptor.java:290)
	at org.junit.platform.engine.support.hierarchical.ThrowableCollector.execute(ThrowableCollector.java:73)
	at org.junit.jupiter.engine.descriptor.ClassBasedTestDescriptor.instantiateAndPostProcessTestInstance(ClassBasedTestDescriptor.java:289)
	at org.junit.jupiter.engine.descriptor.ClassBasedTestDescriptor.lambda$testInstancesProvider$4(ClassBasedTestDescriptor.java:279)
	at java.base/java.util.Optional.orElseGet(Optional.java:364)
	at org.junit.jupiter.engine.descriptor.ClassBasedTestDescriptor.lambda$testInstancesProvider$5(ClassBasedTestDescriptor.java:278)
	at org.junit.jupiter.engine.execution.TestInstancesProvider.getTestInstances(TestInstancesProvider.java:31)
	at org.junit.jupiter.engine.descriptor.ClassBasedTestDescriptor.lambda$before$2(ClassBasedTestDescriptor.java:204)
	at org.junit.platform.engine.support.hierarchical.ThrowableCollector.execute(ThrowableCollector.java:73)
	at org.junit.jupiter.engine.descriptor.ClassBasedTestDescriptor.before(ClassBasedTestDescriptor.java:203)
	at org.junit.jupiter.engine.descriptor.ClassBasedTestDescriptor.before(ClassBasedTestDescriptor.java:85)
	at org.junit.platform.engine.support.hierarchical.NodeTestTask.lambda$executeRecursively$6(NodeTestTask.java:153)
	at org.junit.platform.engine.support.hierarchical.ThrowableCollector.execute(ThrowableCollector.java:73)
	at org.junit.platform.engine.support.hierarchical.NodeTestTask.lambda$executeRecursively$8(NodeTestTask.java:146)
	at org.junit.platform.engine.support.hierarchical.Node.around(Node.java:137)
	at org.junit.platform.engine.support.hierarchical.NodeTestTask.lambda$executeRecursively$9(NodeTestTask.java:144)
	at org.junit.platform.engine.support.hierarchical.ThrowableCollector.execute(ThrowableCollector.java:73)
	at org.junit.platform.engine.support.hierarchical.NodeTestTask.executeRecursively(NodeTestTask.java:143)
	at org.junit.platform.engine.support.hierarchical.NodeTestTask.execute(NodeTestTask.java:100)
	at java.base/java.util.ArrayList.forEach(ArrayList.java:1511)
	at org.junit.platform.engine.support.hierarchical.SameThreadHierarchicalTestExecutorService.invokeAll(SameThreadHierarchicalTestExecutorService.java:41)
	at org.junit.platform.engine.support.hierarchical.NodeTestTask.lambda$executeRecursively$6(NodeTestTask.java:160)
	at org.junit.platform.engine.support.hierarchical.ThrowableCollector.execute(ThrowableCollector.java:73)
	at org.junit.platform.engine.support.hierarchical.NodeTestTask.lambda$executeRecursively$8(NodeTestTask.java:146)
	at org.junit.platform.engine.support.hierarchical.Node.around(Node.java:137)
	at org.junit.platform.engine.support.hierarchical.NodeTestTask.lambda$executeRecursively$9(NodeTestTask.java:144)
	at org.junit.platform.engine.support.hierarchical.ThrowableCollector.execute(ThrowableCollector.java:73)
	at org.junit.platform.engine.support.hierarchical.NodeTestTask.executeRecursively(NodeTestTask.java:143)
	at org.junit.platform.engine.support.hierarchical.NodeTestTask.execute(NodeTestTask.java:100)
	at org.junit.platform.engine.support.hierarchical.SameThreadHierarchicalTestExecutorService.submit(SameThreadHierarchicalTestExecutorService.java:35)
	at org.junit.platform.engine.support.hierarchical.HierarchicalTestExecutor.execute(HierarchicalTestExecutor.java:57)
	at org.junit.platform.engine.support.hierarchical.HierarchicalTestEngine.execute(HierarchicalTestEngine.java:54)
	at org.junit.platform.launcher.core.EngineExecutionOrchestrator.execute(EngineExecutionOrchestrator.java:198)
	at org.junit.platform.launcher.core.EngineExecutionOrchestrator.execute(EngineExecutionOrchestrator.java:169)
	at org.junit.platform.launcher.core.EngineExecutionOrchestrator.execute(EngineExecutionOrchestrator.java:93)
	at org.junit.platform.launcher.core.EngineExecutionOrchestrator.lambda$execute$0(EngineExecutionOrchestrator.java:58)
	at org.junit.platform.launcher.core.EngineExecutionOrchestrator.withInterceptedStreams(EngineExecutionOrchestrator.java:141)
	at org.junit.platform.launcher.core.EngineExecutionOrchestrator.execute(EngineExecutionOrchestrator.java:57)
	at org.junit.platform.launcher.core.DefaultLauncher.execute(DefaultLauncher.java:103)
	at org.junit.platform.launcher.core.DefaultLauncher.execute(DefaultLauncher.java:85)
	at org.junit.platform.launcher.core.DelegatingLauncher.execute(DelegatingLauncher.java:47)
	at org.apache.maven.surefire.junitplatform.LazyLauncher.execute(LazyLauncher.java:56)
	at org.apache.maven.surefire.junitplatform.JUnitPlatformProvider.execute(JUnitPlatformProvider.java:184)
	at org.apache.maven.surefire.junitplatform.JUnitPlatformProvider.invokeAllTests(JUnitPlatformProvider.java:148)
	at org.apache.maven.surefire.junitplatform.JUnitPlatformProvider.invoke(JUnitPlatformProvider.java:122)
	at org.apache.maven.surefire.booter.ForkedBooter.runSuitesInProcess(ForkedBooter.java:385)
	at org.apache.maven.surefire.booter.ForkedBooter.execute(ForkedBooter.java:162)
	at org.apache.maven.surefire.booter.ForkedBooter.run(ForkedBooter.java:507)
	at org.apache.maven.surefire.booter.ForkedBooter.main(ForkedBooter.java:495)
Caused by: org.h2.jdbc.JdbcSQLSyntaxErrorException: Syntax error in SQL statement "create table events (created_by bigint not null, event_date datetime(6), id bigint not null auto_increment, description TEXT, location varchar(255), title varchar(255) not null, primary key (id)) engine[*]=InnoDB"; expected "identifier"; SQL statement:
create table events (created_by bigint not null, event_date datetime(6), id bigint not null auto_increment, description TEXT, location varchar(255), title varchar(255) not null, primary key (id)) engine=InnoDB [42001-224]
	at org.h2.message.DbException.getJdbcSQLException(DbException.java:514)
	at org.h2.message.DbException.getJdbcSQLException(DbException.java:489)
	at org.h2.message.DbException.getSyntaxError(DbException.java:261)
	at org.h2.command.Parser.readIdentifier(Parser.java:5533)
	at org.h2.command.Parser.parseCreateTable(Parser.java:8947)
	at org.h2.command.Parser.parseCreate(Parser.java:6404)
	at org.h2.command.Parser.parsePrepared(Parser.java:666)
	at org.h2.command.Parser.parse(Parser.java:592)
	at org.h2.command.Parser.parse(Parser.java:564)
	at org.h2.command.Parser.prepareCommand(Parser.java:483)
	at org.h2.engine.SessionLocal.prepareLocal(SessionLocal.java:639)
	at org.h2.engine.SessionLocal.prepareCommand(SessionLocal.java:559)
	at org.h2.jdbc.JdbcConnection.prepareCommand(JdbcConnection.java:1166)
	at org.h2.jdbc.JdbcStatement.executeInternal(JdbcStatement.java:245)
	at org.h2.jdbc.JdbcStatement.execute(JdbcStatement.java:231)
	at com.zaxxer.hikari.pool.ProxyStatement.execute(ProxyStatement.java:94)
	at com.zaxxer.hikari.pool.HikariProxyStatement.execute(HikariProxyStatement.java)
	at org.hibernate.tool.schema.internal.exec.GenerationTargetToDatabase.accept(GenerationTargetToDatabase.java:80)
	... 110 common frames omitted
2026-03-17 21:39:56 - create table users (created_at datetime(6), id bigint not null auto_increment, email varchar(255) not null, name varchar(255) not null, password varchar(255) not null, role varchar(255) not null, primary key (id)) engine=InnoDB
Hibernate: create table users (created_at datetime(6), id bigint not null auto_increment, email varchar(255) not null, name varchar(255) not null, password varchar(255) not null, role varchar(255) not null, primary key (id)) engine=InnoDB
2026-03-17 21:39:56 - GenerationTarget encountered exception accepting command : Error executing DDL "create table users (created_at datetime(6), id bigint not null auto_increment, email varchar(255) not null, name varchar(255) not null, password varchar(255) not null, role varchar(255) not null, primary key (id)) engine=InnoDB" via JDBC [Syntax error in SQL statement "create table users (created_at datetime(6), id bigint not null auto_increment, email varchar(255) not null, name varchar(255) not null, password varchar(255) not null, role varchar(255) not null, primary key (id)) engine[*]=InnoDB"; expected "identifier";]
org.hibernate.tool.schema.spi.CommandAcceptanceException: Error executing DDL "create table users (created_at datetime(6), id bigint not null auto_increment, email varchar(255) not null, name varchar(255) not null, password varchar(255) not null, role varchar(255) not null, primary key (id)) engine=InnoDB" via JDBC [Syntax error in SQL statement "create table users (created_at datetime(6), id bigint not null auto_increment, email varchar(255) not null, name varchar(255) not null, password varchar(255) not null, role varchar(255) not null, primary key (id)) engine[*]=InnoDB"; expected "identifier";]
	at org.hibernate.tool.schema.internal.exec.GenerationTargetToDatabase.accept(GenerationTargetToDatabase.java:94)
	at org.hibernate.tool.schema.internal.Helper.applySqlString(Helper.java:233)
	at org.hibernate.tool.schema.internal.Helper.applySqlStrings(Helper.java:217)
	at org.hibernate.tool.schema.internal.SchemaCreatorImpl.createTables(SchemaCreatorImpl.java:428)
	at org.hibernate.tool.schema.internal.SchemaCreatorImpl.createSequencesTablesConstraints(SchemaCreatorImpl.java:344)
	at org.hibernate.tool.schema.internal.SchemaCreatorImpl.createFromMetadata(SchemaCreatorImpl.java:239)
	at org.hibernate.tool.schema.internal.SchemaCreatorImpl.performCreation(SchemaCreatorImpl.java:172)
	at org.hibernate.tool.schema.internal.SchemaCreatorImpl.doCreation(SchemaCreatorImpl.java:142)
	at org.hibernate.tool.schema.internal.SchemaCreatorImpl.doCreation(SchemaCreatorImpl.java:118)
	at org.hibernate.tool.schema.spi.SchemaManagementToolCoordinator.performDatabaseAction(SchemaManagementToolCoordinator.java:250)
	at org.hibernate.tool.schema.spi.SchemaManagementToolCoordinator.lambda$process$5(SchemaManagementToolCoordinator.java:144)
	at java.base/java.util.HashMap.forEach(HashMap.java:1421)
	at org.hibernate.tool.schema.spi.SchemaManagementToolCoordinator.process(SchemaManagementToolCoordinator.java:141)
	at org.hibernate.boot.internal.SessionFactoryObserverForSchemaExport.sessionFactoryCreated(SessionFactoryObserverForSchemaExport.java:37)
	at org.hibernate.internal.SessionFactoryObserverChain.sessionFactoryCreated(SessionFactoryObserverChain.java:35)
	at org.hibernate.internal.SessionFactoryImpl.<init>(SessionFactoryImpl.java:322)
	at org.hibernate.boot.internal.SessionFactoryBuilderImpl.build(SessionFactoryBuilderImpl.java:457)
	at org.hibernate.jpa.boot.internal.EntityManagerFactoryBuilderImpl.build(EntityManagerFactoryBuilderImpl.java:1506)
	at org.springframework.orm.jpa.vendor.SpringHibernateJpaPersistenceProvider.createContainerEntityManagerFactory(SpringHibernateJpaPersistenceProvider.java:75)
	at org.springframework.orm.jpa.LocalContainerEntityManagerFactoryBean.createNativeEntityManagerFactory(LocalContainerEntityManagerFactoryBean.java:390)
	at org.springframework.orm.jpa.AbstractEntityManagerFactoryBean.buildNativeEntityManagerFactory(AbstractEntityManagerFactoryBean.java:409)
	at org.springframework.orm.jpa.AbstractEntityManagerFactoryBean.afterPropertiesSet(AbstractEntityManagerFactoryBean.java:396)
	at org.springframework.orm.jpa.LocalContainerEntityManagerFactoryBean.afterPropertiesSet(LocalContainerEntityManagerFactoryBean.java:366)
	at org.springframework.beans.factory.support.AbstractAutowireCapableBeanFactory.invokeInitMethods(AbstractAutowireCapableBeanFactory.java:1853)
	at org.springframework.beans.factory.support.AbstractAutowireCapableBeanFactory.initializeBean(AbstractAutowireCapableBeanFactory.java:1802)
	at org.springframework.beans.factory.support.AbstractAutowireCapableBeanFactory.doCreateBean(AbstractAutowireCapableBeanFactory.java:600)
	at org.springframework.beans.factory.support.AbstractAutowireCapableBeanFactory.createBean(AbstractAutowireCapableBeanFactory.java:522)
	at org.springframework.beans.factory.support.AbstractBeanFactory.lambda$doGetBean$0(AbstractBeanFactory.java:337)
	at org.springframework.beans.factory.support.DefaultSingletonBeanRegistry.getSingleton(DefaultSingletonBeanRegistry.java:234)
	at org.springframework.beans.factory.support.AbstractBeanFactory.doGetBean(AbstractBeanFactory.java:335)
	at org.springframework.beans.factory.support.AbstractBeanFactory.getBean(AbstractBeanFactory.java:205)
	at org.springframework.context.support.AbstractApplicationContext.finishBeanFactoryInitialization(AbstractApplicationContext.java:954)
	at org.springframework.context.support.AbstractApplicationContext.refresh(AbstractApplicationContext.java:625)
	at org.springframework.boot.SpringApplication.refresh(SpringApplication.java:754)
	at org.springframework.boot.SpringApplication.refreshContext(SpringApplication.java:456)
	at org.springframework.boot.SpringApplication.run(SpringApplication.java:335)
	at org.springframework.boot.test.context.SpringBootContextLoader.lambda$loadContext$3(SpringBootContextLoader.java:137)
	at org.springframework.util.function.ThrowingSupplier.get(ThrowingSupplier.java:58)
	at org.springframework.util.function.ThrowingSupplier.get(ThrowingSupplier.java:46)
	at org.springframework.boot.SpringApplication.withHook(SpringApplication.java:1463)
	at org.springframework.boot.test.context.SpringBootContextLoader$ContextLoaderHook.run(SpringBootContextLoader.java:553)
	at org.springframework.boot.test.context.SpringBootContextLoader.loadContext(SpringBootContextLoader.java:137)
	at org.springframework.boot.test.context.SpringBootContextLoader.loadContext(SpringBootContextLoader.java:108)
	at org.springframework.test.context.cache.DefaultCacheAwareContextLoaderDelegate.loadContextInternal(DefaultCacheAwareContextLoaderDelegate.java:225)
	at org.springframework.test.context.cache.DefaultCacheAwareContextLoaderDelegate.loadContext(DefaultCacheAwareContextLoaderDelegate.java:152)
	at org.springframework.test.context.support.DefaultTestContext.getApplicationContext(DefaultTestContext.java:130)
	at org.springframework.test.context.web.ServletTestExecutionListener.setUpRequestContextIfNecessary(ServletTestExecutionListener.java:191)
	at org.springframework.test.context.web.ServletTestExecutionListener.prepareTestInstance(ServletTestExecutionListener.java:130)
	at org.springframework.test.context.TestContextManager.prepareTestInstance(TestContextManager.java:260)
	at org.springframework.test.context.junit.jupiter.SpringExtension.postProcessTestInstance(SpringExtension.java:163)
	at org.junit.jupiter.engine.descriptor.ClassBasedTestDescriptor.lambda$invokeTestInstancePostProcessors$10(ClassBasedTestDescriptor.java:378)
	at org.junit.jupiter.engine.descriptor.ClassBasedTestDescriptor.executeAndMaskThrowable(ClassBasedTestDescriptor.java:383)
	at org.junit.jupiter.engine.descriptor.ClassBasedTestDescriptor.lambda$invokeTestInstancePostProcessors$11(ClassBasedTestDescriptor.java:378)
	at java.base/java.util.stream.ReferencePipeline$3$1.accept(ReferencePipeline.java:197)
	at java.base/java.util.stream.ReferencePipeline$2$1.accept(ReferencePipeline.java:179)
	at java.base/java.util.ArrayList$ArrayListSpliterator.forEachRemaining(ArrayList.java:1625)
	at java.base/java.util.stream.AbstractPipeline.copyInto(AbstractPipeline.java:509)
	at java.base/java.util.stream.AbstractPipeline.wrapAndCopyInto(AbstractPipeline.java:499)
	at java.base/java.util.stream.StreamSpliterators$WrappingSpliterator.forEachRemaining(StreamSpliterators.java:310)
	at java.base/java.util.stream.Streams$ConcatSpliterator.forEachRemaining(Streams.java:735)
	at java.base/java.util.stream.ReferencePipeline$Head.forEach(ReferencePipeline.java:762)
	at org.junit.jupiter.engine.descriptor.ClassBasedTestDescriptor.invokeTestInstancePostProcessors(ClassBasedTestDescriptor.java:377)
	at org.junit.jupiter.engine.descriptor.ClassBasedTestDescriptor.lambda$instantiateAndPostProcessTestInstance$6(ClassBasedTestDescriptor.java:290)
	at org.junit.platform.engine.support.hierarchical.ThrowableCollector.execute(ThrowableCollector.java:73)
	at org.junit.jupiter.engine.descriptor.ClassBasedTestDescriptor.instantiateAndPostProcessTestInstance(ClassBasedTestDescriptor.java:289)
	at org.junit.jupiter.engine.descriptor.ClassBasedTestDescriptor.lambda$testInstancesProvider$4(ClassBasedTestDescriptor.java:279)
	at java.base/java.util.Optional.orElseGet(Optional.java:364)
	at org.junit.jupiter.engine.descriptor.ClassBasedTestDescriptor.lambda$testInstancesProvider$5(ClassBasedTestDescriptor.java:278)
	at org.junit.jupiter.engine.execution.TestInstancesProvider.getTestInstances(TestInstancesProvider.java:31)
	at org.junit.jupiter.engine.descriptor.ClassBasedTestDescriptor.lambda$before$2(ClassBasedTestDescriptor.java:204)
	at org.junit.platform.engine.support.hierarchical.ThrowableCollector.execute(ThrowableCollector.java:73)
	at org.junit.jupiter.engine.descriptor.ClassBasedTestDescriptor.before(ClassBasedTestDescriptor.java:203)
	at org.junit.jupiter.engine.descriptor.ClassBasedTestDescriptor.before(ClassBasedTestDescriptor.java:85)
	at org.junit.platform.engine.support.hierarchical.NodeTestTask.lambda$executeRecursively$6(NodeTestTask.java:153)
	at org.junit.platform.engine.support.hierarchical.ThrowableCollector.execute(ThrowableCollector.java:73)
	at org.junit.platform.engine.support.hierarchical.NodeTestTask.lambda$executeRecursively$8(NodeTestTask.java:146)
	at org.junit.platform.engine.support.hierarchical.Node.around(Node.java:137)
	at org.junit.platform.engine.support.hierarchical.NodeTestTask.lambda$executeRecursively$9(NodeTestTask.java:144)
	at org.junit.platform.engine.support.hierarchical.ThrowableCollector.execute(ThrowableCollector.java:73)
	at org.junit.platform.engine.support.hierarchical.NodeTestTask.executeRecursively(NodeTestTask.java:143)
	at org.junit.platform.engine.support.hierarchical.NodeTestTask.execute(NodeTestTask.java:100)
	at java.base/java.util.ArrayList.forEach(ArrayList.java:1511)
	at org.junit.platform.engine.support.hierarchical.SameThreadHierarchicalTestExecutorService.invokeAll(SameThreadHierarchicalTestExecutorService.java:41)
	at org.junit.platform.engine.support.hierarchical.NodeTestTask.lambda$executeRecursively$6(NodeTestTask.java:160)
	at org.junit.platform.engine.support.hierarchical.ThrowableCollector.execute(ThrowableCollector.java:73)
	at org.junit.platform.engine.support.hierarchical.NodeTestTask.lambda$executeRecursively$8(NodeTestTask.java:146)
	at org.junit.platform.engine.support.hierarchical.Node.around(Node.java:137)
	at org.junit.platform.engine.support.hierarchical.NodeTestTask.lambda$executeRecursively$9(NodeTestTask.java:144)
	at org.junit.platform.engine.support.hierarchical.ThrowableCollector.execute(ThrowableCollector.java:73)
	at org.junit.platform.engine.support.hierarchical.NodeTestTask.executeRecursively(NodeTestTask.java:143)
	at org.junit.platform.engine.support.hierarchical.NodeTestTask.execute(NodeTestTask.java:100)
	at org.junit.platform.engine.support.hierarchical.SameThreadHierarchicalTestExecutorService.submit(SameThreadHierarchicalTestExecutorService.java:35)
	at org.junit.platform.engine.support.hierarchical.HierarchicalTestExecutor.execute(HierarchicalTestExecutor.java:57)
	at org.junit.platform.engine.support.hierarchical.HierarchicalTestEngine.execute(HierarchicalTestEngine.java:54)
	at org.junit.platform.launcher.core.EngineExecutionOrchestrator.execute(EngineExecutionOrchestrator.java:198)
	at org.junit.platform.launcher.core.EngineExecutionOrchestrator.execute(EngineExecutionOrchestrator.java:169)
	at org.junit.platform.launcher.core.EngineExecutionOrchestrator.execute(EngineExecutionOrchestrator.java:93)
	at org.junit.platform.launcher.core.EngineExecutionOrchestrator.lambda$execute$0(EngineExecutionOrchestrator.java:58)
	at org.junit.platform.launcher.core.EngineExecutionOrchestrator.withInterceptedStreams(EngineExecutionOrchestrator.java:141)
	at org.junit.platform.launcher.core.EngineExecutionOrchestrator.execute(EngineExecutionOrchestrator.java:57)
	at org.junit.platform.launcher.core.DefaultLauncher.execute(DefaultLauncher.java:103)
	at org.junit.platform.launcher.core.DefaultLauncher.execute(DefaultLauncher.java:85)
	at org.junit.platform.launcher.core.DelegatingLauncher.execute(DelegatingLauncher.java:47)
	at org.apache.maven.surefire.junitplatform.LazyLauncher.execute(LazyLauncher.java:56)
	at org.apache.maven.surefire.junitplatform.JUnitPlatformProvider.execute(JUnitPlatformProvider.java:184)
	at org.apache.maven.surefire.junitplatform.JUnitPlatformProvider.invokeAllTests(JUnitPlatformProvider.java:148)
	at org.apache.maven.surefire.junitplatform.JUnitPlatformProvider.invoke(JUnitPlatformProvider.java:122)
	at org.apache.maven.surefire.booter.ForkedBooter.runSuitesInProcess(ForkedBooter.java:385)
	at org.apache.maven.surefire.booter.ForkedBooter.execute(ForkedBooter.java:162)
	at org.apache.maven.surefire.booter.ForkedBooter.run(ForkedBooter.java:507)
	at org.apache.maven.surefire.booter.ForkedBooter.main(ForkedBooter.java:495)
Caused by: org.h2.jdbc.JdbcSQLSyntaxErrorException: Syntax error in SQL statement "create table users (created_at datetime(6), id bigint not null auto_increment, email varchar(255) not null, name varchar(255) not null, password varchar(255) not null, role varchar(255) not null, primary key (id)) engine[*]=InnoDB"; expected "identifier"; SQL statement:
create table users (created_at datetime(6), id bigint not null auto_increment, email varchar(255) not null, name varchar(255) not null, password varchar(255) not null, role varchar(255) not null, primary key (id)) engine=InnoDB [42001-224]
	at org.h2.message.DbException.getJdbcSQLException(DbException.java:514)
	at org.h2.message.DbException.getJdbcSQLException(DbException.java:489)
	at org.h2.message.DbException.getSyntaxError(DbException.java:261)
	at org.h2.command.Parser.readIdentifier(Parser.java:5533)
	at org.h2.command.Parser.parseCreateTable(Parser.java:8947)
	at org.h2.command.Parser.parseCreate(Parser.java:6404)
	at org.h2.command.Parser.parsePrepared(Parser.java:666)
	at org.h2.command.Parser.parse(Parser.java:592)
	at org.h2.command.Parser.parse(Parser.java:564)
	at org.h2.command.Parser.prepareCommand(Parser.java:483)
	at org.h2.engine.SessionLocal.prepareLocal(SessionLocal.java:639)
	at org.h2.engine.SessionLocal.prepareCommand(SessionLocal.java:559)
	at org.h2.jdbc.JdbcConnection.prepareCommand(JdbcConnection.java:1166)
	at org.h2.jdbc.JdbcStatement.executeInternal(JdbcStatement.java:245)
	at org.h2.jdbc.JdbcStatement.execute(JdbcStatement.java:231)
	at com.zaxxer.hikari.pool.ProxyStatement.execute(ProxyStatement.java:94)
	at com.zaxxer.hikari.pool.HikariProxyStatement.execute(HikariProxyStatement.java)
	at org.hibernate.tool.schema.internal.exec.GenerationTargetToDatabase.accept(GenerationTargetToDatabase.java:80)
	... 110 common frames omitted
2026-03-17 21:39:56 - alter table users add constraint UK6dotkott2kjsp8vw4d0m25fb7 unique (email)
Hibernate: alter table users add constraint UK6dotkott2kjsp8vw4d0m25fb7 unique (email)
2026-03-17 21:39:56 - GenerationTarget encountered exception accepting command : Error executing DDL "alter table users add constraint UK6dotkott2kjsp8vw4d0m25fb7 unique (email)" via JDBC [Table "USERS" not found;]
org.hibernate.tool.schema.spi.CommandAcceptanceException: Error executing DDL "alter table users add constraint UK6dotkott2kjsp8vw4d0m25fb7 unique (email)" via JDBC [Table "USERS" not found;]
	at org.hibernate.tool.schema.internal.exec.GenerationTargetToDatabase.accept(GenerationTargetToDatabase.java:94)
	at org.hibernate.tool.schema.internal.Helper.applySqlString(Helper.java:233)
	at org.hibernate.tool.schema.internal.Helper.applySqlStrings(Helper.java:217)
	at org.hibernate.tool.schema.internal.SchemaCreatorImpl.createTableConstraints(SchemaCreatorImpl.java:400)
	at org.hibernate.tool.schema.internal.SchemaCreatorImpl.createSequencesTablesConstraints(SchemaCreatorImpl.java:356)
	at org.hibernate.tool.schema.internal.SchemaCreatorImpl.createFromMetadata(SchemaCreatorImpl.java:239)
	at org.hibernate.tool.schema.internal.SchemaCreatorImpl.performCreation(SchemaCreatorImpl.java:172)
	at org.hibernate.tool.schema.internal.SchemaCreatorImpl.doCreation(SchemaCreatorImpl.java:142)
	at org.hibernate.tool.schema.internal.SchemaCreatorImpl.doCreation(SchemaCreatorImpl.java:118)
	at org.hibernate.tool.schema.spi.SchemaManagementToolCoordinator.performDatabaseAction(SchemaManagementToolCoordinator.java:250)
	at org.hibernate.tool.schema.spi.SchemaManagementToolCoordinator.lambda$process$5(SchemaManagementToolCoordinator.java:144)
	at java.base/java.util.HashMap.forEach(HashMap.java:1421)
	at org.hibernate.tool.schema.spi.SchemaManagementToolCoordinator.process(SchemaManagementToolCoordinator.java:141)
	at org.hibernate.boot.internal.SessionFactoryObserverForSchemaExport.sessionFactoryCreated(SessionFactoryObserverForSchemaExport.java:37)
	at org.hibernate.internal.SessionFactoryObserverChain.sessionFactoryCreated(SessionFactoryObserverChain.java:35)
	at org.hibernate.internal.SessionFactoryImpl.<init>(SessionFactoryImpl.java:322)
	at org.hibernate.boot.internal.SessionFactoryBuilderImpl.build(SessionFactoryBuilderImpl.java:457)
	at org.hibernate.jpa.boot.internal.EntityManagerFactoryBuilderImpl.build(EntityManagerFactoryBuilderImpl.java:1506)
	at org.springframework.orm.jpa.vendor.SpringHibernateJpaPersistenceProvider.createContainerEntityManagerFactory(SpringHibernateJpaPersistenceProvider.java:75)
	at org.springframework.orm.jpa.LocalContainerEntityManagerFactoryBean.createNativeEntityManagerFactory(LocalContainerEntityManagerFactoryBean.java:390)
	at org.springframework.orm.jpa.AbstractEntityManagerFactoryBean.buildNativeEntityManagerFactory(AbstractEntityManagerFactoryBean.java:409)
	at org.springframework.orm.jpa.AbstractEntityManagerFactoryBean.afterPropertiesSet(AbstractEntityManagerFactoryBean.java:396)
	at org.springframework.orm.jpa.LocalContainerEntityManagerFactoryBean.afterPropertiesSet(LocalContainerEntityManagerFactoryBean.java:366)
	at org.springframework.beans.factory.support.AbstractAutowireCapableBeanFactory.invokeInitMethods(AbstractAutowireCapableBeanFactory.java:1853)
	at org.springframework.beans.factory.support.AbstractAutowireCapableBeanFactory.initializeBean(AbstractAutowireCapableBeanFactory.java:1802)
	at org.springframework.beans.factory.support.AbstractAutowireCapableBeanFactory.doCreateBean(AbstractAutowireCapableBeanFactory.java:600)
	at org.springframework.beans.factory.support.AbstractAutowireCapableBeanFactory.createBean(AbstractAutowireCapableBeanFactory.java:522)
	at org.springframework.beans.factory.support.AbstractBeanFactory.lambda$doGetBean$0(AbstractBeanFactory.java:337)
	at org.springframework.beans.factory.support.DefaultSingletonBeanRegistry.getSingleton(DefaultSingletonBeanRegistry.java:234)
	at org.springframework.beans.factory.support.AbstractBeanFactory.doGetBean(AbstractBeanFactory.java:335)
	at org.springframework.beans.factory.support.AbstractBeanFactory.getBean(AbstractBeanFactory.java:205)
	at org.springframework.context.support.AbstractApplicationContext.finishBeanFactoryInitialization(AbstractApplicationContext.java:954)
	at org.springframework.context.support.AbstractApplicationContext.refresh(AbstractApplicationContext.java:625)
	at org.springframework.boot.SpringApplication.refresh(SpringApplication.java:754)
	at org.springframework.boot.SpringApplication.refreshContext(SpringApplication.java:456)
	at org.springframework.boot.SpringApplication.run(SpringApplication.java:335)
	at org.springframework.boot.test.context.SpringBootContextLoader.lambda$loadContext$3(SpringBootContextLoader.java:137)
	at org.springframework.util.function.ThrowingSupplier.get(ThrowingSupplier.java:58)
	at org.springframework.util.function.ThrowingSupplier.get(ThrowingSupplier.java:46)
	at org.springframework.boot.SpringApplication.withHook(SpringApplication.java:1463)
	at org.springframework.boot.test.context.SpringBootContextLoader$ContextLoaderHook.run(SpringBootContextLoader.java:553)
	at org.springframework.boot.test.context.SpringBootContextLoader.loadContext(SpringBootContextLoader.java:137)
	at org.springframework.boot.test.context.SpringBootContextLoader.loadContext(SpringBootContextLoader.java:108)
	at org.springframework.test.context.cache.DefaultCacheAwareContextLoaderDelegate.loadContextInternal(DefaultCacheAwareContextLoaderDelegate.java:225)
	at org.springframework.test.context.cache.DefaultCacheAwareContextLoaderDelegate.loadContext(DefaultCacheAwareContextLoaderDelegate.java:152)
	at org.springframework.test.context.support.DefaultTestContext.getApplicationContext(DefaultTestContext.java:130)
	at org.springframework.test.context.web.ServletTestExecutionListener.setUpRequestContextIfNecessary(ServletTestExecutionListener.java:191)
	at org.springframework.test.context.web.ServletTestExecutionListener.prepareTestInstance(ServletTestExecutionListener.java:130)
	at org.springframework.test.context.TestContextManager.prepareTestInstance(TestContextManager.java:260)
	at org.springframework.test.context.junit.jupiter.SpringExtension.postProcessTestInstance(SpringExtension.java:163)
	at org.junit.jupiter.engine.descriptor.ClassBasedTestDescriptor.lambda$invokeTestInstancePostProcessors$10(ClassBasedTestDescriptor.java:378)
	at org.junit.jupiter.engine.descriptor.ClassBasedTestDescriptor.executeAndMaskThrowable(ClassBasedTestDescriptor.java:383)
	at org.junit.jupiter.engine.descriptor.ClassBasedTestDescriptor.lambda$invokeTestInstancePostProcessors$11(ClassBasedTestDescriptor.java:378)
	at java.base/java.util.stream.ReferencePipeline$3$1.accept(ReferencePipeline.java:197)
	at java.base/java.util.stream.ReferencePipeline$2$1.accept(ReferencePipeline.java:179)
	at java.base/java.util.ArrayList$ArrayListSpliterator.forEachRemaining(ArrayList.java:1625)
	at java.base/java.util.stream.AbstractPipeline.copyInto(AbstractPipeline.java:509)
	at java.base/java.util.stream.AbstractPipeline.wrapAndCopyInto(AbstractPipeline.java:499)
	at java.base/java.util.stream.StreamSpliterators$WrappingSpliterator.forEachRemaining(StreamSpliterators.java:310)
	at java.base/java.util.stream.Streams$ConcatSpliterator.forEachRemaining(Streams.java:735)
	at java.base/java.util.stream.ReferencePipeline$Head.forEach(ReferencePipeline.java:762)
	at org.junit.jupiter.engine.descriptor.ClassBasedTestDescriptor.invokeTestInstancePostProcessors(ClassBasedTestDescriptor.java:377)
	at org.junit.jupiter.engine.descriptor.ClassBasedTestDescriptor.lambda$instantiateAndPostProcessTestInstance$6(ClassBasedTestDescriptor.java:290)
	at org.junit.platform.engine.support.hierarchical.ThrowableCollector.execute(ThrowableCollector.java:73)
	at org.junit.jupiter.engine.descriptor.ClassBasedTestDescriptor.instantiateAndPostProcessTestInstance(ClassBasedTestDescriptor.java:289)
	at org.junit.jupiter.engine.descriptor.ClassBasedTestDescriptor.lambda$testInstancesProvider$4(ClassBasedTestDescriptor.java:279)
	at java.base/java.util.Optional.orElseGet(Optional.java:364)
	at org.junit.jupiter.engine.descriptor.ClassBasedTestDescriptor.lambda$testInstancesProvider$5(ClassBasedTestDescriptor.java:278)
	at org.junit.jupiter.engine.execution.TestInstancesProvider.getTestInstances(TestInstancesProvider.java:31)
	at org.junit.jupiter.engine.descriptor.ClassBasedTestDescriptor.lambda$before$2(ClassBasedTestDescriptor.java:204)
	at org.junit.platform.engine.support.hierarchical.ThrowableCollector.execute(ThrowableCollector.java:73)
	at org.junit.jupiter.engine.descriptor.ClassBasedTestDescriptor.before(ClassBasedTestDescriptor.java:203)
	at org.junit.jupiter.engine.descriptor.ClassBasedTestDescriptor.before(ClassBasedTestDescriptor.java:85)
	at org.junit.platform.engine.support.hierarchical.NodeTestTask.lambda$executeRecursively$6(NodeTestTask.java:153)
	at org.junit.platform.engine.support.hierarchical.ThrowableCollector.execute(ThrowableCollector.java:73)
	at org.junit.platform.engine.support.hierarchical.NodeTestTask.lambda$executeRecursively$8(NodeTestTask.java:146)
	at org.junit.platform.engine.support.hierarchical.Node.around(Node.java:137)
	at org.junit.platform.engine.support.hierarchical.NodeTestTask.lambda$executeRecursively$9(NodeTestTask.java:144)
	at org.junit.platform.engine.support.hierarchical.ThrowableCollector.execute(ThrowableCollector.java:73)
	at org.junit.platform.engine.support.hierarchical.NodeTestTask.executeRecursively(NodeTestTask.java:143)
	at org.junit.platform.engine.support.hierarchical.NodeTestTask.execute(NodeTestTask.java:100)
	at java.base/java.util.ArrayList.forEach(ArrayList.java:1511)
	at org.junit.platform.engine.support.hierarchical.SameThreadHierarchicalTestExecutorService.invokeAll(SameThreadHierarchicalTestExecutorService.java:41)
	at org.junit.platform.engine.support.hierarchical.NodeTestTask.lambda$executeRecursively$6(NodeTestTask.java:160)
	at org.junit.platform.engine.support.hierarchical.ThrowableCollector.execute(ThrowableCollector.java:73)
	at org.junit.platform.engine.support.hierarchical.NodeTestTask.lambda$executeRecursively$8(NodeTestTask.java:146)
	at org.junit.platform.engine.support.hierarchical.Node.around(Node.java:137)
	at org.junit.platform.engine.support.hierarchical.NodeTestTask.lambda$executeRecursively$9(NodeTestTask.java:144)
	at org.junit.platform.engine.support.hierarchical.ThrowableCollector.execute(ThrowableCollector.java:73)
	at org.junit.platform.engine.support.hierarchical.NodeTestTask.executeRecursively(NodeTestTask.java:143)
	at org.junit.platform.engine.support.hierarchical.NodeTestTask.execute(NodeTestTask.java:100)
	at org.junit.platform.engine.support.hierarchical.SameThreadHierarchicalTestExecutorService.submit(SameThreadHierarchicalTestExecutorService.java:35)
	at org.junit.platform.engine.support.hierarchical.HierarchicalTestExecutor.execute(HierarchicalTestExecutor.java:57)
	at org.junit.platform.engine.support.hierarchical.HierarchicalTestEngine.execute(HierarchicalTestEngine.java:54)
	at org.junit.platform.launcher.core.EngineExecutionOrchestrator.execute(EngineExecutionOrchestrator.java:198)
	at org.junit.platform.launcher.core.EngineExecutionOrchestrator.execute(EngineExecutionOrchestrator.java:169)
	at org.junit.platform.launcher.core.EngineExecutionOrchestrator.execute(EngineExecutionOrchestrator.java:93)
	at org.junit.platform.launcher.core.EngineExecutionOrchestrator.lambda$execute$0(EngineExecutionOrchestrator.java:58)
	at org.junit.platform.launcher.core.EngineExecutionOrchestrator.withInterceptedStreams(EngineExecutionOrchestrator.java:141)
	at org.junit.platform.launcher.core.EngineExecutionOrchestrator.execute(EngineExecutionOrchestrator.java:57)
	at org.junit.platform.launcher.core.DefaultLauncher.execute(DefaultLauncher.java:103)
	at org.junit.platform.launcher.core.DefaultLauncher.execute(DefaultLauncher.java:85)
	at org.junit.platform.launcher.core.DelegatingLauncher.execute(DelegatingLauncher.java:47)
	at org.apache.maven.surefire.junitplatform.LazyLauncher.execute(LazyLauncher.java:56)
	at org.apache.maven.surefire.junitplatform.JUnitPlatformProvider.execute(JUnitPlatformProvider.java:184)
	at org.apache.maven.surefire.junitplatform.JUnitPlatformProvider.invokeAllTests(JUnitPlatformProvider.java:148)
	at org.apache.maven.surefire.junitplatform.JUnitPlatformProvider.invoke(JUnitPlatformProvider.java:122)
	at org.apache.maven.surefire.booter.ForkedBooter.runSuitesInProcess(ForkedBooter.java:385)
	at org.apache.maven.surefire.booter.ForkedBooter.execute(ForkedBooter.java:162)
	at org.apache.maven.surefire.booter.ForkedBooter.run(ForkedBooter.java:507)
	at org.apache.maven.surefire.booter.ForkedBooter.main(ForkedBooter.java:495)
Caused by: org.h2.jdbc.JdbcSQLSyntaxErrorException: Table "USERS" not found; SQL statement:
alter table users add constraint UK6dotkott2kjsp8vw4d0m25fb7 unique (email) [42102-224]
	at org.h2.message.DbException.getJdbcSQLException(DbException.java:514)
	at org.h2.message.DbException.getJdbcSQLException(DbException.java:489)
	at org.h2.message.DbException.get(DbException.java:223)
	at org.h2.message.DbException.get(DbException.java:199)
	at org.h2.command.ddl.AlterTable.update(AlterTable.java:43)
	at org.h2.command.CommandContainer.update(CommandContainer.java:169)
	at org.h2.command.Command.executeUpdate(Command.java:256)
	at org.h2.jdbc.JdbcStatement.executeInternal(JdbcStatement.java:262)
	at org.h2.jdbc.JdbcStatement.execute(JdbcStatement.java:231)
	at com.zaxxer.hikari.pool.ProxyStatement.execute(ProxyStatement.java:94)
	at com.zaxxer.hikari.pool.HikariProxyStatement.execute(HikariProxyStatement.java)
	at org.hibernate.tool.schema.internal.exec.GenerationTargetToDatabase.accept(GenerationTargetToDatabase.java:80)
	... 110 common frames omitted
2026-03-17 21:39:56 - alter table bookings add constraint FK2ww82bk3npaiyu9oeehwtt2q3 foreign key (event_id) references events (id)
Hibernate: alter table bookings add constraint FK2ww82bk3npaiyu9oeehwtt2q3 foreign key (event_id) references events (id)
2026-03-17 21:39:56 - GenerationTarget encountered exception accepting command : Error executing DDL "alter table bookings add constraint FK2ww82bk3npaiyu9oeehwtt2q3 foreign key (event_id) references events (id)" via JDBC [Table "BOOKINGS" not found;]
org.hibernate.tool.schema.spi.CommandAcceptanceException: Error executing DDL "alter table bookings add constraint FK2ww82bk3npaiyu9oeehwtt2q3 foreign key (event_id) references events (id)" via JDBC [Table "BOOKINGS" not found;]
	at org.hibernate.tool.schema.internal.exec.GenerationTargetToDatabase.accept(GenerationTargetToDatabase.java:94)
	at org.hibernate.tool.schema.internal.Helper.applySqlString(Helper.java:233)
	at org.hibernate.tool.schema.internal.Helper.applySqlStrings(Helper.java:217)
	at org.hibernate.tool.schema.internal.SchemaCreatorImpl.createForeignKeys(SchemaCreatorImpl.java:305)
	at org.hibernate.tool.schema.internal.SchemaCreatorImpl.createFromMetadata(SchemaCreatorImpl.java:251)
	at org.hibernate.tool.schema.internal.SchemaCreatorImpl.performCreation(SchemaCreatorImpl.java:172)
	at org.hibernate.tool.schema.internal.SchemaCreatorImpl.doCreation(SchemaCreatorImpl.java:142)
	at org.hibernate.tool.schema.internal.SchemaCreatorImpl.doCreation(SchemaCreatorImpl.java:118)
	at org.hibernate.tool.schema.spi.SchemaManagementToolCoordinator.performDatabaseAction(SchemaManagementToolCoordinator.java:250)
	at org.hibernate.tool.schema.spi.SchemaManagementToolCoordinator.lambda$process$5(SchemaManagementToolCoordinator.java:144)
	at java.base/java.util.HashMap.forEach(HashMap.java:1421)
	at org.hibernate.tool.schema.spi.SchemaManagementToolCoordinator.process(SchemaManagementToolCoordinator.java:141)
	at org.hibernate.boot.internal.SessionFactoryObserverForSchemaExport.sessionFactoryCreated(SessionFactoryObserverForSchemaExport.java:37)
	at org.hibernate.internal.SessionFactoryObserverChain.sessionFactoryCreated(SessionFactoryObserverChain.java:35)
	at org.hibernate.internal.SessionFactoryImpl.<init>(SessionFactoryImpl.java:322)
	at org.hibernate.boot.internal.SessionFactoryBuilderImpl.build(SessionFactoryBuilderImpl.java:457)
	at org.hibernate.jpa.boot.internal.EntityManagerFactoryBuilderImpl.build(EntityManagerFactoryBuilderImpl.java:1506)
	at org.springframework.orm.jpa.vendor.SpringHibernateJpaPersistenceProvider.createContainerEntityManagerFactory(SpringHibernateJpaPersistenceProvider.java:75)
	at org.springframework.orm.jpa.LocalContainerEntityManagerFactoryBean.createNativeEntityManagerFactory(LocalContainerEntityManagerFactoryBean.java:390)
	at org.springframework.orm.jpa.AbstractEntityManagerFactoryBean.buildNativeEntityManagerFactory(AbstractEntityManagerFactoryBean.java:409)
	at org.springframework.orm.jpa.AbstractEntityManagerFactoryBean.afterPropertiesSet(AbstractEntityManagerFactoryBean.java:396)
	at org.springframework.orm.jpa.LocalContainerEntityManagerFactoryBean.afterPropertiesSet(LocalContainerEntityManagerFactoryBean.java:366)
	at org.springframework.beans.factory.support.AbstractAutowireCapableBeanFactory.invokeInitMethods(AbstractAutowireCapableBeanFactory.java:1853)
	at org.springframework.beans.factory.support.AbstractAutowireCapableBeanFactory.initializeBean(AbstractAutowireCapableBeanFactory.java:1802)
	at org.springframework.beans.factory.support.AbstractAutowireCapableBeanFactory.doCreateBean(AbstractAutowireCapableBeanFactory.java:600)
	at org.springframework.beans.factory.support.AbstractAutowireCapableBeanFactory.createBean(AbstractAutowireCapableBeanFactory.java:522)
	at org.springframework.beans.factory.support.AbstractBeanFactory.lambda$doGetBean$0(AbstractBeanFactory.java:337)
	at org.springframework.beans.factory.support.DefaultSingletonBeanRegistry.getSingleton(DefaultSingletonBeanRegistry.java:234)
	at org.springframework.beans.factory.support.AbstractBeanFactory.doGetBean(AbstractBeanFactory.java:335)
	at org.springframework.beans.factory.support.AbstractBeanFactory.getBean(AbstractBeanFactory.java:205)
	at org.springframework.context.support.AbstractApplicationContext.finishBeanFactoryInitialization(AbstractApplicationContext.java:954)
	at org.springframework.context.support.AbstractApplicationContext.refresh(AbstractApplicationContext.java:625)
	at org.springframework.boot.SpringApplication.refresh(SpringApplication.java:754)
	at org.springframework.boot.SpringApplication.refreshContext(SpringApplication.java:456)
	at org.springframework.boot.SpringApplication.run(SpringApplication.java:335)
	at org.springframework.boot.test.context.SpringBootContextLoader.lambda$loadContext$3(SpringBootContextLoader.java:137)
	at org.springframework.util.function.ThrowingSupplier.get(ThrowingSupplier.java:58)
	at org.springframework.util.function.ThrowingSupplier.get(ThrowingSupplier.java:46)
	at org.springframework.boot.SpringApplication.withHook(SpringApplication.java:1463)
	at org.springframework.boot.test.context.SpringBootContextLoader$ContextLoaderHook.run(SpringBootContextLoader.java:553)
	at org.springframework.boot.test.context.SpringBootContextLoader.loadContext(SpringBootContextLoader.java:137)
	at org.springframework.boot.test.context.SpringBootContextLoader.loadContext(SpringBootContextLoader.java:108)
	at org.springframework.test.context.cache.DefaultCacheAwareContextLoaderDelegate.loadContextInternal(DefaultCacheAwareContextLoaderDelegate.java:225)
	at org.springframework.test.context.cache.DefaultCacheAwareContextLoaderDelegate.loadContext(DefaultCacheAwareContextLoaderDelegate.java:152)
	at org.springframework.test.context.support.DefaultTestContext.getApplicationContext(DefaultTestContext.java:130)
	at org.springframework.test.context.web.ServletTestExecutionListener.setUpRequestContextIfNecessary(ServletTestExecutionListener.java:191)
	at org.springframework.test.context.web.ServletTestExecutionListener.prepareTestInstance(ServletTestExecutionListener.java:130)
	at org.springframework.test.context.TestContextManager.prepareTestInstance(TestContextManager.java:260)
	at org.springframework.test.context.junit.jupiter.SpringExtension.postProcessTestInstance(SpringExtension.java:163)
	at org.junit.jupiter.engine.descriptor.ClassBasedTestDescriptor.lambda$invokeTestInstancePostProcessors$10(ClassBasedTestDescriptor.java:378)
	at org.junit.jupiter.engine.descriptor.ClassBasedTestDescriptor.executeAndMaskThrowable(ClassBasedTestDescriptor.java:383)
	at org.junit.jupiter.engine.descriptor.ClassBasedTestDescriptor.lambda$invokeTestInstancePostProcessors$11(ClassBasedTestDescriptor.java:378)
	at java.base/java.util.stream.ReferencePipeline$3$1.accept(ReferencePipeline.java:197)
	at java.base/java.util.stream.ReferencePipeline$2$1.accept(ReferencePipeline.java:179)
	at java.base/java.util.ArrayList$ArrayListSpliterator.forEachRemaining(ArrayList.java:1625)
	at java.base/java.util.stream.AbstractPipeline.copyInto(AbstractPipeline.java:509)
	at java.base/java.util.stream.AbstractPipeline.wrapAndCopyInto(AbstractPipeline.java:499)
	at java.base/java.util.stream.StreamSpliterators$WrappingSpliterator.forEachRemaining(StreamSpliterators.java:310)
	at java.base/java.util.stream.Streams$ConcatSpliterator.forEachRemaining(Streams.java:735)
	at java.base/java.util.stream.ReferencePipeline$Head.forEach(ReferencePipeline.java:762)
	at org.junit.jupiter.engine.descriptor.ClassBasedTestDescriptor.invokeTestInstancePostProcessors(ClassBasedTestDescriptor.java:377)
	at org.junit.jupiter.engine.descriptor.ClassBasedTestDescriptor.lambda$instantiateAndPostProcessTestInstance$6(ClassBasedTestDescriptor.java:290)
	at org.junit.platform.engine.support.hierarchical.ThrowableCollector.execute(ThrowableCollector.java:73)
	at org.junit.jupiter.engine.descriptor.ClassBasedTestDescriptor.instantiateAndPostProcessTestInstance(ClassBasedTestDescriptor.java:289)
	at org.junit.jupiter.engine.descriptor.ClassBasedTestDescriptor.lambda$testInstancesProvider$4(ClassBasedTestDescriptor.java:279)
	at java.base/java.util.Optional.orElseGet(Optional.java:364)
	at org.junit.jupiter.engine.descriptor.ClassBasedTestDescriptor.lambda$testInstancesProvider$5(ClassBasedTestDescriptor.java:278)
	at org.junit.jupiter.engine.execution.TestInstancesProvider.getTestInstances(TestInstancesProvider.java:31)
	at org.junit.jupiter.engine.descriptor.ClassBasedTestDescriptor.lambda$before$2(ClassBasedTestDescriptor.java:204)
	at org.junit.platform.engine.support.hierarchical.ThrowableCollector.execute(ThrowableCollector.java:73)
	at org.junit.jupiter.engine.descriptor.ClassBasedTestDescriptor.before(ClassBasedTestDescriptor.java:203)
	at org.junit.jupiter.engine.descriptor.ClassBasedTestDescriptor.before(ClassBasedTestDescriptor.java:85)
	at org.junit.platform.engine.support.hierarchical.NodeTestTask.lambda$executeRecursively$6(NodeTestTask.java:153)
	at org.junit.platform.engine.support.hierarchical.ThrowableCollector.execute(ThrowableCollector.java:73)
	at org.junit.platform.engine.support.hierarchical.NodeTestTask.lambda$executeRecursively$8(NodeTestTask.java:146)
	at org.junit.platform.engine.support.hierarchical.Node.around(Node.java:137)
	at org.junit.platform.engine.support.hierarchical.NodeTestTask.lambda$executeRecursively$9(NodeTestTask.java:144)
	at org.junit.platform.engine.support.hierarchical.ThrowableCollector.execute(ThrowableCollector.java:73)
	at org.junit.platform.engine.support.hierarchical.NodeTestTask.executeRecursively(NodeTestTask.java:143)
	at org.junit.platform.engine.support.hierarchical.NodeTestTask.execute(NodeTestTask.java:100)
	at java.base/java.util.ArrayList.forEach(ArrayList.java:1511)
	at org.junit.platform.engine.support.hierarchical.SameThreadHierarchicalTestExecutorService.invokeAll(SameThreadHierarchicalTestExecutorService.java:41)
	at org.junit.platform.engine.support.hierarchical.NodeTestTask.lambda$executeRecursively$6(NodeTestTask.java:160)
	at org.junit.platform.engine.support.hierarchical.ThrowableCollector.execute(ThrowableCollector.java:73)
	at org.junit.platform.engine.support.hierarchical.NodeTestTask.lambda$executeRecursively$8(NodeTestTask.java:146)
	at org.junit.platform.engine.support.hierarchical.Node.around(Node.java:137)
	at org.junit.platform.engine.support.hierarchical.NodeTestTask.lambda$executeRecursively$9(NodeTestTask.java:144)
	at org.junit.platform.engine.support.hierarchical.ThrowableCollector.execute(ThrowableCollector.java:73)
	at org.junit.platform.engine.support.hierarchical.NodeTestTask.executeRecursively(NodeTestTask.java:143)
	at org.junit.platform.engine.support.hierarchical.NodeTestTask.execute(NodeTestTask.java:100)
	at org.junit.platform.engine.support.hierarchical.SameThreadHierarchicalTestExecutorService.submit(SameThreadHierarchicalTestExecutorService.java:35)
	at org.junit.platform.engine.support.hierarchical.HierarchicalTestExecutor.execute(HierarchicalTestExecutor.java:57)
	at org.junit.platform.engine.support.hierarchical.HierarchicalTestEngine.execute(HierarchicalTestEngine.java:54)
	at org.junit.platform.launcher.core.EngineExecutionOrchestrator.execute(EngineExecutionOrchestrator.java:198)
	at org.junit.platform.launcher.core.EngineExecutionOrchestrator.execute(EngineExecutionOrchestrator.java:169)
	at org.junit.platform.launcher.core.EngineExecutionOrchestrator.execute(EngineExecutionOrchestrator.java:93)
	at org.junit.platform.launcher.core.EngineExecutionOrchestrator.lambda$execute$0(EngineExecutionOrchestrator.java:58)
	at org.junit.platform.launcher.core.EngineExecutionOrchestrator.withInterceptedStreams(EngineExecutionOrchestrator.java:141)
	at org.junit.platform.launcher.core.EngineExecutionOrchestrator.execute(EngineExecutionOrchestrator.java:57)
	at org.junit.platform.launcher.core.DefaultLauncher.execute(DefaultLauncher.java:103)
	at org.junit.platform.launcher.core.DefaultLauncher.execute(DefaultLauncher.java:85)
	at org.junit.platform.launcher.core.DelegatingLauncher.execute(DelegatingLauncher.java:47)
	at org.apache.maven.surefire.junitplatform.LazyLauncher.execute(LazyLauncher.java:56)
	at org.apache.maven.surefire.junitplatform.JUnitPlatformProvider.execute(JUnitPlatformProvider.java:184)
	at org.apache.maven.surefire.junitplatform.JUnitPlatformProvider.invokeAllTests(JUnitPlatformProvider.java:148)
	at org.apache.maven.surefire.junitplatform.JUnitPlatformProvider.invoke(JUnitPlatformProvider.java:122)
	at org.apache.maven.surefire.booter.ForkedBooter.runSuitesInProcess(ForkedBooter.java:385)
	at org.apache.maven.surefire.booter.ForkedBooter.execute(ForkedBooter.java:162)
	at org.apache.maven.surefire.booter.ForkedBooter.run(ForkedBooter.java:507)
	at org.apache.maven.surefire.booter.ForkedBooter.main(ForkedBooter.java:495)
Caused by: org.h2.jdbc.JdbcSQLSyntaxErrorException: Table "BOOKINGS" not found; SQL statement:
alter table bookings add constraint FK2ww82bk3npaiyu9oeehwtt2q3 foreign key (event_id) references events (id) [42102-224]
	at org.h2.message.DbException.getJdbcSQLException(DbException.java:514)
	at org.h2.message.DbException.getJdbcSQLException(DbException.java:489)
	at org.h2.message.DbException.get(DbException.java:223)
	at org.h2.message.DbException.get(DbException.java:199)
	at org.h2.command.ddl.AlterTable.update(AlterTable.java:43)
	at org.h2.command.CommandContainer.update(CommandContainer.java:169)
	at org.h2.command.Command.executeUpdate(Command.java:256)
	at org.h2.jdbc.JdbcStatement.executeInternal(JdbcStatement.java:262)
	at org.h2.jdbc.JdbcStatement.execute(JdbcStatement.java:231)
	at com.zaxxer.hikari.pool.ProxyStatement.execute(ProxyStatement.java:94)
	at com.zaxxer.hikari.pool.HikariProxyStatement.execute(HikariProxyStatement.java)
	at org.hibernate.tool.schema.internal.exec.GenerationTargetToDatabase.accept(GenerationTargetToDatabase.java:80)
	... 109 common frames omitted
2026-03-17 21:39:56 - alter table bookings add constraint FKeyog2oic85xg7hsu2je2lx3s6 foreign key (user_id) references users (id)
Hibernate: alter table bookings add constraint FKeyog2oic85xg7hsu2je2lx3s6 foreign key (user_id) references users (id)
2026-03-17 21:39:56 - GenerationTarget encountered exception accepting command : Error executing DDL "alter table bookings add constraint FKeyog2oic85xg7hsu2je2lx3s6 foreign key (user_id) references users (id)" via JDBC [Table "BOOKINGS" not found;]
org.hibernate.tool.schema.spi.CommandAcceptanceException: Error executing DDL "alter table bookings add constraint FKeyog2oic85xg7hsu2je2lx3s6 foreign key (user_id) references users (id)" via JDBC [Table "BOOKINGS" not found;]
	at org.hibernate.tool.schema.internal.exec.GenerationTargetToDatabase.accept(GenerationTargetToDatabase.java:94)
	at org.hibernate.tool.schema.internal.Helper.applySqlString(Helper.java:233)
	at org.hibernate.tool.schema.internal.Helper.applySqlStrings(Helper.java:217)
	at org.hibernate.tool.schema.internal.SchemaCreatorImpl.createForeignKeys(SchemaCreatorImpl.java:305)
	at org.hibernate.tool.schema.internal.SchemaCreatorImpl.createFromMetadata(SchemaCreatorImpl.java:251)
	at org.hibernate.tool.schema.internal.SchemaCreatorImpl.performCreation(SchemaCreatorImpl.java:172)
	at org.hibernate.tool.schema.internal.SchemaCreatorImpl.doCreation(SchemaCreatorImpl.java:142)
	at org.hibernate.tool.schema.internal.SchemaCreatorImpl.doCreation(SchemaCreatorImpl.java:118)
	at org.hibernate.tool.schema.spi.SchemaManagementToolCoordinator.performDatabaseAction(SchemaManagementToolCoordinator.java:250)
	at org.hibernate.tool.schema.spi.SchemaManagementToolCoordinator.lambda$process$5(SchemaManagementToolCoordinator.java:144)
	at java.base/java.util.HashMap.forEach(HashMap.java:1421)
	at org.hibernate.tool.schema.spi.SchemaManagementToolCoordinator.process(SchemaManagementToolCoordinator.java:141)
	at org.hibernate.boot.internal.SessionFactoryObserverForSchemaExport.sessionFactoryCreated(SessionFactoryObserverForSchemaExport.java:37)
	at org.hibernate.internal.SessionFactoryObserverChain.sessionFactoryCreated(SessionFactoryObserverChain.java:35)
	at org.hibernate.internal.SessionFactoryImpl.<init>(SessionFactoryImpl.java:322)
	at org.hibernate.boot.internal.SessionFactoryBuilderImpl.build(SessionFactoryBuilderImpl.java:457)
	at org.hibernate.jpa.boot.internal.EntityManagerFactoryBuilderImpl.build(EntityManagerFactoryBuilderImpl.java:1506)
	at org.springframework.orm.jpa.vendor.SpringHibernateJpaPersistenceProvider.createContainerEntityManagerFactory(SpringHibernateJpaPersistenceProvider.java:75)
	at org.springframework.orm.jpa.LocalContainerEntityManagerFactoryBean.createNativeEntityManagerFactory(LocalContainerEntityManagerFactoryBean.java:390)
	at org.springframework.orm.jpa.AbstractEntityManagerFactoryBean.buildNativeEntityManagerFactory(AbstractEntityManagerFactoryBean.java:409)
	at org.springframework.orm.jpa.AbstractEntityManagerFactoryBean.afterPropertiesSet(AbstractEntityManagerFactoryBean.java:396)
	at org.springframework.orm.jpa.LocalContainerEntityManagerFactoryBean.afterPropertiesSet(LocalContainerEntityManagerFactoryBean.java:366)
	at org.springframework.beans.factory.support.AbstractAutowireCapableBeanFactory.invokeInitMethods(AbstractAutowireCapableBeanFactory.java:1853)
	at org.springframework.beans.factory.support.AbstractAutowireCapableBeanFactory.initializeBean(AbstractAutowireCapableBeanFactory.java:1802)
	at org.springframework.beans.factory.support.AbstractAutowireCapableBeanFactory.doCreateBean(AbstractAutowireCapableBeanFactory.java:600)
	at org.springframework.beans.factory.support.AbstractAutowireCapableBeanFactory.createBean(AbstractAutowireCapableBeanFactory.java:522)
	at org.springframework.beans.factory.support.AbstractBeanFactory.lambda$doGetBean$0(AbstractBeanFactory.java:337)
	at org.springframework.beans.factory.support.DefaultSingletonBeanRegistry.getSingleton(DefaultSingletonBeanRegistry.java:234)
	at org.springframework.beans.factory.support.AbstractBeanFactory.doGetBean(AbstractBeanFactory.java:335)
	at org.springframework.beans.factory.support.AbstractBeanFactory.getBean(AbstractBeanFactory.java:205)
	at org.springframework.context.support.AbstractApplicationContext.finishBeanFactoryInitialization(AbstractApplicationContext.java:954)
	at org.springframework.context.support.AbstractApplicationContext.refresh(AbstractApplicationContext.java:625)
	at org.springframework.boot.SpringApplication.refresh(SpringApplication.java:754)
	at org.springframework.boot.SpringApplication.refreshContext(SpringApplication.java:456)
	at org.springframework.boot.SpringApplication.run(SpringApplication.java:335)
	at org.springframework.boot.test.context.SpringBootContextLoader.lambda$loadContext$3(SpringBootContextLoader.java:137)
	at org.springframework.util.function.ThrowingSupplier.get(ThrowingSupplier.java:58)
	at org.springframework.util.function.ThrowingSupplier.get(ThrowingSupplier.java:46)
	at org.springframework.boot.SpringApplication.withHook(SpringApplication.java:1463)
	at org.springframework.boot.test.context.SpringBootContextLoader$ContextLoaderHook.run(SpringBootContextLoader.java:553)
	at org.springframework.boot.test.context.SpringBootContextLoader.loadContext(SpringBootContextLoader.java:137)
	at org.springframework.boot.test.context.SpringBootContextLoader.loadContext(SpringBootContextLoader.java:108)
	at org.springframework.test.context.cache.DefaultCacheAwareContextLoaderDelegate.loadContextInternal(DefaultCacheAwareContextLoaderDelegate.java:225)
	at org.springframework.test.context.cache.DefaultCacheAwareContextLoaderDelegate.loadContext(DefaultCacheAwareContextLoaderDelegate.java:152)
	at org.springframework.test.context.support.DefaultTestContext.getApplicationContext(DefaultTestContext.java:130)
	at org.springframework.test.context.web.ServletTestExecutionListener.setUpRequestContextIfNecessary(ServletTestExecutionListener.java:191)
	at org.springframework.test.context.web.ServletTestExecutionListener.prepareTestInstance(ServletTestExecutionListener.java:130)
	at org.springframework.test.context.TestContextManager.prepareTestInstance(TestContextManager.java:260)
	at org.springframework.test.context.junit.jupiter.SpringExtension.postProcessTestInstance(SpringExtension.java:163)
	at org.junit.jupiter.engine.descriptor.ClassBasedTestDescriptor.lambda$invokeTestInstancePostProcessors$10(ClassBasedTestDescriptor.java:378)
	at org.junit.jupiter.engine.descriptor.ClassBasedTestDescriptor.executeAndMaskThrowable(ClassBasedTestDescriptor.java:383)
	at org.junit.jupiter.engine.descriptor.ClassBasedTestDescriptor.lambda$invokeTestInstancePostProcessors$11(ClassBasedTestDescriptor.java:378)
	at java.base/java.util.stream.ReferencePipeline$3$1.accept(ReferencePipeline.java:197)
	at java.base/java.util.stream.ReferencePipeline$2$1.accept(ReferencePipeline.java:179)
	at java.base/java.util.ArrayList$ArrayListSpliterator.forEachRemaining(ArrayList.java:1625)
	at java.base/java.util.stream.AbstractPipeline.copyInto(AbstractPipeline.java:509)
	at java.base/java.util.stream.AbstractPipeline.wrapAndCopyInto(AbstractPipeline.java:499)
	at java.base/java.util.stream.StreamSpliterators$WrappingSpliterator.forEachRemaining(StreamSpliterators.java:310)
	at java.base/java.util.stream.Streams$ConcatSpliterator.forEachRemaining(Streams.java:735)
	at java.base/java.util.stream.ReferencePipeline$Head.forEach(ReferencePipeline.java:762)
	at org.junit.jupiter.engine.descriptor.ClassBasedTestDescriptor.invokeTestInstancePostProcessors(ClassBasedTestDescriptor.java:377)
	at org.junit.jupiter.engine.descriptor.ClassBasedTestDescriptor.lambda$instantiateAndPostProcessTestInstance$6(ClassBasedTestDescriptor.java:290)
	at org.junit.platform.engine.support.hierarchical.ThrowableCollector.execute(ThrowableCollector.java:73)
	at org.junit.jupiter.engine.descriptor.ClassBasedTestDescriptor.instantiateAndPostProcessTestInstance(ClassBasedTestDescriptor.java:289)
	at org.junit.jupiter.engine.descriptor.ClassBasedTestDescriptor.lambda$testInstancesProvider$4(ClassBasedTestDescriptor.java:279)
	at java.base/java.util.Optional.orElseGet(Optional.java:364)
	at org.junit.jupiter.engine.descriptor.ClassBasedTestDescriptor.lambda$testInstancesProvider$5(ClassBasedTestDescriptor.java:278)
	at org.junit.jupiter.engine.execution.TestInstancesProvider.getTestInstances(TestInstancesProvider.java:31)
	at org.junit.jupiter.engine.descriptor.ClassBasedTestDescriptor.lambda$before$2(ClassBasedTestDescriptor.java:204)
	at org.junit.platform.engine.support.hierarchical.ThrowableCollector.execute(ThrowableCollector.java:73)
	at org.junit.jupiter.engine.descriptor.ClassBasedTestDescriptor.before(ClassBasedTestDescriptor.java:203)
	at org.junit.jupiter.engine.descriptor.ClassBasedTestDescriptor.before(ClassBasedTestDescriptor.java:85)
	at org.junit.platform.engine.support.hierarchical.NodeTestTask.lambda$executeRecursively$6(NodeTestTask.java:153)
	at org.junit.platform.engine.support.hierarchical.ThrowableCollector.execute(ThrowableCollector.java:73)
	at org.junit.platform.engine.support.hierarchical.NodeTestTask.lambda$executeRecursively$8(NodeTestTask.java:146)
	at org.junit.platform.engine.support.hierarchical.Node.around(Node.java:137)
	at org.junit.platform.engine.support.hierarchical.NodeTestTask.lambda$executeRecursively$9(NodeTestTask.java:144)
	at org.junit.platform.engine.support.hierarchical.ThrowableCollector.execute(ThrowableCollector.java:73)
	at org.junit.platform.engine.support.hierarchical.NodeTestTask.executeRecursively(NodeTestTask.java:143)
	at org.junit.platform.engine.support.hierarchical.NodeTestTask.execute(NodeTestTask.java:100)
	at java.base/java.util.ArrayList.forEach(ArrayList.java:1511)
	at org.junit.platform.engine.support.hierarchical.SameThreadHierarchicalTestExecutorService.invokeAll(SameThreadHierarchicalTestExecutorService.java:41)
	at org.junit.platform.engine.support.hierarchical.NodeTestTask.lambda$executeRecursively$6(NodeTestTask.java:160)
	at org.junit.platform.engine.support.hierarchical.ThrowableCollector.execute(ThrowableCollector.java:73)
	at org.junit.platform.engine.support.hierarchical.NodeTestTask.lambda$executeRecursively$8(NodeTestTask.java:146)
	at org.junit.platform.engine.support.hierarchical.Node.around(Node.java:137)
	at org.junit.platform.engine.support.hierarchical.NodeTestTask.lambda$executeRecursively$9(NodeTestTask.java:144)
	at org.junit.platform.engine.support.hierarchical.ThrowableCollector.execute(ThrowableCollector.java:73)
	at org.junit.platform.engine.support.hierarchical.NodeTestTask.executeRecursively(NodeTestTask.java:143)
	at org.junit.platform.engine.support.hierarchical.NodeTestTask.execute(NodeTestTask.java:100)
	at org.junit.platform.engine.support.hierarchical.SameThreadHierarchicalTestExecutorService.submit(SameThreadHierarchicalTestExecutorService.java:35)
	at org.junit.platform.engine.support.hierarchical.HierarchicalTestExecutor.execute(HierarchicalTestExecutor.java:57)
	at org.junit.platform.engine.support.hierarchical.HierarchicalTestEngine.execute(HierarchicalTestEngine.java:54)
	at org.junit.platform.launcher.core.EngineExecutionOrchestrator.execute(EngineExecutionOrchestrator.java:198)
	at org.junit.platform.launcher.core.EngineExecutionOrchestrator.execute(EngineExecutionOrchestrator.java:169)
	at org.junit.platform.launcher.core.EngineExecutionOrchestrator.execute(EngineExecutionOrchestrator.java:93)
	at org.junit.platform.launcher.core.EngineExecutionOrchestrator.lambda$execute$0(EngineExecutionOrchestrator.java:58)
	at org.junit.platform.launcher.core.EngineExecutionOrchestrator.withInterceptedStreams(EngineExecutionOrchestrator.java:141)
	at org.junit.platform.launcher.core.EngineExecutionOrchestrator.execute(EngineExecutionOrchestrator.java:57)
	at org.junit.platform.launcher.core.DefaultLauncher.execute(DefaultLauncher.java:103)
	at org.junit.platform.launcher.core.DefaultLauncher.execute(DefaultLauncher.java:85)
	at org.junit.platform.launcher.core.DelegatingLauncher.execute(DelegatingLauncher.java:47)
	at org.apache.maven.surefire.junitplatform.LazyLauncher.execute(LazyLauncher.java:56)
	at org.apache.maven.surefire.junitplatform.JUnitPlatformProvider.execute(JUnitPlatformProvider.java:184)
	at org.apache.maven.surefire.junitplatform.JUnitPlatformProvider.invokeAllTests(JUnitPlatformProvider.java:148)
	at org.apache.maven.surefire.junitplatform.JUnitPlatformProvider.invoke(JUnitPlatformProvider.java:122)
	at org.apache.maven.surefire.booter.ForkedBooter.runSuitesInProcess(ForkedBooter.java:385)
	at org.apache.maven.surefire.booter.ForkedBooter.execute(ForkedBooter.java:162)
	at org.apache.maven.surefire.booter.ForkedBooter.run(ForkedBooter.java:507)
	at org.apache.maven.surefire.booter.ForkedBooter.main(ForkedBooter.java:495)
Caused by: org.h2.jdbc.JdbcSQLSyntaxErrorException: Table "BOOKINGS" not found; SQL statement:
alter table bookings add constraint FKeyog2oic85xg7hsu2je2lx3s6 foreign key (user_id) references users (id) [42102-224]
	at org.h2.message.DbException.getJdbcSQLException(DbException.java:514)
	at org.h2.message.DbException.getJdbcSQLException(DbException.java:489)
	at org.h2.message.DbException.get(DbException.java:223)
	at org.h2.message.DbException.get(DbException.java:199)
	at org.h2.command.ddl.AlterTable.update(AlterTable.java:43)
	at org.h2.command.CommandContainer.update(CommandContainer.java:169)
	at org.h2.command.Command.executeUpdate(Command.java:256)
	at org.h2.jdbc.JdbcStatement.executeInternal(JdbcStatement.java:262)
	at org.h2.jdbc.JdbcStatement.execute(JdbcStatement.java:231)
	at com.zaxxer.hikari.pool.ProxyStatement.execute(ProxyStatement.java:94)
	at com.zaxxer.hikari.pool.HikariProxyStatement.execute(HikariProxyStatement.java)
	at org.hibernate.tool.schema.internal.exec.GenerationTargetToDatabase.accept(GenerationTargetToDatabase.java:80)
	... 109 common frames omitted
2026-03-17 21:39:56 - alter table events add constraint FKmpv90a1lsx9lcxsj7xjcvvsxg foreign key (created_by) references users (id)
Hibernate: alter table events add constraint FKmpv90a1lsx9lcxsj7xjcvvsxg foreign key (created_by) references users (id)
2026-03-17 21:39:56 - GenerationTarget encountered exception accepting command : Error executing DDL "alter table events add constraint FKmpv90a1lsx9lcxsj7xjcvvsxg foreign key (created_by) references users (id)" via JDBC [Table "EVENTS" not found;]
org.hibernate.tool.schema.spi.CommandAcceptanceException: Error executing DDL "alter table events add constraint FKmpv90a1lsx9lcxsj7xjcvvsxg foreign key (created_by) references users (id)" via JDBC [Table "EVENTS" not found;]
	at org.hibernate.tool.schema.internal.exec.GenerationTargetToDatabase.accept(GenerationTargetToDatabase.java:94)
	at org.hibernate.tool.schema.internal.Helper.applySqlString(Helper.java:233)
	at org.hibernate.tool.schema.internal.Helper.applySqlStrings(Helper.java:217)
	at org.hibernate.tool.schema.internal.SchemaCreatorImpl.createForeignKeys(SchemaCreatorImpl.java:305)
	at org.hibernate.tool.schema.internal.SchemaCreatorImpl.createFromMetadata(SchemaCreatorImpl.java:251)
	at org.hibernate.tool.schema.internal.SchemaCreatorImpl.performCreation(SchemaCreatorImpl.java:172)
	at org.hibernate.tool.schema.internal.SchemaCreatorImpl.doCreation(SchemaCreatorImpl.java:142)
	at org.hibernate.tool.schema.internal.SchemaCreatorImpl.doCreation(SchemaCreatorImpl.java:118)
	at org.hibernate.tool.schema.spi.SchemaManagementToolCoordinator.performDatabaseAction(SchemaManagementToolCoordinator.java:250)
	at org.hibernate.tool.schema.spi.SchemaManagementToolCoordinator.lambda$process$5(SchemaManagementToolCoordinator.java:144)
	at java.base/java.util.HashMap.forEach(HashMap.java:1421)
	at org.hibernate.tool.schema.spi.SchemaManagementToolCoordinator.process(SchemaManagementToolCoordinator.java:141)
	at org.hibernate.boot.internal.SessionFactoryObserverForSchemaExport.sessionFactoryCreated(SessionFactoryObserverForSchemaExport.java:37)
	at org.hibernate.internal.SessionFactoryObserverChain.sessionFactoryCreated(SessionFactoryObserverChain.java:35)
	at org.hibernate.internal.SessionFactoryImpl.<init>(SessionFactoryImpl.java:322)
	at org.hibernate.boot.internal.SessionFactoryBuilderImpl.build(SessionFactoryBuilderImpl.java:457)
	at org.hibernate.jpa.boot.internal.EntityManagerFactoryBuilderImpl.build(EntityManagerFactoryBuilderImpl.java:1506)
	at org.springframework.orm.jpa.vendor.SpringHibernateJpaPersistenceProvider.createContainerEntityManagerFactory(SpringHibernateJpaPersistenceProvider.java:75)
	at org.springframework.orm.jpa.LocalContainerEntityManagerFactoryBean.createNativeEntityManagerFactory(LocalContainerEntityManagerFactoryBean.java:390)
	at org.springframework.orm.jpa.AbstractEntityManagerFactoryBean.buildNativeEntityManagerFactory(AbstractEntityManagerFactoryBean.java:409)
	at org.springframework.orm.jpa.AbstractEntityManagerFactoryBean.afterPropertiesSet(AbstractEntityManagerFactoryBean.java:396)
	at org.springframework.orm.jpa.LocalContainerEntityManagerFactoryBean.afterPropertiesSet(LocalContainerEntityManagerFactoryBean.java:366)
	at org.springframework.beans.factory.support.AbstractAutowireCapableBeanFactory.invokeInitMethods(AbstractAutowireCapableBeanFactory.java:1853)
	at org.springframework.beans.factory.support.AbstractAutowireCapableBeanFactory.initializeBean(AbstractAutowireCapableBeanFactory.java:1802)
	at org.springframework.beans.factory.support.AbstractAutowireCapableBeanFactory.doCreateBean(AbstractAutowireCapableBeanFactory.java:600)
	at org.springframework.beans.factory.support.AbstractAutowireCapableBeanFactory.createBean(AbstractAutowireCapableBeanFactory.java:522)
	at org.springframework.beans.factory.support.AbstractBeanFactory.lambda$doGetBean$0(AbstractBeanFactory.java:337)
	at org.springframework.beans.factory.support.DefaultSingletonBeanRegistry.getSingleton(DefaultSingletonBeanRegistry.java:234)
	at org.springframework.beans.factory.support.AbstractBeanFactory.doGetBean(AbstractBeanFactory.java:335)
	at org.springframework.beans.factory.support.AbstractBeanFactory.getBean(AbstractBeanFactory.java:205)
	at org.springframework.context.support.AbstractApplicationContext.finishBeanFactoryInitialization(AbstractApplicationContext.java:954)
	at org.springframework.context.support.AbstractApplicationContext.refresh(AbstractApplicationContext.java:625)
	at org.springframework.boot.SpringApplication.refresh(SpringApplication.java:754)
	at org.springframework.boot.SpringApplication.refreshContext(SpringApplication.java:456)
	at org.springframework.boot.SpringApplication.run(SpringApplication.java:335)
	at org.springframework.boot.test.context.SpringBootContextLoader.lambda$loadContext$3(SpringBootContextLoader.java:137)
	at org.springframework.util.function.ThrowingSupplier.get(ThrowingSupplier.java:58)
	at org.springframework.util.function.ThrowingSupplier.get(ThrowingSupplier.java:46)
	at org.springframework.boot.SpringApplication.withHook(SpringApplication.java:1463)
	at org.springframework.boot.test.context.SpringBootContextLoader$ContextLoaderHook.run(SpringBootContextLoader.java:553)
	at org.springframework.boot.test.context.SpringBootContextLoader.loadContext(SpringBootContextLoader.java:137)
	at org.springframework.boot.test.context.SpringBootContextLoader.loadContext(SpringBootContextLoader.java:108)
	at org.springframework.test.context.cache.DefaultCacheAwareContextLoaderDelegate.loadContextInternal(DefaultCacheAwareContextLoaderDelegate.java:225)
	at org.springframework.test.context.cache.DefaultCacheAwareContextLoaderDelegate.loadContext(DefaultCacheAwareContextLoaderDelegate.java:152)
	at org.springframework.test.context.support.DefaultTestContext.getApplicationContext(DefaultTestContext.java:130)
	at org.springframework.test.context.web.ServletTestExecutionListener.setUpRequestContextIfNecessary(ServletTestExecutionListener.java:191)
	at org.springframework.test.context.web.ServletTestExecutionListener.prepareTestInstance(ServletTestExecutionListener.java:130)
	at org.springframework.test.context.TestContextManager.prepareTestInstance(TestContextManager.java:260)
	at org.springframework.test.context.junit.jupiter.SpringExtension.postProcessTestInstance(SpringExtension.java:163)
	at org.junit.jupiter.engine.descriptor.ClassBasedTestDescriptor.lambda$invokeTestInstancePostProcessors$10(ClassBasedTestDescriptor.java:378)
	at org.junit.jupiter.engine.descriptor.ClassBasedTestDescriptor.executeAndMaskThrowable(ClassBasedTestDescriptor.java:383)
	at org.junit.jupiter.engine.descriptor.ClassBasedTestDescriptor.lambda$invokeTestInstancePostProcessors$11(ClassBasedTestDescriptor.java:378)
	at java.base/java.util.stream.ReferencePipeline$3$1.accept(ReferencePipeline.java:197)
	at java.base/java.util.stream.ReferencePipeline$2$1.accept(ReferencePipeline.java:179)
	at java.base/java.util.ArrayList$ArrayListSpliterator.forEachRemaining(ArrayList.java:1625)
	at java.base/java.util.stream.AbstractPipeline.copyInto(AbstractPipeline.java:509)
	at java.base/java.util.stream.AbstractPipeline.wrapAndCopyInto(AbstractPipeline.java:499)
	at java.base/java.util.stream.StreamSpliterators$WrappingSpliterator.forEachRemaining(StreamSpliterators.java:310)
	at java.base/java.util.stream.Streams$ConcatSpliterator.forEachRemaining(Streams.java:735)
	at java.base/java.util.stream.ReferencePipeline$Head.forEach(ReferencePipeline.java:762)
	at org.junit.jupiter.engine.descriptor.ClassBasedTestDescriptor.invokeTestInstancePostProcessors(ClassBasedTestDescriptor.java:377)
	at org.junit.jupiter.engine.descriptor.ClassBasedTestDescriptor.lambda$instantiateAndPostProcessTestInstance$6(ClassBasedTestDescriptor.java:290)
	at org.junit.platform.engine.support.hierarchical.ThrowableCollector.execute(ThrowableCollector.java:73)
	at org.junit.jupiter.engine.descriptor.ClassBasedTestDescriptor.instantiateAndPostProcessTestInstance(ClassBasedTestDescriptor.java:289)
	at org.junit.jupiter.engine.descriptor.ClassBasedTestDescriptor.lambda$testInstancesProvider$4(ClassBasedTestDescriptor.java:279)
	at java.base/java.util.Optional.orElseGet(Optional.java:364)
	at org.junit.jupiter.engine.descriptor.ClassBasedTestDescriptor.lambda$testInstancesProvider$5(ClassBasedTestDescriptor.java:278)
	at org.junit.jupiter.engine.execution.TestInstancesProvider.getTestInstances(TestInstancesProvider.java:31)
	at org.junit.jupiter.engine.descriptor.ClassBasedTestDescriptor.lambda$before$2(ClassBasedTestDescriptor.java:204)
	at org.junit.platform.engine.support.hierarchical.ThrowableCollector.execute(ThrowableCollector.java:73)
	at org.junit.jupiter.engine.descriptor.ClassBasedTestDescriptor.before(ClassBasedTestDescriptor.java:203)
	at org.junit.jupiter.engine.descriptor.ClassBasedTestDescriptor.before(ClassBasedTestDescriptor.java:85)
	at org.junit.platform.engine.support.hierarchical.NodeTestTask.lambda$executeRecursively$6(NodeTestTask.java:153)
	at org.junit.platform.engine.support.hierarchical.ThrowableCollector.execute(ThrowableCollector.java:73)
	at org.junit.platform.engine.support.hierarchical.NodeTestTask.lambda$executeRecursively$8(NodeTestTask.java:146)
	at org.junit.platform.engine.support.hierarchical.Node.around(Node.java:137)
	at org.junit.platform.engine.support.hierarchical.NodeTestTask.lambda$executeRecursively$9(NodeTestTask.java:144)
	at org.junit.platform.engine.support.hierarchical.ThrowableCollector.execute(ThrowableCollector.java:73)
	at org.junit.platform.engine.support.hierarchical.NodeTestTask.executeRecursively(NodeTestTask.java:143)
	at org.junit.platform.engine.support.hierarchical.NodeTestTask.execute(NodeTestTask.java:100)
	at java.base/java.util.ArrayList.forEach(ArrayList.java:1511)
	at org.junit.platform.engine.support.hierarchical.SameThreadHierarchicalTestExecutorService.invokeAll(SameThreadHierarchicalTestExecutorService.java:41)
	at org.junit.platform.engine.support.hierarchical.NodeTestTask.lambda$executeRecursively$6(NodeTestTask.java:160)
	at org.junit.platform.engine.support.hierarchical.ThrowableCollector.execute(ThrowableCollector.java:73)
	at org.junit.platform.engine.support.hierarchical.NodeTestTask.lambda$executeRecursively$8(NodeTestTask.java:146)
	at org.junit.platform.engine.support.hierarchical.Node.around(Node.java:137)
	at org.junit.platform.engine.support.hierarchical.NodeTestTask.lambda$executeRecursively$9(NodeTestTask.java:144)
	at org.junit.platform.engine.support.hierarchical.ThrowableCollector.execute(ThrowableCollector.java:73)
	at org.junit.platform.engine.support.hierarchical.NodeTestTask.executeRecursively(NodeTestTask.java:143)
	at org.junit.platform.engine.support.hierarchical.NodeTestTask.execute(NodeTestTask.java:100)
	at org.junit.platform.engine.support.hierarchical.SameThreadHierarchicalTestExecutorService.submit(SameThreadHierarchicalTestExecutorService.java:35)
	at org.junit.platform.engine.support.hierarchical.HierarchicalTestExecutor.execute(HierarchicalTestExecutor.java:57)
	at org.junit.platform.engine.support.hierarchical.HierarchicalTestEngine.execute(HierarchicalTestEngine.java:54)
	at org.junit.platform.launcher.core.EngineExecutionOrchestrator.execute(EngineExecutionOrchestrator.java:198)
	at org.junit.platform.launcher.core.EngineExecutionOrchestrator.execute(EngineExecutionOrchestrator.java:169)
	at org.junit.platform.launcher.core.EngineExecutionOrchestrator.execute(EngineExecutionOrchestrator.java:93)
	at org.junit.platform.launcher.core.EngineExecutionOrchestrator.lambda$execute$0(EngineExecutionOrchestrator.java:58)
	at org.junit.platform.launcher.core.EngineExecutionOrchestrator.withInterceptedStreams(EngineExecutionOrchestrator.java:141)
	at org.junit.platform.launcher.core.EngineExecutionOrchestrator.execute(EngineExecutionOrchestrator.java:57)
	at org.junit.platform.launcher.core.DefaultLauncher.execute(DefaultLauncher.java:103)
	at org.junit.platform.launcher.core.DefaultLauncher.execute(DefaultLauncher.java:85)
	at org.junit.platform.launcher.core.DelegatingLauncher.execute(DelegatingLauncher.java:47)
	at org.apache.maven.surefire.junitplatform.LazyLauncher.execute(LazyLauncher.java:56)
	at org.apache.maven.surefire.junitplatform.JUnitPlatformProvider.execute(JUnitPlatformProvider.java:184)
	at org.apache.maven.surefire.junitplatform.JUnitPlatformProvider.invokeAllTests(JUnitPlatformProvider.java:148)
	at org.apache.maven.surefire.junitplatform.JUnitPlatformProvider.invoke(JUnitPlatformProvider.java:122)
	at org.apache.maven.surefire.booter.ForkedBooter.runSuitesInProcess(ForkedBooter.java:385)
	at org.apache.maven.surefire.booter.ForkedBooter.execute(ForkedBooter.java:162)
	at org.apache.maven.surefire.booter.ForkedBooter.run(ForkedBooter.java:507)
	at org.apache.maven.surefire.booter.ForkedBooter.main(ForkedBooter.java:495)
Caused by: org.h2.jdbc.JdbcSQLSyntaxErrorException: Table "EVENTS" not found; SQL statement:
alter table events add constraint FKmpv90a1lsx9lcxsj7xjcvvsxg foreign key (created_by) references users (id) [42102-224]
	at org.h2.message.DbException.getJdbcSQLException(DbException.java:514)
	at org.h2.message.DbException.getJdbcSQLException(DbException.java:489)
	at org.h2.message.DbException.get(DbException.java:223)
	at org.h2.message.DbException.get(DbException.java:199)
	at org.h2.command.ddl.AlterTable.update(AlterTable.java:43)
	at org.h2.command.CommandContainer.update(CommandContainer.java:169)
	at org.h2.command.Command.executeUpdate(Command.java:256)
	at org.h2.jdbc.JdbcStatement.executeInternal(JdbcStatement.java:262)
	at org.h2.jdbc.JdbcStatement.execute(JdbcStatement.java:231)
	at com.zaxxer.hikari.pool.ProxyStatement.execute(ProxyStatement.java:94)
	at com.zaxxer.hikari.pool.HikariProxyStatement.execute(HikariProxyStatement.java)
	at org.hibernate.tool.schema.internal.exec.GenerationTargetToDatabase.accept(GenerationTargetToDatabase.java:80)
	... 109 common frames omitted
2026-03-17 21:39:56 - Initializing SessionFactoryRegistry : org.hibernate.internal.SessionFactoryRegistry@3bbdf835
2026-03-17 21:39:56 - Registering SessionFactory: af0a7acc-cd18-445d-b973-80501a73291c (<unnamed>)
2026-03-17 21:39:56 - Not binding SessionFactory to JNDI, no JNDI name configured
2026-03-17 21:39:56 - Instantiated SessionFactory
2026-03-17 21:39:56 - Initialized JPA EntityManagerFactory for persistence unit 'default'
2026-03-17 21:39:56 - Statistics initialized [enabled=false]
2026-03-17 21:39:57 - JDBC transaction marked for rollback-only (exception provided for stack trace)
java.lang.Exception: exception just for purpose of providing stack trace
	at org.hibernate.resource.transaction.backend.jdbc.internal.JdbcResourceLocalTransactionCoordinatorImpl$TransactionDriverControlImpl.markRollbackOnly(JdbcResourceLocalTransactionCoordinatorImpl.java:309)
	at org.hibernate.internal.AbstractSharedSessionContract.buildNamedQuery(AbstractSharedSessionContract.java:1109)
	at org.hibernate.internal.AbstractSharedSessionContract.createNamedQuery(AbstractSharedSessionContract.java:987)
	at org.hibernate.internal.AbstractSharedSessionContract.createNamedQuery(AbstractSharedSessionContract.java:140)
	at java.base/jdk.internal.reflect.NativeMethodAccessorImpl.invoke0(Native Method)
	at java.base/jdk.internal.reflect.NativeMethodAccessorImpl.invoke(NativeMethodAccessorImpl.java:77)
	at java.base/jdk.internal.reflect.DelegatingMethodAccessorImpl.invoke(DelegatingMethodAccessorImpl.java:43)
	at java.base/java.lang.reflect.Method.invoke(Method.java:569)
	at org.springframework.orm.jpa.ExtendedEntityManagerCreator$ExtendedEntityManagerInvocationHandler.invoke(ExtendedEntityManagerCreator.java:364)
	at jdk.proxy2/jdk.proxy2.$Proxy133.createNamedQuery(Unknown Source)
	at org.springframework.data.jpa.repository.query.NamedQuery.hasNamedQuery(NamedQuery.java:112)
	at org.springframework.data.jpa.repository.query.NamedQuery.lookupFrom(NamedQuery.java:138)
	at org.springframework.data.jpa.repository.query.JpaQueryLookupStrategy$DeclaredQueryLookupStrategy.resolveQuery(JpaQueryLookupStrategy.java:180)
	at org.springframework.data.jpa.repository.query.JpaQueryLookupStrategy$CreateIfNotFoundQueryLookupStrategy.resolveQuery(JpaQueryLookupStrategy.java:252)
	at org.springframework.data.jpa.repository.query.JpaQueryLookupStrategy$AbstractQueryLookupStrategy.resolveQuery(JpaQueryLookupStrategy.java:95)
	at org.springframework.data.repository.core.support.QueryExecutorMethodInterceptor.lookupQuery(QueryExecutorMethodInterceptor.java:115)
	at org.springframework.data.repository.core.support.QueryExecutorMethodInterceptor.mapMethodsToQuery(QueryExecutorMethodInterceptor.java:103)
	at org.springframework.data.repository.core.support.QueryExecutorMethodInterceptor.lambda$new$0(QueryExecutorMethodInterceptor.java:92)
	at java.base/java.util.Optional.map(Optional.java:260)
	at org.springframework.data.repository.core.support.QueryExecutorMethodInterceptor.<init>(QueryExecutorMethodInterceptor.java:92)
	at org.springframework.data.repository.core.support.RepositoryFactorySupport.getRepository(RepositoryFactorySupport.java:357)
	at org.springframework.data.repository.core.support.RepositoryFactoryBeanSupport.lambda$afterPropertiesSet$5(RepositoryFactoryBeanSupport.java:290)
	at org.springframework.data.util.Lazy.getNullable(Lazy.java:135)
	at org.springframework.data.util.Lazy.get(Lazy.java:113)
	at org.springframework.data.repository.core.support.RepositoryFactoryBeanSupport.afterPropertiesSet(RepositoryFactoryBeanSupport.java:296)
	at org.springframework.data.jpa.repository.support.JpaRepositoryFactoryBean.afterPropertiesSet(JpaRepositoryFactoryBean.java:132)
	at org.springframework.beans.factory.support.AbstractAutowireCapableBeanFactory.invokeInitMethods(AbstractAutowireCapableBeanFactory.java:1853)
	at org.springframework.beans.factory.support.AbstractAutowireCapableBeanFactory.initializeBean(AbstractAutowireCapableBeanFactory.java:1802)
	at org.springframework.beans.factory.support.AbstractAutowireCapableBeanFactory.doCreateBean(AbstractAutowireCapableBeanFactory.java:600)
	at org.springframework.beans.factory.support.AbstractAutowireCapableBeanFactory.createBean(AbstractAutowireCapableBeanFactory.java:522)
	at org.springframework.beans.factory.support.AbstractBeanFactory.lambda$doGetBean$0(AbstractBeanFactory.java:337)
	at org.springframework.beans.factory.support.DefaultSingletonBeanRegistry.getSingleton(DefaultSingletonBeanRegistry.java:234)
	at org.springframework.beans.factory.support.AbstractBeanFactory.doGetBean(AbstractBeanFactory.java:335)
	at org.springframework.beans.factory.support.AbstractBeanFactory.getBean(AbstractBeanFactory.java:200)
	at org.springframework.beans.factory.config.DependencyDescriptor.resolveCandidate(DependencyDescriptor.java:254)
	at org.springframework.beans.factory.support.DefaultListableBeanFactory.doResolveDependency(DefaultListableBeanFactory.java:1443)
	at org.springframework.beans.factory.support.DefaultListableBeanFactory.resolveDependency(DefaultListableBeanFactory.java:1353)
	at org.springframework.beans.factory.annotation.AutowiredAnnotationBeanPostProcessor$AutowiredFieldElement.resolveFieldValue(AutowiredAnnotationBeanPostProcessor.java:785)
	at org.springframework.beans.factory.annotation.AutowiredAnnotationBeanPostProcessor$AutowiredFieldElement.inject(AutowiredAnnotationBeanPostProcessor.java:768)
	at org.springframework.beans.factory.annotation.InjectionMetadata.inject(InjectionMetadata.java:145)
	at org.springframework.beans.factory.annotation.AutowiredAnnotationBeanPostProcessor.postProcessProperties(AutowiredAnnotationBeanPostProcessor.java:509)
	at org.springframework.beans.factory.support.AbstractAutowireCapableBeanFactory.populateBean(AbstractAutowireCapableBeanFactory.java:1439)
	at org.springframework.beans.factory.support.AbstractAutowireCapableBeanFactory.doCreateBean(AbstractAutowireCapableBeanFactory.java:599)
	at org.springframework.beans.factory.support.AbstractAutowireCapableBeanFactory.createBean(AbstractAutowireCapableBeanFactory.java:522)
	at org.springframework.beans.factory.support.AbstractBeanFactory.lambda$doGetBean$0(AbstractBeanFactory.java:337)
	at org.springframework.beans.factory.support.DefaultSingletonBeanRegistry.getSingleton(DefaultSingletonBeanRegistry.java:234)
	at org.springframework.beans.factory.support.AbstractBeanFactory.doGetBean(AbstractBeanFactory.java:335)
	at org.springframework.beans.factory.support.AbstractBeanFactory.getBean(AbstractBeanFactory.java:200)
	at org.springframework.beans.factory.config.DependencyDescriptor.resolveCandidate(DependencyDescriptor.java:254)
	at org.springframework.beans.factory.support.DefaultListableBeanFactory.doResolveDependency(DefaultListableBeanFactory.java:1443)
	at org.springframework.beans.factory.support.DefaultListableBeanFactory.resolveDependency(DefaultListableBeanFactory.java:1353)
	at org.springframework.beans.factory.annotation.AutowiredAnnotationBeanPostProcessor$AutowiredFieldElement.resolveFieldValue(AutowiredAnnotationBeanPostProcessor.java:785)
	at org.springframework.beans.factory.annotation.AutowiredAnnotationBeanPostProcessor$AutowiredFieldElement.inject(AutowiredAnnotationBeanPostProcessor.java:768)
	at org.springframework.beans.factory.annotation.InjectionMetadata.inject(InjectionMetadata.java:145)
	at org.springframework.beans.factory.annotation.AutowiredAnnotationBeanPostProcessor.postProcessProperties(AutowiredAnnotationBeanPostProcessor.java:509)
	at org.springframework.beans.factory.support.AbstractAutowireCapableBeanFactory.populateBean(AbstractAutowireCapableBeanFactory.java:1439)
	at org.springframework.beans.factory.support.AbstractAutowireCapableBeanFactory.doCreateBean(AbstractAutowireCapableBeanFactory.java:599)
	at org.springframework.beans.factory.support.AbstractAutowireCapableBeanFactory.createBean(AbstractAutowireCapableBeanFactory.java:522)
	at org.springframework.beans.factory.support.AbstractBeanFactory.lambda$doGetBean$0(AbstractBeanFactory.java:337)
	at org.springframework.beans.factory.support.DefaultSingletonBeanRegistry.getSingleton(DefaultSingletonBeanRegistry.java:234)
	at org.springframework.beans.factory.support.AbstractBeanFactory.doGetBean(AbstractBeanFactory.java:335)
	at org.springframework.beans.factory.support.AbstractBeanFactory.getBean(AbstractBeanFactory.java:200)
	at org.springframework.beans.factory.support.DefaultListableBeanFactory.preInstantiateSingletons(DefaultListableBeanFactory.java:975)
	at org.springframework.context.support.AbstractApplicationContext.finishBeanFactoryInitialization(AbstractApplicationContext.java:971)
	at org.springframework.context.support.AbstractApplicationContext.refresh(AbstractApplicationContext.java:625)
	at org.springframework.boot.SpringApplication.refresh(SpringApplication.java:754)
	at org.springframework.boot.SpringApplication.refreshContext(SpringApplication.java:456)
	at org.springframework.boot.SpringApplication.run(SpringApplication.java:335)
	at org.springframework.boot.test.context.SpringBootContextLoader.lambda$loadContext$3(SpringBootContextLoader.java:137)
	at org.springframework.util.function.ThrowingSupplier.get(ThrowingSupplier.java:58)
	at org.springframework.util.function.ThrowingSupplier.get(ThrowingSupplier.java:46)
	at org.springframework.boot.SpringApplication.withHook(SpringApplication.java:1463)
	at org.springframework.boot.test.context.SpringBootContextLoader$ContextLoaderHook.run(SpringBootContextLoader.java:553)
	at org.springframework.boot.test.context.SpringBootContextLoader.loadContext(SpringBootContextLoader.java:137)
	at org.springframework.boot.test.context.SpringBootContextLoader.loadContext(SpringBootContextLoader.java:108)
	at org.springframework.test.context.cache.DefaultCacheAwareContextLoaderDelegate.loadContextInternal(DefaultCacheAwareContextLoaderDelegate.java:225)
	at org.springframework.test.context.cache.DefaultCacheAwareContextLoaderDelegate.loadContext(DefaultCacheAwareContextLoaderDelegate.java:152)
	at org.springframework.test.context.support.DefaultTestContext.getApplicationContext(DefaultTestContext.java:130)
	at org.springframework.test.context.web.ServletTestExecutionListener.setUpRequestContextIfNecessary(ServletTestExecutionListener.java:191)
	at org.springframework.test.context.web.ServletTestExecutionListener.prepareTestInstance(ServletTestExecutionListener.java:130)
	at org.springframework.test.context.TestContextManager.prepareTestInstance(TestContextManager.java:260)
	at org.springframework.test.context.junit.jupiter.SpringExtension.postProcessTestInstance(SpringExtension.java:163)
	at org.junit.jupiter.engine.descriptor.ClassBasedTestDescriptor.lambda$invokeTestInstancePostProcessors$10(ClassBasedTestDescriptor.java:378)
	at org.junit.jupiter.engine.descriptor.ClassBasedTestDescriptor.executeAndMaskThrowable(ClassBasedTestDescriptor.java:383)
	at org.junit.jupiter.engine.descriptor.ClassBasedTestDescriptor.lambda$invokeTestInstancePostProcessors$11(ClassBasedTestDescriptor.java:378)
	at java.base/java.util.stream.ReferencePipeline$3$1.accept(ReferencePipeline.java:197)
	at java.base/java.util.stream.ReferencePipeline$2$1.accept(ReferencePipeline.java:179)
	at java.base/java.util.ArrayList$ArrayListSpliterator.forEachRemaining(ArrayList.java:1625)
	at java.base/java.util.stream.AbstractPipeline.copyInto(AbstractPipeline.java:509)
	at java.base/java.util.stream.AbstractPipeline.wrapAndCopyInto(AbstractPipeline.java:499)
	at java.base/java.util.stream.StreamSpliterators$WrappingSpliterator.forEachRemaining(StreamSpliterators.java:310)
	at java.base/java.util.stream.Streams$ConcatSpliterator.forEachRemaining(Streams.java:735)
	at java.base/java.util.stream.ReferencePipeline$Head.forEach(ReferencePipeline.java:762)
	at org.junit.jupiter.engine.descriptor.ClassBasedTestDescriptor.invokeTestInstancePostProcessors(ClassBasedTestDescriptor.java:377)
	at org.junit.jupiter.engine.descriptor.ClassBasedTestDescriptor.lambda$instantiateAndPostProcessTestInstance$6(ClassBasedTestDescriptor.java:290)
	at org.junit.platform.engine.support.hierarchical.ThrowableCollector.execute(ThrowableCollector.java:73)
	at org.junit.jupiter.engine.descriptor.ClassBasedTestDescriptor.instantiateAndPostProcessTestInstance(ClassBasedTestDescriptor.java:289)
	at org.junit.jupiter.engine.descriptor.ClassBasedTestDescriptor.lambda$testInstancesProvider$4(ClassBasedTestDescriptor.java:279)
	at java.base/java.util.Optional.orElseGet(Optional.java:364)
	at org.junit.jupiter.engine.descriptor.ClassBasedTestDescriptor.lambda$testInstancesProvider$5(ClassBasedTestDescriptor.java:278)
	at org.junit.jupiter.engine.execution.TestInstancesProvider.getTestInstances(TestInstancesProvider.java:31)
	at org.junit.jupiter.engine.descriptor.ClassBasedTestDescriptor.lambda$before$2(ClassBasedTestDescriptor.java:204)
	at org.junit.platform.engine.support.hierarchical.ThrowableCollector.execute(ThrowableCollector.java:73)
	at org.junit.jupiter.engine.descriptor.ClassBasedTestDescriptor.before(ClassBasedTestDescriptor.java:203)
	at org.junit.jupiter.engine.descriptor.ClassBasedTestDescriptor.before(ClassBasedTestDescriptor.java:85)
	at org.junit.platform.engine.support.hierarchical.NodeTestTask.lambda$executeRecursively$6(NodeTestTask.java:153)
	at org.junit.platform.engine.support.hierarchical.ThrowableCollector.execute(ThrowableCollector.java:73)
	at org.junit.platform.engine.support.hierarchical.NodeTestTask.lambda$executeRecursively$8(NodeTestTask.java:146)
	at org.junit.platform.engine.support.hierarchical.Node.around(Node.java:137)
	at org.junit.platform.engine.support.hierarchical.NodeTestTask.lambda$executeRecursively$9(NodeTestTask.java:144)
	at org.junit.platform.engine.support.hierarchical.ThrowableCollector.execute(ThrowableCollector.java:73)
	at org.junit.platform.engine.support.hierarchical.NodeTestTask.executeRecursively(NodeTestTask.java:143)
	at org.junit.platform.engine.support.hierarchical.NodeTestTask.execute(NodeTestTask.java:100)
	at java.base/java.util.ArrayList.forEach(ArrayList.java:1511)
	at org.junit.platform.engine.support.hierarchical.SameThreadHierarchicalTestExecutorService.invokeAll(SameThreadHierarchicalTestExecutorService.java:41)
	at org.junit.platform.engine.support.hierarchical.NodeTestTask.lambda$executeRecursively$6(NodeTestTask.java:160)
	at org.junit.platform.engine.support.hierarchical.ThrowableCollector.execute(ThrowableCollector.java:73)
	at org.junit.platform.engine.support.hierarchical.NodeTestTask.lambda$executeRecursively$8(NodeTestTask.java:146)
	at org.junit.platform.engine.support.hierarchical.Node.around(Node.java:137)
	at org.junit.platform.engine.support.hierarchical.NodeTestTask.lambda$executeRecursively$9(NodeTestTask.java:144)
	at org.junit.platform.engine.support.hierarchical.ThrowableCollector.execute(ThrowableCollector.java:73)
	at org.junit.platform.engine.support.hierarchical.NodeTestTask.executeRecursively(NodeTestTask.java:143)
	at org.junit.platform.engine.support.hierarchical.NodeTestTask.execute(NodeTestTask.java:100)
	at org.junit.platform.engine.support.hierarchical.SameThreadHierarchicalTestExecutorService.submit(SameThreadHierarchicalTestExecutorService.java:35)
	at org.junit.platform.engine.support.hierarchical.HierarchicalTestExecutor.execute(HierarchicalTestExecutor.java:57)
	at org.junit.platform.engine.support.hierarchical.HierarchicalTestEngine.execute(HierarchicalTestEngine.java:54)
	at org.junit.platform.launcher.core.EngineExecutionOrchestrator.execute(EngineExecutionOrchestrator.java:198)
	at org.junit.platform.launcher.core.EngineExecutionOrchestrator.execute(EngineExecutionOrchestrator.java:169)
	at org.junit.platform.launcher.core.EngineExecutionOrchestrator.execute(EngineExecutionOrchestrator.java:93)
	at org.junit.platform.launcher.core.EngineExecutionOrchestrator.lambda$execute$0(EngineExecutionOrchestrator.java:58)
	at org.junit.platform.launcher.core.EngineExecutionOrchestrator.withInterceptedStreams(EngineExecutionOrchestrator.java:141)
	at org.junit.platform.launcher.core.EngineExecutionOrchestrator.execute(EngineExecutionOrchestrator.java:57)
	at org.junit.platform.launcher.core.DefaultLauncher.execute(DefaultLauncher.java:103)
	at org.junit.platform.launcher.core.DefaultLauncher.execute(DefaultLauncher.java:85)
	at org.junit.platform.launcher.core.DelegatingLauncher.execute(DelegatingLauncher.java:47)
	at org.apache.maven.surefire.junitplatform.LazyLauncher.execute(LazyLauncher.java:56)
	at org.apache.maven.surefire.junitplatform.JUnitPlatformProvider.execute(JUnitPlatformProvider.java:184)
	at org.apache.maven.surefire.junitplatform.JUnitPlatformProvider.invokeAllTests(JUnitPlatformProvider.java:148)
	at org.apache.maven.surefire.junitplatform.JUnitPlatformProvider.invoke(JUnitPlatformProvider.java:122)
	at org.apache.maven.surefire.booter.ForkedBooter.runSuitesInProcess(ForkedBooter.java:385)
	at org.apache.maven.surefire.booter.ForkedBooter.execute(ForkedBooter.java:162)
	at org.apache.maven.surefire.booter.ForkedBooter.run(ForkedBooter.java:507)
	at org.apache.maven.surefire.booter.ForkedBooter.main(ForkedBooter.java:495)
2026-03-17 21:39:57 - JDBC transaction marked for rollback-only (exception provided for stack trace)
java.lang.Exception: exception just for purpose of providing stack trace
	at org.hibernate.resource.transaction.backend.jdbc.internal.JdbcResourceLocalTransactionCoordinatorImpl$TransactionDriverControlImpl.markRollbackOnly(JdbcResourceLocalTransactionCoordinatorImpl.java:309)
	at org.hibernate.internal.AbstractSharedSessionContract.buildNamedQuery(AbstractSharedSessionContract.java:1109)
	at org.hibernate.internal.AbstractSharedSessionContract.createNamedQuery(AbstractSharedSessionContract.java:987)
	at org.hibernate.internal.AbstractSharedSessionContract.createNamedQuery(AbstractSharedSessionContract.java:140)
	at java.base/jdk.internal.reflect.NativeMethodAccessorImpl.invoke0(Native Method)
	at java.base/jdk.internal.reflect.NativeMethodAccessorImpl.invoke(NativeMethodAccessorImpl.java:77)
	at java.base/jdk.internal.reflect.DelegatingMethodAccessorImpl.invoke(DelegatingMethodAccessorImpl.java:43)
	at java.base/java.lang.reflect.Method.invoke(Method.java:569)
	at org.springframework.orm.jpa.ExtendedEntityManagerCreator$ExtendedEntityManagerInvocationHandler.invoke(ExtendedEntityManagerCreator.java:364)
	at jdk.proxy2/jdk.proxy2.$Proxy133.createNamedQuery(Unknown Source)
	at org.springframework.data.jpa.repository.query.NamedQuery.hasNamedQuery(NamedQuery.java:112)
	at org.springframework.data.jpa.repository.query.NamedQuery.lookupFrom(NamedQuery.java:138)
	at org.springframework.data.jpa.repository.query.JpaQueryLookupStrategy$DeclaredQueryLookupStrategy.resolveQuery(JpaQueryLookupStrategy.java:180)
	at org.springframework.data.jpa.repository.query.JpaQueryLookupStrategy$CreateIfNotFoundQueryLookupStrategy.resolveQuery(JpaQueryLookupStrategy.java:252)
	at org.springframework.data.jpa.repository.query.JpaQueryLookupStrategy$AbstractQueryLookupStrategy.resolveQuery(JpaQueryLookupStrategy.java:95)
	at org.springframework.data.repository.core.support.QueryExecutorMethodInterceptor.lookupQuery(QueryExecutorMethodInterceptor.java:115)
	at org.springframework.data.repository.core.support.QueryExecutorMethodInterceptor.mapMethodsToQuery(QueryExecutorMethodInterceptor.java:103)
	at org.springframework.data.repository.core.support.QueryExecutorMethodInterceptor.lambda$new$0(QueryExecutorMethodInterceptor.java:92)
	at java.base/java.util.Optional.map(Optional.java:260)
	at org.springframework.data.repository.core.support.QueryExecutorMethodInterceptor.<init>(QueryExecutorMethodInterceptor.java:92)
	at org.springframework.data.repository.core.support.RepositoryFactorySupport.getRepository(RepositoryFactorySupport.java:357)
	at org.springframework.data.repository.core.support.RepositoryFactoryBeanSupport.lambda$afterPropertiesSet$5(RepositoryFactoryBeanSupport.java:290)
	at org.springframework.data.util.Lazy.getNullable(Lazy.java:135)
	at org.springframework.data.util.Lazy.get(Lazy.java:113)
	at org.springframework.data.repository.core.support.RepositoryFactoryBeanSupport.afterPropertiesSet(RepositoryFactoryBeanSupport.java:296)
	at org.springframework.data.jpa.repository.support.JpaRepositoryFactoryBean.afterPropertiesSet(JpaRepositoryFactoryBean.java:132)
	at org.springframework.beans.factory.support.AbstractAutowireCapableBeanFactory.invokeInitMethods(AbstractAutowireCapableBeanFactory.java:1853)
	at org.springframework.beans.factory.support.AbstractAutowireCapableBeanFactory.initializeBean(AbstractAutowireCapableBeanFactory.java:1802)
	at org.springframework.beans.factory.support.AbstractAutowireCapableBeanFactory.doCreateBean(AbstractAutowireCapableBeanFactory.java:600)
	at org.springframework.beans.factory.support.AbstractAutowireCapableBeanFactory.createBean(AbstractAutowireCapableBeanFactory.java:522)
	at org.springframework.beans.factory.support.AbstractBeanFactory.lambda$doGetBean$0(AbstractBeanFactory.java:337)
	at org.springframework.beans.factory.support.DefaultSingletonBeanRegistry.getSingleton(DefaultSingletonBeanRegistry.java:234)
	at org.springframework.beans.factory.support.AbstractBeanFactory.doGetBean(AbstractBeanFactory.java:335)
	at org.springframework.beans.factory.support.AbstractBeanFactory.getBean(AbstractBeanFactory.java:200)
	at org.springframework.beans.factory.config.DependencyDescriptor.resolveCandidate(DependencyDescriptor.java:254)
	at org.springframework.beans.factory.support.DefaultListableBeanFactory.doResolveDependency(DefaultListableBeanFactory.java:1443)
	at org.springframework.beans.factory.support.DefaultListableBeanFactory.resolveDependency(DefaultListableBeanFactory.java:1353)
	at org.springframework.beans.factory.support.ConstructorResolver.resolveAutowiredArgument(ConstructorResolver.java:904)
	at org.springframework.beans.factory.support.ConstructorResolver.createArgumentArray(ConstructorResolver.java:782)
	at org.springframework.beans.factory.support.ConstructorResolver.autowireConstructor(ConstructorResolver.java:237)
	at org.springframework.beans.factory.support.AbstractAutowireCapableBeanFactory.autowireConstructor(AbstractAutowireCapableBeanFactory.java:1375)
	at org.springframework.beans.factory.support.AbstractAutowireCapableBeanFactory.createBeanInstance(AbstractAutowireCapableBeanFactory.java:1212)
	at org.springframework.beans.factory.support.AbstractAutowireCapableBeanFactory.doCreateBean(AbstractAutowireCapableBeanFactory.java:562)
	at org.springframework.beans.factory.support.AbstractAutowireCapableBeanFactory.createBean(AbstractAutowireCapableBeanFactory.java:522)
	at org.springframework.beans.factory.support.AbstractBeanFactory.lambda$doGetBean$0(AbstractBeanFactory.java:337)
	at org.springframework.beans.factory.support.DefaultSingletonBeanRegistry.getSingleton(DefaultSingletonBeanRegistry.java:234)
	at org.springframework.beans.factory.support.AbstractBeanFactory.doGetBean(AbstractBeanFactory.java:335)
	at org.springframework.beans.factory.support.AbstractBeanFactory.getBean(AbstractBeanFactory.java:200)
	at org.springframework.beans.factory.support.DefaultListableBeanFactory.preInstantiateSingletons(DefaultListableBeanFactory.java:975)
	at org.springframework.context.support.AbstractApplicationContext.finishBeanFactoryInitialization(AbstractApplicationContext.java:971)
	at org.springframework.context.support.AbstractApplicationContext.refresh(AbstractApplicationContext.java:625)
	at org.springframework.boot.SpringApplication.refresh(SpringApplication.java:754)
	at org.springframework.boot.SpringApplication.refreshContext(SpringApplication.java:456)
	at org.springframework.boot.SpringApplication.run(SpringApplication.java:335)
	at org.springframework.boot.test.context.SpringBootContextLoader.lambda$loadContext$3(SpringBootContextLoader.java:137)
	at org.springframework.util.function.ThrowingSupplier.get(ThrowingSupplier.java:58)
	at org.springframework.util.function.ThrowingSupplier.get(ThrowingSupplier.java:46)
	at org.springframework.boot.SpringApplication.withHook(SpringApplication.java:1463)
	at org.springframework.boot.test.context.SpringBootContextLoader$ContextLoaderHook.run(SpringBootContextLoader.java:553)
	at org.springframework.boot.test.context.SpringBootContextLoader.loadContext(SpringBootContextLoader.java:137)
	at org.springframework.boot.test.context.SpringBootContextLoader.loadContext(SpringBootContextLoader.java:108)
	at org.springframework.test.context.cache.DefaultCacheAwareContextLoaderDelegate.loadContextInternal(DefaultCacheAwareContextLoaderDelegate.java:225)
	at org.springframework.test.context.cache.DefaultCacheAwareContextLoaderDelegate.loadContext(DefaultCacheAwareContextLoaderDelegate.java:152)
	at org.springframework.test.context.support.DefaultTestContext.getApplicationContext(DefaultTestContext.java:130)
	at org.springframework.test.context.web.ServletTestExecutionListener.setUpRequestContextIfNecessary(ServletTestExecutionListener.java:191)
	at org.springframework.test.context.web.ServletTestExecutionListener.prepareTestInstance(ServletTestExecutionListener.java:130)
	at org.springframework.test.context.TestContextManager.prepareTestInstance(TestContextManager.java:260)
	at org.springframework.test.context.junit.jupiter.SpringExtension.postProcessTestInstance(SpringExtension.java:163)
	at org.junit.jupiter.engine.descriptor.ClassBasedTestDescriptor.lambda$invokeTestInstancePostProcessors$10(ClassBasedTestDescriptor.java:378)
	at org.junit.jupiter.engine.descriptor.ClassBasedTestDescriptor.executeAndMaskThrowable(ClassBasedTestDescriptor.java:383)
	at org.junit.jupiter.engine.descriptor.ClassBasedTestDescriptor.lambda$invokeTestInstancePostProcessors$11(ClassBasedTestDescriptor.java:378)
	at java.base/java.util.stream.ReferencePipeline$3$1.accept(ReferencePipeline.java:197)
	at java.base/java.util.stream.ReferencePipeline$2$1.accept(ReferencePipeline.java:179)
	at java.base/java.util.ArrayList$ArrayListSpliterator.forEachRemaining(ArrayList.java:1625)
	at java.base/java.util.stream.AbstractPipeline.copyInto(AbstractPipeline.java:509)
	at java.base/java.util.stream.AbstractPipeline.wrapAndCopyInto(AbstractPipeline.java:499)
	at java.base/java.util.stream.StreamSpliterators$WrappingSpliterator.forEachRemaining(StreamSpliterators.java:310)
	at java.base/java.util.stream.Streams$ConcatSpliterator.forEachRemaining(Streams.java:735)
	at java.base/java.util.stream.ReferencePipeline$Head.forEach(ReferencePipeline.java:762)
	at org.junit.jupiter.engine.descriptor.ClassBasedTestDescriptor.invokeTestInstancePostProcessors(ClassBasedTestDescriptor.java:377)
	at org.junit.jupiter.engine.descriptor.ClassBasedTestDescriptor.lambda$instantiateAndPostProcessTestInstance$6(ClassBasedTestDescriptor.java:290)
	at org.junit.platform.engine.support.hierarchical.ThrowableCollector.execute(ThrowableCollector.java:73)
	at org.junit.jupiter.engine.descriptor.ClassBasedTestDescriptor.instantiateAndPostProcessTestInstance(ClassBasedTestDescriptor.java:289)
	at org.junit.jupiter.engine.descriptor.ClassBasedTestDescriptor.lambda$testInstancesProvider$4(ClassBasedTestDescriptor.java:279)
	at java.base/java.util.Optional.orElseGet(Optional.java:364)
	at org.junit.jupiter.engine.descriptor.ClassBasedTestDescriptor.lambda$testInstancesProvider$5(ClassBasedTestDescriptor.java:278)
	at org.junit.jupiter.engine.execution.TestInstancesProvider.getTestInstances(TestInstancesProvider.java:31)
	at org.junit.jupiter.engine.descriptor.ClassBasedTestDescriptor.lambda$before$2(ClassBasedTestDescriptor.java:204)
	at org.junit.platform.engine.support.hierarchical.ThrowableCollector.execute(ThrowableCollector.java:73)
	at org.junit.jupiter.engine.descriptor.ClassBasedTestDescriptor.before(ClassBasedTestDescriptor.java:203)
	at org.junit.jupiter.engine.descriptor.ClassBasedTestDescriptor.before(ClassBasedTestDescriptor.java:85)
	at org.junit.platform.engine.support.hierarchical.NodeTestTask.lambda$executeRecursively$6(NodeTestTask.java:153)
	at org.junit.platform.engine.support.hierarchical.ThrowableCollector.execute(ThrowableCollector.java:73)
	at org.junit.platform.engine.support.hierarchical.NodeTestTask.lambda$executeRecursively$8(NodeTestTask.java:146)
	at org.junit.platform.engine.support.hierarchical.Node.around(Node.java:137)
	at org.junit.platform.engine.support.hierarchical.NodeTestTask.lambda$executeRecursively$9(NodeTestTask.java:144)
	at org.junit.platform.engine.support.hierarchical.ThrowableCollector.execute(ThrowableCollector.java:73)
	at org.junit.platform.engine.support.hierarchical.NodeTestTask.executeRecursively(NodeTestTask.java:143)
	at org.junit.platform.engine.support.hierarchical.NodeTestTask.execute(NodeTestTask.java:100)
	at java.base/java.util.ArrayList.forEach(ArrayList.java:1511)
	at org.junit.platform.engine.support.hierarchical.SameThreadHierarchicalTestExecutorService.invokeAll(SameThreadHierarchicalTestExecutorService.java:41)
	at org.junit.platform.engine.support.hierarchical.NodeTestTask.lambda$executeRecursively$6(NodeTestTask.java:160)
	at org.junit.platform.engine.support.hierarchical.ThrowableCollector.execute(ThrowableCollector.java:73)
	at org.junit.platform.engine.support.hierarchical.NodeTestTask.lambda$executeRecursively$8(NodeTestTask.java:146)
	at org.junit.platform.engine.support.hierarchical.Node.around(Node.java:137)
	at org.junit.platform.engine.support.hierarchical.NodeTestTask.lambda$executeRecursively$9(NodeTestTask.java:144)
	at org.junit.platform.engine.support.hierarchical.ThrowableCollector.execute(ThrowableCollector.java:73)
	at org.junit.platform.engine.support.hierarchical.NodeTestTask.executeRecursively(NodeTestTask.java:143)
	at org.junit.platform.engine.support.hierarchical.NodeTestTask.execute(NodeTestTask.java:100)
	at org.junit.platform.engine.support.hierarchical.SameThreadHierarchicalTestExecutorService.submit(SameThreadHierarchicalTestExecutorService.java:35)
	at org.junit.platform.engine.support.hierarchical.HierarchicalTestExecutor.execute(HierarchicalTestExecutor.java:57)
	at org.junit.platform.engine.support.hierarchical.HierarchicalTestEngine.execute(HierarchicalTestEngine.java:54)
	at org.junit.platform.launcher.core.EngineExecutionOrchestrator.execute(EngineExecutionOrchestrator.java:198)
	at org.junit.platform.launcher.core.EngineExecutionOrchestrator.execute(EngineExecutionOrchestrator.java:169)
	at org.junit.platform.launcher.core.EngineExecutionOrchestrator.execute(EngineExecutionOrchestrator.java:93)
	at org.junit.platform.launcher.core.EngineExecutionOrchestrator.lambda$execute$0(EngineExecutionOrchestrator.java:58)
	at org.junit.platform.launcher.core.EngineExecutionOrchestrator.withInterceptedStreams(EngineExecutionOrchestrator.java:141)
	at org.junit.platform.launcher.core.EngineExecutionOrchestrator.execute(EngineExecutionOrchestrator.java:57)
	at org.junit.platform.launcher.core.DefaultLauncher.execute(DefaultLauncher.java:103)
	at org.junit.platform.launcher.core.DefaultLauncher.execute(DefaultLauncher.java:85)
	at org.junit.platform.launcher.core.DelegatingLauncher.execute(DelegatingLauncher.java:47)
	at org.apache.maven.surefire.junitplatform.LazyLauncher.execute(LazyLauncher.java:56)
	at org.apache.maven.surefire.junitplatform.JUnitPlatformProvider.execute(JUnitPlatformProvider.java:184)
	at org.apache.maven.surefire.junitplatform.JUnitPlatformProvider.invokeAllTests(JUnitPlatformProvider.java:148)
	at org.apache.maven.surefire.junitplatform.JUnitPlatformProvider.invoke(JUnitPlatformProvider.java:122)
	at org.apache.maven.surefire.booter.ForkedBooter.runSuitesInProcess(ForkedBooter.java:385)
	at org.apache.maven.surefire.booter.ForkedBooter.execute(ForkedBooter.java:162)
	at org.apache.maven.surefire.booter.ForkedBooter.run(ForkedBooter.java:507)
	at org.apache.maven.surefire.booter.ForkedBooter.main(ForkedBooter.java:495)
2026-03-17 21:39:57 - JDBC transaction marked for rollback-only (exception provided for stack trace)
java.lang.Exception: exception just for purpose of providing stack trace
	at org.hibernate.resource.transaction.backend.jdbc.internal.JdbcResourceLocalTransactionCoordinatorImpl$TransactionDriverControlImpl.markRollbackOnly(JdbcResourceLocalTransactionCoordinatorImpl.java:309)
	at org.hibernate.internal.AbstractSharedSessionContract.buildNamedQuery(AbstractSharedSessionContract.java:1109)
	at org.hibernate.internal.AbstractSharedSessionContract.createNamedQuery(AbstractSharedSessionContract.java:987)
	at org.hibernate.internal.AbstractSharedSessionContract.createNamedQuery(AbstractSharedSessionContract.java:140)
	at java.base/jdk.internal.reflect.NativeMethodAccessorImpl.invoke0(Native Method)
	at java.base/jdk.internal.reflect.NativeMethodAccessorImpl.invoke(NativeMethodAccessorImpl.java:77)
	at java.base/jdk.internal.reflect.DelegatingMethodAccessorImpl.invoke(DelegatingMethodAccessorImpl.java:43)
	at java.base/java.lang.reflect.Method.invoke(Method.java:569)
	at org.springframework.orm.jpa.ExtendedEntityManagerCreator$ExtendedEntityManagerInvocationHandler.invoke(ExtendedEntityManagerCreator.java:364)
	at jdk.proxy2/jdk.proxy2.$Proxy133.createNamedQuery(Unknown Source)
	at org.springframework.data.jpa.repository.query.NamedQuery.hasNamedQuery(NamedQuery.java:112)
	at org.springframework.data.jpa.repository.query.NamedQuery.lookupFrom(NamedQuery.java:138)
	at org.springframework.data.jpa.repository.query.JpaQueryLookupStrategy$DeclaredQueryLookupStrategy.resolveQuery(JpaQueryLookupStrategy.java:180)
	at org.springframework.data.jpa.repository.query.JpaQueryLookupStrategy$CreateIfNotFoundQueryLookupStrategy.resolveQuery(JpaQueryLookupStrategy.java:252)
	at org.springframework.data.jpa.repository.query.JpaQueryLookupStrategy$AbstractQueryLookupStrategy.resolveQuery(JpaQueryLookupStrategy.java:95)
	at org.springframework.data.repository.core.support.QueryExecutorMethodInterceptor.lookupQuery(QueryExecutorMethodInterceptor.java:115)
	at org.springframework.data.repository.core.support.QueryExecutorMethodInterceptor.mapMethodsToQuery(QueryExecutorMethodInterceptor.java:103)
	at org.springframework.data.repository.core.support.QueryExecutorMethodInterceptor.lambda$new$0(QueryExecutorMethodInterceptor.java:92)
	at java.base/java.util.Optional.map(Optional.java:260)
	at org.springframework.data.repository.core.support.QueryExecutorMethodInterceptor.<init>(QueryExecutorMethodInterceptor.java:92)
	at org.springframework.data.repository.core.support.RepositoryFactorySupport.getRepository(RepositoryFactorySupport.java:357)
	at org.springframework.data.repository.core.support.RepositoryFactoryBeanSupport.lambda$afterPropertiesSet$5(RepositoryFactoryBeanSupport.java:290)
	at org.springframework.data.util.Lazy.getNullable(Lazy.java:135)
	at org.springframework.data.util.Lazy.get(Lazy.java:113)
	at org.springframework.data.repository.core.support.RepositoryFactoryBeanSupport.afterPropertiesSet(RepositoryFactoryBeanSupport.java:296)
	at org.springframework.data.jpa.repository.support.JpaRepositoryFactoryBean.afterPropertiesSet(JpaRepositoryFactoryBean.java:132)
	at org.springframework.beans.factory.support.AbstractAutowireCapableBeanFactory.invokeInitMethods(AbstractAutowireCapableBeanFactory.java:1853)
	at org.springframework.beans.factory.support.AbstractAutowireCapableBeanFactory.initializeBean(AbstractAutowireCapableBeanFactory.java:1802)
	at org.springframework.beans.factory.support.AbstractAutowireCapableBeanFactory.doCreateBean(AbstractAutowireCapableBeanFactory.java:600)
	at org.springframework.beans.factory.support.AbstractAutowireCapableBeanFactory.createBean(AbstractAutowireCapableBeanFactory.java:522)
	at org.springframework.beans.factory.support.AbstractBeanFactory.lambda$doGetBean$0(AbstractBeanFactory.java:337)
	at org.springframework.beans.factory.support.DefaultSingletonBeanRegistry.getSingleton(DefaultSingletonBeanRegistry.java:234)
	at org.springframework.beans.factory.support.AbstractBeanFactory.doGetBean(AbstractBeanFactory.java:335)
	at org.springframework.beans.factory.support.AbstractBeanFactory.getBean(AbstractBeanFactory.java:200)
	at org.springframework.beans.factory.config.DependencyDescriptor.resolveCandidate(DependencyDescriptor.java:254)
	at org.springframework.beans.factory.support.DefaultListableBeanFactory.doResolveDependency(DefaultListableBeanFactory.java:1443)
	at org.springframework.beans.factory.support.DefaultListableBeanFactory.resolveDependency(DefaultListableBeanFactory.java:1353)
	at org.springframework.beans.factory.support.ConstructorResolver.resolveAutowiredArgument(ConstructorResolver.java:904)
	at org.springframework.beans.factory.support.ConstructorResolver.createArgumentArray(ConstructorResolver.java:782)
	at org.springframework.beans.factory.support.ConstructorResolver.autowireConstructor(ConstructorResolver.java:237)
	at org.springframework.beans.factory.support.AbstractAutowireCapableBeanFactory.autowireConstructor(AbstractAutowireCapableBeanFactory.java:1375)
	at org.springframework.beans.factory.support.AbstractAutowireCapableBeanFactory.createBeanInstance(AbstractAutowireCapableBeanFactory.java:1212)
	at org.springframework.beans.factory.support.AbstractAutowireCapableBeanFactory.doCreateBean(AbstractAutowireCapableBeanFactory.java:562)
	at org.springframework.beans.factory.support.AbstractAutowireCapableBeanFactory.createBean(AbstractAutowireCapableBeanFactory.java:522)
	at org.springframework.beans.factory.support.AbstractBeanFactory.lambda$doGetBean$0(AbstractBeanFactory.java:337)
	at org.springframework.beans.factory.support.DefaultSingletonBeanRegistry.getSingleton(DefaultSingletonBeanRegistry.java:234)
	at org.springframework.beans.factory.support.AbstractBeanFactory.doGetBean(AbstractBeanFactory.java:335)
	at org.springframework.beans.factory.support.AbstractBeanFactory.getBean(AbstractBeanFactory.java:200)
	at org.springframework.beans.factory.support.DefaultListableBeanFactory.preInstantiateSingletons(DefaultListableBeanFactory.java:975)
	at org.springframework.context.support.AbstractApplicationContext.finishBeanFactoryInitialization(AbstractApplicationContext.java:971)
	at org.springframework.context.support.AbstractApplicationContext.refresh(AbstractApplicationContext.java:625)
	at org.springframework.boot.SpringApplication.refresh(SpringApplication.java:754)
	at org.springframework.boot.SpringApplication.refreshContext(SpringApplication.java:456)
	at org.springframework.boot.SpringApplication.run(SpringApplication.java:335)
	at org.springframework.boot.test.context.SpringBootContextLoader.lambda$loadContext$3(SpringBootContextLoader.java:137)
	at org.springframework.util.function.ThrowingSupplier.get(ThrowingSupplier.java:58)
	at org.springframework.util.function.ThrowingSupplier.get(ThrowingSupplier.java:46)
	at org.springframework.boot.SpringApplication.withHook(SpringApplication.java:1463)
	at org.springframework.boot.test.context.SpringBootContextLoader$ContextLoaderHook.run(SpringBootContextLoader.java:553)
	at org.springframework.boot.test.context.SpringBootContextLoader.loadContext(SpringBootContextLoader.java:137)
	at org.springframework.boot.test.context.SpringBootContextLoader.loadContext(SpringBootContextLoader.java:108)
	at org.springframework.test.context.cache.DefaultCacheAwareContextLoaderDelegate.loadContextInternal(DefaultCacheAwareContextLoaderDelegate.java:225)
	at org.springframework.test.context.cache.DefaultCacheAwareContextLoaderDelegate.loadContext(DefaultCacheAwareContextLoaderDelegate.java:152)
	at org.springframework.test.context.support.DefaultTestContext.getApplicationContext(DefaultTestContext.java:130)
	at org.springframework.test.context.web.ServletTestExecutionListener.setUpRequestContextIfNecessary(ServletTestExecutionListener.java:191)
	at org.springframework.test.context.web.ServletTestExecutionListener.prepareTestInstance(ServletTestExecutionListener.java:130)
	at org.springframework.test.context.TestContextManager.prepareTestInstance(TestContextManager.java:260)
	at org.springframework.test.context.junit.jupiter.SpringExtension.postProcessTestInstance(SpringExtension.java:163)
	at org.junit.jupiter.engine.descriptor.ClassBasedTestDescriptor.lambda$invokeTestInstancePostProcessors$10(ClassBasedTestDescriptor.java:378)
	at org.junit.jupiter.engine.descriptor.ClassBasedTestDescriptor.executeAndMaskThrowable(ClassBasedTestDescriptor.java:383)
	at org.junit.jupiter.engine.descriptor.ClassBasedTestDescriptor.lambda$invokeTestInstancePostProcessors$11(ClassBasedTestDescriptor.java:378)
	at java.base/java.util.stream.ReferencePipeline$3$1.accept(ReferencePipeline.java:197)
	at java.base/java.util.stream.ReferencePipeline$2$1.accept(ReferencePipeline.java:179)
	at java.base/java.util.ArrayList$ArrayListSpliterator.forEachRemaining(ArrayList.java:1625)
	at java.base/java.util.stream.AbstractPipeline.copyInto(AbstractPipeline.java:509)
	at java.base/java.util.stream.AbstractPipeline.wrapAndCopyInto(AbstractPipeline.java:499)
	at java.base/java.util.stream.StreamSpliterators$WrappingSpliterator.forEachRemaining(StreamSpliterators.java:310)
	at java.base/java.util.stream.Streams$ConcatSpliterator.forEachRemaining(Streams.java:735)
	at java.base/java.util.stream.ReferencePipeline$Head.forEach(ReferencePipeline.java:762)
	at org.junit.jupiter.engine.descriptor.ClassBasedTestDescriptor.invokeTestInstancePostProcessors(ClassBasedTestDescriptor.java:377)
	at org.junit.jupiter.engine.descriptor.ClassBasedTestDescriptor.lambda$instantiateAndPostProcessTestInstance$6(ClassBasedTestDescriptor.java:290)
	at org.junit.platform.engine.support.hierarchical.ThrowableCollector.execute(ThrowableCollector.java:73)
	at org.junit.jupiter.engine.descriptor.ClassBasedTestDescriptor.instantiateAndPostProcessTestInstance(ClassBasedTestDescriptor.java:289)
	at org.junit.jupiter.engine.descriptor.ClassBasedTestDescriptor.lambda$testInstancesProvider$4(ClassBasedTestDescriptor.java:279)
	at java.base/java.util.Optional.orElseGet(Optional.java:364)
	at org.junit.jupiter.engine.descriptor.ClassBasedTestDescriptor.lambda$testInstancesProvider$5(ClassBasedTestDescriptor.java:278)
	at org.junit.jupiter.engine.execution.TestInstancesProvider.getTestInstances(TestInstancesProvider.java:31)
	at org.junit.jupiter.engine.descriptor.ClassBasedTestDescriptor.lambda$before$2(ClassBasedTestDescriptor.java:204)
	at org.junit.platform.engine.support.hierarchical.ThrowableCollector.execute(ThrowableCollector.java:73)
	at org.junit.jupiter.engine.descriptor.ClassBasedTestDescriptor.before(ClassBasedTestDescriptor.java:203)
	at org.junit.jupiter.engine.descriptor.ClassBasedTestDescriptor.before(ClassBasedTestDescriptor.java:85)
	at org.junit.platform.engine.support.hierarchical.NodeTestTask.lambda$executeRecursively$6(NodeTestTask.java:153)
	at org.junit.platform.engine.support.hierarchical.ThrowableCollector.execute(ThrowableCollector.java:73)
	at org.junit.platform.engine.support.hierarchical.NodeTestTask.lambda$executeRecursively$8(NodeTestTask.java:146)
	at org.junit.platform.engine.support.hierarchical.Node.around(Node.java:137)
	at org.junit.platform.engine.support.hierarchical.NodeTestTask.lambda$executeRecursively$9(NodeTestTask.java:144)
	at org.junit.platform.engine.support.hierarchical.ThrowableCollector.execute(ThrowableCollector.java:73)
	at org.junit.platform.engine.support.hierarchical.NodeTestTask.executeRecursively(NodeTestTask.java:143)
	at org.junit.platform.engine.support.hierarchical.NodeTestTask.execute(NodeTestTask.java:100)
	at java.base/java.util.ArrayList.forEach(ArrayList.java:1511)
	at org.junit.platform.engine.support.hierarchical.SameThreadHierarchicalTestExecutorService.invokeAll(SameThreadHierarchicalTestExecutorService.java:41)
	at org.junit.platform.engine.support.hierarchical.NodeTestTask.lambda$executeRecursively$6(NodeTestTask.java:160)
	at org.junit.platform.engine.support.hierarchical.ThrowableCollector.execute(ThrowableCollector.java:73)
	at org.junit.platform.engine.support.hierarchical.NodeTestTask.lambda$executeRecursively$8(NodeTestTask.java:146)
	at org.junit.platform.engine.support.hierarchical.Node.around(Node.java:137)
	at org.junit.platform.engine.support.hierarchical.NodeTestTask.lambda$executeRecursively$9(NodeTestTask.java:144)
	at org.junit.platform.engine.support.hierarchical.ThrowableCollector.execute(ThrowableCollector.java:73)
	at org.junit.platform.engine.support.hierarchical.NodeTestTask.executeRecursively(NodeTestTask.java:143)
	at org.junit.platform.engine.support.hierarchical.NodeTestTask.execute(NodeTestTask.java:100)
	at org.junit.platform.engine.support.hierarchical.SameThreadHierarchicalTestExecutorService.submit(SameThreadHierarchicalTestExecutorService.java:35)
	at org.junit.platform.engine.support.hierarchical.HierarchicalTestExecutor.execute(HierarchicalTestExecutor.java:57)
	at org.junit.platform.engine.support.hierarchical.HierarchicalTestEngine.execute(HierarchicalTestEngine.java:54)
	at org.junit.platform.launcher.core.EngineExecutionOrchestrator.execute(EngineExecutionOrchestrator.java:198)
	at org.junit.platform.launcher.core.EngineExecutionOrchestrator.execute(EngineExecutionOrchestrator.java:169)
	at org.junit.platform.launcher.core.EngineExecutionOrchestrator.execute(EngineExecutionOrchestrator.java:93)
	at org.junit.platform.launcher.core.EngineExecutionOrchestrator.lambda$execute$0(EngineExecutionOrchestrator.java:58)
	at org.junit.platform.launcher.core.EngineExecutionOrchestrator.withInterceptedStreams(EngineExecutionOrchestrator.java:141)
	at org.junit.platform.launcher.core.EngineExecutionOrchestrator.execute(EngineExecutionOrchestrator.java:57)
	at org.junit.platform.launcher.core.DefaultLauncher.execute(DefaultLauncher.java:103)
	at org.junit.platform.launcher.core.DefaultLauncher.execute(DefaultLauncher.java:85)
	at org.junit.platform.launcher.core.DelegatingLauncher.execute(DelegatingLauncher.java:47)
	at org.apache.maven.surefire.junitplatform.LazyLauncher.execute(LazyLauncher.java:56)
	at org.apache.maven.surefire.junitplatform.JUnitPlatformProvider.execute(JUnitPlatformProvider.java:184)
	at org.apache.maven.surefire.junitplatform.JUnitPlatformProvider.invokeAllTests(JUnitPlatformProvider.java:148)
	at org.apache.maven.surefire.junitplatform.JUnitPlatformProvider.invoke(JUnitPlatformProvider.java:122)
	at org.apache.maven.surefire.booter.ForkedBooter.runSuitesInProcess(ForkedBooter.java:385)
	at org.apache.maven.surefire.booter.ForkedBooter.execute(ForkedBooter.java:162)
	at org.apache.maven.surefire.booter.ForkedBooter.run(ForkedBooter.java:507)
	at org.apache.maven.surefire.booter.ForkedBooter.main(ForkedBooter.java:495)
2026-03-17 21:39:57 - spring.jpa.open-in-view is enabled by default. Therefore, database queries may be performed during view rendering. Explicitly configure spring.jpa.open-in-view to disable this warning
2026-03-17 21:39:57 - 

Using generated security password: 87d204d1-99a9-44b6-bb5c-4a592acf0f39

This generated password is for development use only. Your security configuration must be updated before running your application in production.

2026-03-17 21:39:57 - Global AuthenticationManager configured with UserDetailsService bean with name inMemoryUserDetailsManager
2026-03-17 21:39:57 - Adding welcome page: class path resource [static/index.html]
2026-03-17 21:39:57 - Will secure any request with filters: DisableEncodeUrlFilter, WebAsyncManagerIntegrationFilter, SecurityContextHolderFilter, HeaderWriterFilter, LogoutFilter, JwtRequestFilter, RequestCacheAwareFilter, SecurityContextHolderAwareRequestFilter, AnonymousAuthenticationFilter, SessionManagementFilter, ExceptionTranslationFilter, AuthorizationFilter
2026-03-17 21:39:57 - Filter 'jwtRequestFilter' configured for use
2026-03-17 21:39:57 - Initializing Spring TestDispatcherServlet ''
2026-03-17 21:39:57 - Initializing Servlet ''
2026-03-17 21:39:57 - Completed initialization in 0 ms
2026-03-17 21:39:57 - Started EventBookingIntegrationTest in 2.632 seconds (process running for 3.386)
===== REGISTER USER =====
{
    "name": "Test User",
    "email": "test_user@test.com",
    "password": "password123",
    "role": "USER"
}

2026-03-17 21:39:57 - Securing POST /api/auth/register
2026-03-17 21:39:57 - Set SecurityContextHolder to anonymous SecurityContext
2026-03-17 21:39:57 - Secured POST /api/auth/register
2026-03-17 21:39:57 - Received registration request for email: test_user@test.com
2026-03-17 21:39:57 - Registering new user with email: test_user@test.com
2026-03-17 21:39:58 - On TransactionImpl creation, JpaCompliance#isJpaTransactionComplianceEnabled == false
2026-03-17 21:39:58 - begin
2026-03-17 21:39:58 - jakarta.persistence.PersistenceUnitUtil.getIdentifier is only intended to work with enhanced entities (although Hibernate also adapts this support to its proxies); however the passed entity was not enhanced (nor a proxy).. may not be able to read identifier
2026-03-17 21:39:58 - Executing identity-insert immediately
2026-03-17 21:39:58 - insert into users (created_at,email,name,password,role) values (?,?,?,?,?)
Hibernate: insert into users (created_at,email,name,password,role) values (?,?,?,?,?)
2026-03-17 21:39:58 - could not prepare statement [insert into users (created_at,email,name,password,role) values (?,?,?,?,?)]
org.h2.jdbc.JdbcSQLSyntaxErrorException: Table "USERS" not found (this database is empty); SQL statement:
insert into users (created_at,email,name,password,role) values (?,?,?,?,?) [42104-224]
	at org.h2.message.DbException.getJdbcSQLException(DbException.java:514)
	at org.h2.message.DbException.getJdbcSQLException(DbException.java:489)
	at org.h2.message.DbException.get(DbException.java:223)
	at org.h2.message.DbException.get(DbException.java:199)
	at org.h2.command.Parser.getTableOrViewNotFoundDbException(Parser.java:8051)
	at org.h2.command.Parser.getTableOrViewNotFoundDbException(Parser.java:8035)
	at org.h2.command.Parser.readTableOrView(Parser.java:8024)
	at org.h2.command.Parser.readTableOrView(Parser.java:7990)
	at org.h2.command.Parser.parseInsert(Parser.java:1540)
	at org.h2.command.Parser.parsePrepared(Parser.java:719)
	at org.h2.command.Parser.parse(Parser.java:592)
	at org.h2.command.Parser.parse(Parser.java:564)
	at org.h2.command.Parser.prepareCommand(Parser.java:483)
	at org.h2.engine.SessionLocal.prepareLocal(SessionLocal.java:639)
	at org.h2.engine.SessionLocal.prepareCommand(SessionLocal.java:559)
	at org.h2.jdbc.JdbcConnection.prepareCommand(JdbcConnection.java:1166)
	at org.h2.jdbc.JdbcPreparedStatement.<init>(JdbcPreparedStatement.java:93)
	at org.h2.jdbc.JdbcConnection.prepareStatement(JdbcConnection.java:1094)
	at com.zaxxer.hikari.pool.ProxyConnection.prepareStatement(ProxyConnection.java:335)
	at com.zaxxer.hikari.pool.HikariProxyConnection.prepareStatement(HikariProxyConnection.java)
	at org.hibernate.engine.jdbc.internal.MutationStatementPreparerImpl$2.doPrepare(MutationStatementPreparerImpl.java:61)
	at org.hibernate.engine.jdbc.internal.MutationStatementPreparerImpl$StatementPreparationTemplate.prepareStatement(MutationStatementPreparerImpl.java:106)
	at org.hibernate.engine.jdbc.internal.MutationStatementPreparerImpl.prepareStatement(MutationStatementPreparerImpl.java:63)
	at org.hibernate.id.insert.GetGeneratedKeysDelegate.prepareStatement(GetGeneratedKeysDelegate.java:95)
	at org.hibernate.engine.jdbc.mutation.internal.ModelMutationHelper.delegateStatementPreparation(ModelMutationHelper.java:131)
	at org.hibernate.engine.jdbc.mutation.internal.ModelMutationHelper.lambda$standardPreparation$0(ModelMutationHelper.java:121)
	at org.hibernate.engine.jdbc.mutation.internal.PreparedStatementDetailsStandard.resolveStatement(PreparedStatementDetailsStandard.java:87)
	at org.hibernate.id.insert.GetGeneratedKeysDelegate.performMutation(GetGeneratedKeysDelegate.java:113)
	at org.hibernate.engine.jdbc.mutation.internal.MutationExecutorSingleNonBatched.performNonBatchedOperations(MutationExecutorSingleNonBatched.java:47)
	at org.hibernate.engine.jdbc.mutation.internal.AbstractMutationExecutor.execute(AbstractMutationExecutor.java:55)
	at org.hibernate.persister.entity.mutation.InsertCoordinatorStandard.doStaticInserts(InsertCoordinatorStandard.java:194)
	at org.hibernate.persister.entity.mutation.InsertCoordinatorStandard.coordinateInsert(InsertCoordinatorStandard.java:132)
	at org.hibernate.persister.entity.mutation.InsertCoordinatorStandard.insert(InsertCoordinatorStandard.java:95)
	at org.hibernate.action.internal.EntityIdentityInsertAction.execute(EntityIdentityInsertAction.java:85)
	at org.hibernate.engine.spi.ActionQueue.execute(ActionQueue.java:671)
	at org.hibernate.engine.spi.ActionQueue.addResolvedEntityInsertAction(ActionQueue.java:292)
	at org.hibernate.engine.spi.ActionQueue.addInsertAction(ActionQueue.java:273)
	at org.hibernate.engine.spi.ActionQueue.addAction(ActionQueue.java:323)
	at org.hibernate.event.internal.AbstractSaveEventListener.addInsertAction(AbstractSaveEventListener.java:391)
	at org.hibernate.event.internal.AbstractSaveEventListener.performSaveOrReplicate(AbstractSaveEventListener.java:305)
	at org.hibernate.event.internal.AbstractSaveEventListener.performSave(AbstractSaveEventListener.java:224)
	at org.hibernate.event.internal.AbstractSaveEventListener.saveWithGeneratedId(AbstractSaveEventListener.java:137)
	at org.hibernate.event.internal.DefaultPersistEventListener.entityIsTransient(DefaultPersistEventListener.java:175)
	at org.hibernate.event.internal.DefaultPersistEventListener.persist(DefaultPersistEventListener.java:93)
	at org.hibernate.event.internal.DefaultPersistEventListener.onPersist(DefaultPersistEventListener.java:77)
	at org.hibernate.event.internal.DefaultPersistEventListener.onPersist(DefaultPersistEventListener.java:54)
	at org.hibernate.event.service.internal.EventListenerGroupImpl.fireEventOnEachListener(EventListenerGroupImpl.java:127)
	at org.hibernate.internal.SessionImpl.firePersist(SessionImpl.java:757)
	at org.hibernate.internal.SessionImpl.persist(SessionImpl.java:741)
	at java.base/jdk.internal.reflect.NativeMethodAccessorImpl.invoke0(Native Method)
	at java.base/jdk.internal.reflect.NativeMethodAccessorImpl.invoke(NativeMethodAccessorImpl.java:77)
	at java.base/jdk.internal.reflect.DelegatingMethodAccessorImpl.invoke(DelegatingMethodAccessorImpl.java:43)
	at java.base/java.lang.reflect.Method.invoke(Method.java:569)
	at org.springframework.orm.jpa.ExtendedEntityManagerCreator$ExtendedEntityManagerInvocationHandler.invoke(ExtendedEntityManagerCreator.java:364)
	at jdk.proxy2/jdk.proxy2.$Proxy133.persist(Unknown Source)
	at java.base/jdk.internal.reflect.NativeMethodAccessorImpl.invoke0(Native Method)
	at java.base/jdk.internal.reflect.NativeMethodAccessorImpl.invoke(NativeMethodAccessorImpl.java:77)
	at java.base/jdk.internal.reflect.DelegatingMethodAccessorImpl.invoke(DelegatingMethodAccessorImpl.java:43)
	at java.base/java.lang.reflect.Method.invoke(Method.java:569)
	at org.springframework.orm.jpa.SharedEntityManagerCreator$SharedEntityManagerInvocationHandler.invoke(SharedEntityManagerCreator.java:319)
	at jdk.proxy2/jdk.proxy2.$Proxy133.persist(Unknown Source)
	at org.springframework.data.jpa.repository.support.SimpleJpaRepository.save(SimpleJpaRepository.java:628)
	at java.base/jdk.internal.reflect.NativeMethodAccessorImpl.invoke0(Native Method)
	at java.base/jdk.internal.reflect.NativeMethodAccessorImpl.invoke(NativeMethodAccessorImpl.java:77)
	at java.base/jdk.internal.reflect.DelegatingMethodAccessorImpl.invoke(DelegatingMethodAccessorImpl.java:43)
	at java.base/java.lang.reflect.Method.invoke(Method.java:569)
	at org.springframework.aop.support.AopUtils.invokeJoinpointUsingReflection(AopUtils.java:355)
	at org.springframework.data.repository.core.support.RepositoryMethodInvoker$RepositoryFragmentMethodInvoker.lambda$new$0(RepositoryMethodInvoker.java:277)
	at org.springframework.data.repository.core.support.RepositoryMethodInvoker.doInvoke(RepositoryMethodInvoker.java:170)
	at org.springframework.data.repository.core.support.RepositoryMethodInvoker.invoke(RepositoryMethodInvoker.java:158)
	at org.springframework.data.repository.core.support.RepositoryComposition$RepositoryFragments.invoke(RepositoryComposition.java:516)
	at org.springframework.data.repository.core.support.RepositoryComposition.invoke(RepositoryComposition.java:285)
	at org.springframework.data.repository.core.support.RepositoryFactorySupport$ImplementationMethodExecutionInterceptor.invoke(RepositoryFactorySupport.java:628)
	at org.springframework.aop.framework.ReflectiveMethodInvocation.proceed(ReflectiveMethodInvocation.java:184)
	at org.springframework.data.repository.core.support.QueryExecutorMethodInterceptor.doInvoke(QueryExecutorMethodInterceptor.java:173)
	at org.springframework.data.repository.core.support.QueryExecutorMethodInterceptor.invoke(QueryExecutorMethodInterceptor.java:148)
	at org.springframework.aop.framework.ReflectiveMethodInvocation.proceed(ReflectiveMethodInvocation.java:184)
	at org.springframework.data.projection.DefaultMethodInvokingMethodInterceptor.invoke(DefaultMethodInvokingMethodInterceptor.java:70)
	at org.springframework.aop.framework.ReflectiveMethodInvocation.proceed(ReflectiveMethodInvocation.java:184)
	at org.springframework.transaction.interceptor.TransactionAspectSupport.invokeWithinTransaction(TransactionAspectSupport.java:379)
	at org.springframework.transaction.interceptor.TransactionInterceptor.invoke(TransactionInterceptor.java:119)
	at org.springframework.aop.framework.ReflectiveMethodInvocation.proceed(ReflectiveMethodInvocation.java:184)
	at org.springframework.dao.support.PersistenceExceptionTranslationInterceptor.invoke(PersistenceExceptionTranslationInterceptor.java:138)
	at org.springframework.aop.framework.ReflectiveMethodInvocation.proceed(ReflectiveMethodInvocation.java:184)
	at org.springframework.data.jpa.repository.support.CrudMethodMetadataPostProcessor$CrudMethodMetadataPopulatingMethodInterceptor.invoke(CrudMethodMetadataPostProcessor.java:165)
	at org.springframework.aop.framework.ReflectiveMethodInvocation.proceed(ReflectiveMethodInvocation.java:184)
	at org.springframework.aop.interceptor.ExposeInvocationInterceptor.invoke(ExposeInvocationInterceptor.java:97)
	at org.springframework.aop.framework.ReflectiveMethodInvocation.proceed(ReflectiveMethodInvocation.java:184)
	at org.springframework.aop.framework.JdkDynamicAopProxy.invoke(JdkDynamicAopProxy.java:223)
	at jdk.proxy2/jdk.proxy2.$Proxy137.save(Unknown Source)
	at com.susan.eventbooking.service.AuthService.register(AuthService.java:38)
	at com.susan.eventbooking.controller.AuthController.register(AuthController.java:29)
	at java.base/jdk.internal.reflect.NativeMethodAccessorImpl.invoke0(Native Method)
	at java.base/jdk.internal.reflect.NativeMethodAccessorImpl.invoke(NativeMethodAccessorImpl.java:77)
	at java.base/jdk.internal.reflect.DelegatingMethodAccessorImpl.invoke(DelegatingMethodAccessorImpl.java:43)
	at java.base/java.lang.reflect.Method.invoke(Method.java:569)
	at org.springframework.web.method.support.InvocableHandlerMethod.doInvoke(InvocableHandlerMethod.java:255)
	at org.springframework.web.method.support.InvocableHandlerMethod.invokeForRequest(InvocableHandlerMethod.java:188)
	at org.springframework.web.servlet.mvc.method.annotation.ServletInvocableHandlerMethod.invokeAndHandle(ServletInvocableHandlerMethod.java:118)
	at org.springframework.web.servlet.mvc.method.annotation.RequestMappingHandlerAdapter.invokeHandlerMethod(RequestMappingHandlerAdapter.java:926)
	at org.springframework.web.servlet.mvc.method.annotation.RequestMappingHandlerAdapter.handleInternal(RequestMappingHandlerAdapter.java:831)
	at org.springframework.web.servlet.mvc.method.AbstractHandlerMethodAdapter.handle(AbstractHandlerMethodAdapter.java:87)
	at org.springframework.web.servlet.DispatcherServlet.doDispatch(DispatcherServlet.java:1089)
	at org.springframework.web.servlet.DispatcherServlet.doService(DispatcherServlet.java:979)
	at org.springframework.web.servlet.FrameworkServlet.processRequest(FrameworkServlet.java:1014)
	at org.springframework.web.servlet.FrameworkServlet.doPost(FrameworkServlet.java:914)
	at jakarta.servlet.http.HttpServlet.service(HttpServlet.java:590)
	at org.springframework.web.servlet.FrameworkServlet.service(FrameworkServlet.java:885)
	at org.springframework.test.web.servlet.TestDispatcherServlet.service(TestDispatcherServlet.java:72)
	at jakarta.servlet.http.HttpServlet.service(HttpServlet.java:658)
	at org.springframework.mock.web.MockFilterChain$ServletFilterProxy.doFilter(MockFilterChain.java:165)
	at org.springframework.mock.web.MockFilterChain.doFilter(MockFilterChain.java:132)
	at org.springframework.web.filter.OncePerRequestFilter.doFilter(OncePerRequestFilter.java:110)
	at org.springframework.test.web.servlet.setup.MockMvcFilterDecorator.doFilter(MockMvcFilterDecorator.java:151)
	at org.springframework.mock.web.MockFilterChain.doFilter(MockFilterChain.java:132)
	at org.springframework.web.filter.CompositeFilter$VirtualFilterChain.doFilter(CompositeFilter.java:108)
	at org.springframework.security.web.FilterChainProxy.lambda$doFilterInternal$3(FilterChainProxy.java:231)
	at org.springframework.security.web.FilterChainProxy$VirtualFilterChain.doFilter(FilterChainProxy.java:365)
	at org.springframework.security.web.access.intercept.AuthorizationFilter.doFilter(AuthorizationFilter.java:100)
	at org.springframework.security.web.FilterChainProxy$VirtualFilterChain.doFilter(FilterChainProxy.java:374)
	at org.springframework.security.web.access.ExceptionTranslationFilter.doFilter(ExceptionTranslationFilter.java:126)
	at org.springframework.security.web.access.ExceptionTranslationFilter.doFilter(ExceptionTranslationFilter.java:120)
	at org.springframework.security.web.FilterChainProxy$VirtualFilterChain.doFilter(FilterChainProxy.java:374)
	at org.springframework.security.web.session.SessionManagementFilter.doFilter(SessionManagementFilter.java:131)
	at org.springframework.security.web.session.SessionManagementFilter.doFilter(SessionManagementFilter.java:85)
	at org.springframework.security.web.FilterChainProxy$VirtualFilterChain.doFilter(FilterChainProxy.java:374)
	at org.springframework.security.web.authentication.AnonymousAuthenticationFilter.doFilter(AnonymousAuthenticationFilter.java:100)
	at org.springframework.security.web.FilterChainProxy$VirtualFilterChain.doFilter(FilterChainProxy.java:374)
	at org.springframework.security.web.servletapi.SecurityContextHolderAwareRequestFilter.doFilter(SecurityContextHolderAwareRequestFilter.java:179)
	at org.springframework.security.web.FilterChainProxy$VirtualFilterChain.doFilter(FilterChainProxy.java:374)
	at org.springframework.security.web.savedrequest.RequestCacheAwareFilter.doFilter(RequestCacheAwareFilter.java:63)
	at org.springframework.security.web.FilterChainProxy$VirtualFilterChain.doFilter(FilterChainProxy.java:374)
	at com.susan.eventbooking.security.JwtRequestFilter.doFilterInternal(JwtRequestFilter.java:30)
	at org.springframework.web.filter.OncePerRequestFilter.doFilter(OncePerRequestFilter.java:116)
	at org.springframework.security.web.FilterChainProxy$VirtualFilterChain.doFilter(FilterChainProxy.java:374)
	at org.springframework.security.web.authentication.logout.LogoutFilter.doFilter(LogoutFilter.java:107)
	at org.springframework.security.web.authentication.logout.LogoutFilter.doFilter(LogoutFilter.java:93)
	at org.springframework.security.web.FilterChainProxy$VirtualFilterChain.doFilter(FilterChainProxy.java:374)
	at org.springframework.security.web.header.HeaderWriterFilter.doHeadersAfter(HeaderWriterFilter.java:90)
	at org.springframework.security.web.header.HeaderWriterFilter.doFilterInternal(HeaderWriterFilter.java:75)
	at org.springframework.web.filter.OncePerRequestFilter.doFilter(OncePerRequestFilter.java:116)
	at org.springframework.security.web.FilterChainProxy$VirtualFilterChain.doFilter(FilterChainProxy.java:374)
	at org.springframework.security.web.context.SecurityContextHolderFilter.doFilter(SecurityContextHolderFilter.java:82)
	at org.springframework.security.web.context.SecurityContextHolderFilter.doFilter(SecurityContextHolderFilter.java:69)
	at org.springframework.security.web.FilterChainProxy$VirtualFilterChain.doFilter(FilterChainProxy.java:374)
	at org.springframework.security.web.context.request.async.WebAsyncManagerIntegrationFilter.doFilterInternal(WebAsyncManagerIntegrationFilter.java:62)
	at org.springframework.web.filter.OncePerRequestFilter.doFilter(OncePerRequestFilter.java:116)
	at org.springframework.security.web.FilterChainProxy$VirtualFilterChain.doFilter(FilterChainProxy.java:374)
	at org.springframework.security.web.session.DisableEncodeUrlFilter.doFilterInternal(DisableEncodeUrlFilter.java:42)
	at org.springframework.web.filter.OncePerRequestFilter.doFilter(OncePerRequestFilter.java:116)
	at org.springframework.security.web.FilterChainProxy$VirtualFilterChain.doFilter(FilterChainProxy.java:374)
	at org.springframework.security.web.FilterChainProxy.doFilterInternal(FilterChainProxy.java:233)
	at org.springframework.security.web.FilterChainProxy.doFilter(FilterChainProxy.java:191)
	at org.springframework.web.filter.CompositeFilter$VirtualFilterChain.doFilter(CompositeFilter.java:113)
	at org.springframework.web.servlet.handler.HandlerMappingIntrospector.lambda$createCacheFilter$3(HandlerMappingIntrospector.java:195)
	at org.springframework.web.filter.CompositeFilter$VirtualFilterChain.doFilter(CompositeFilter.java:113)
	at org.springframework.web.filter.CompositeFilter.doFilter(CompositeFilter.java:74)
	at org.springframework.security.config.annotation.web.configuration.WebMvcSecurityConfiguration$CompositeFilterChainProxy.doFilter(WebMvcSecurityConfiguration.java:230)
	at org.springframework.web.filter.DelegatingFilterProxy.invokeDelegate(DelegatingFilterProxy.java:362)
	at org.springframework.web.filter.DelegatingFilterProxy.doFilter(DelegatingFilterProxy.java:278)
	at org.springframework.test.web.servlet.setup.MockMvcFilterDecorator.doFilter(MockMvcFilterDecorator.java:151)
	at org.springframework.mock.web.MockFilterChain.doFilter(MockFilterChain.java:132)
	at org.springframework.web.filter.RequestContextFilter.doFilterInternal(RequestContextFilter.java:100)
	at org.springframework.web.filter.OncePerRequestFilter.doFilter(OncePerRequestFilter.java:116)
	at org.springframework.test.web.servlet.setup.MockMvcFilterDecorator.doFilter(MockMvcFilterDecorator.java:151)
	at org.springframework.mock.web.MockFilterChain.doFilter(MockFilterChain.java:132)
	at org.springframework.web.filter.FormContentFilter.doFilterInternal(FormContentFilter.java:93)
	at org.springframework.web.filter.OncePerRequestFilter.doFilter(OncePerRequestFilter.java:116)
	at org.springframework.test.web.servlet.setup.MockMvcFilterDecorator.doFilter(MockMvcFilterDecorator.java:151)
	at org.springframework.mock.web.MockFilterChain.doFilter(MockFilterChain.java:132)
	at org.springframework.web.filter.CharacterEncodingFilter.doFilterInternal(CharacterEncodingFilter.java:201)
	at org.springframework.web.filter.OncePerRequestFilter.doFilter(OncePerRequestFilter.java:116)
	at org.springframework.test.web.servlet.setup.MockMvcFilterDecorator.doFilter(MockMvcFilterDecorator.java:151)
	at org.springframework.mock.web.MockFilterChain.doFilter(MockFilterChain.java:132)
	at org.springframework.test.web.servlet.MockMvc.perform(MockMvc.java:201)
	at com.susan.eventbooking.EventBookingIntegrationTest.registerUser(EventBookingIntegrationTest.java:55)
	at java.base/jdk.internal.reflect.NativeMethodAccessorImpl.invoke0(Native Method)
	at java.base/jdk.internal.reflect.NativeMethodAccessorImpl.invoke(NativeMethodAccessorImpl.java:77)
	at java.base/jdk.internal.reflect.DelegatingMethodAccessorImpl.invoke(DelegatingMethodAccessorImpl.java:43)
	at java.base/java.lang.reflect.Method.invoke(Method.java:569)
	at org.junit.platform.commons.util.ReflectionUtils.invokeMethod(ReflectionUtils.java:728)
	at org.junit.jupiter.engine.execution.MethodInvocation.proceed(MethodInvocation.java:60)
	at org.junit.jupiter.engine.execution.InvocationInterceptorChain$ValidatingInvocation.proceed(InvocationInterceptorChain.java:131)
	at org.junit.jupiter.engine.extension.TimeoutExtension.intercept(TimeoutExtension.java:156)
	at org.junit.jupiter.engine.extension.TimeoutExtension.interceptTestableMethod(TimeoutExtension.java:147)
	at org.junit.jupiter.engine.extension.TimeoutExtension.interceptTestMethod(TimeoutExtension.java:86)
	at org.junit.jupiter.engine.execution.InterceptingExecutableInvoker$ReflectiveInterceptorCall.lambda$ofVoidMethod$0(InterceptingExecutableInvoker.java:103)
	at org.junit.jupiter.engine.execution.InterceptingExecutableInvoker.lambda$invoke$0(InterceptingExecutableInvoker.java:93)
	at org.junit.jupiter.engine.execution.InvocationInterceptorChain$InterceptedInvocation.proceed(InvocationInterceptorChain.java:106)
	at org.junit.jupiter.engine.execution.InvocationInterceptorChain.proceed(InvocationInterceptorChain.java:64)
	at org.junit.jupiter.engine.execution.InvocationInterceptorChain.chainAndInvoke(InvocationInterceptorChain.java:45)
	at org.junit.jupiter.engine.execution.InvocationInterceptorChain.invoke(InvocationInterceptorChain.java:37)
	at org.junit.jupiter.engine.execution.InterceptingExecutableInvoker.invoke(InterceptingExecutableInvoker.java:92)
	at org.junit.jupiter.engine.execution.InterceptingExecutableInvoker.invoke(InterceptingExecutableInvoker.java:86)
	at org.junit.jupiter.engine.descriptor.TestMethodTestDescriptor.lambda$invokeTestMethod$7(TestMethodTestDescriptor.java:218)
	at org.junit.platform.engine.support.hierarchical.ThrowableCollector.execute(ThrowableCollector.java:73)
	at org.junit.jupiter.engine.descriptor.TestMethodTestDescriptor.invokeTestMethod(TestMethodTestDescriptor.java:214)
	at org.junit.jupiter.engine.descriptor.TestMethodTestDescriptor.execute(TestMethodTestDescriptor.java:139)
	at org.junit.jupiter.engine.descriptor.TestMethodTestDescriptor.execute(TestMethodTestDescriptor.java:69)
	at org.junit.platform.engine.support.hierarchical.NodeTestTask.lambda$executeRecursively$6(NodeTestTask.java:156)
	at org.junit.platform.engine.support.hierarchical.ThrowableCollector.execute(ThrowableCollector.java:73)
	at org.junit.platform.engine.support.hierarchical.NodeTestTask.lambda$executeRecursively$8(NodeTestTask.java:146)
	at org.junit.platform.engine.support.hierarchical.Node.around(Node.java:137)
	at org.junit.platform.engine.support.hierarchical.NodeTestTask.lambda$executeRecursively$9(NodeTestTask.java:144)
	at org.junit.platform.engine.support.hierarchical.ThrowableCollector.execute(ThrowableCollector.java:73)
	at org.junit.platform.engine.support.hierarchical.NodeTestTask.executeRecursively(NodeTestTask.java:143)
	at org.junit.platform.engine.support.hierarchical.NodeTestTask.execute(NodeTestTask.java:100)
	at java.base/java.util.ArrayList.forEach(ArrayList.java:1511)
	at org.junit.platform.engine.support.hierarchical.SameThreadHierarchicalTestExecutorService.invokeAll(SameThreadHierarchicalTestExecutorService.java:41)
	at org.junit.platform.engine.support.hierarchical.NodeTestTask.lambda$executeRecursively$6(NodeTestTask.java:160)
	at org.junit.platform.engine.support.hierarchical.ThrowableCollector.execute(ThrowableCollector.java:73)
	at org.junit.platform.engine.support.hierarchical.NodeTestTask.lambda$executeRecursively$8(NodeTestTask.java:146)
	at org.junit.platform.engine.support.hierarchical.Node.around(Node.java:137)
	at org.junit.platform.engine.support.hierarchical.NodeTestTask.lambda$executeRecursively$9(NodeTestTask.java:144)
	at org.junit.platform.engine.support.hierarchical.ThrowableCollector.execute(ThrowableCollector.java:73)
	at org.junit.platform.engine.support.hierarchical.NodeTestTask.executeRecursively(NodeTestTask.java:143)
	at org.junit.platform.engine.support.hierarchical.NodeTestTask.execute(NodeTestTask.java:100)
	at java.base/java.util.ArrayList.forEach(ArrayList.java:1511)
	at org.junit.platform.engine.support.hierarchical.SameThreadHierarchicalTestExecutorService.invokeAll(SameThreadHierarchicalTestExecutorService.java:41)
	at org.junit.platform.engine.support.hierarchical.NodeTestTask.lambda$executeRecursively$6(NodeTestTask.java:160)
	at org.junit.platform.engine.support.hierarchical.ThrowableCollector.execute(ThrowableCollector.java:73)
	at org.junit.platform.engine.support.hierarchical.NodeTestTask.lambda$executeRecursively$8(NodeTestTask.java:146)
	at org.junit.platform.engine.support.hierarchical.Node.around(Node.java:137)
	at org.junit.platform.engine.support.hierarchical.NodeTestTask.lambda$executeRecursively$9(NodeTestTask.java:144)
	at org.junit.platform.engine.support.hierarchical.ThrowableCollector.execute(ThrowableCollector.java:73)
	at org.junit.platform.engine.support.hierarchical.NodeTestTask.executeRecursively(NodeTestTask.java:143)
	at org.junit.platform.engine.support.hierarchical.NodeTestTask.execute(NodeTestTask.java:100)
	at org.junit.platform.engine.support.hierarchical.SameThreadHierarchicalTestExecutorService.submit(SameThreadHierarchicalTestExecutorService.java:35)
	at org.junit.platform.engine.support.hierarchical.HierarchicalTestExecutor.execute(HierarchicalTestExecutor.java:57)
	at org.junit.platform.engine.support.hierarchical.HierarchicalTestEngine.execute(HierarchicalTestEngine.java:54)
	at org.junit.platform.launcher.core.EngineExecutionOrchestrator.execute(EngineExecutionOrchestrator.java:198)
	at org.junit.platform.launcher.core.EngineExecutionOrchestrator.execute(EngineExecutionOrchestrator.java:169)
	at org.junit.platform.launcher.core.EngineExecutionOrchestrator.execute(EngineExecutionOrchestrator.java:93)
	at org.junit.platform.launcher.core.EngineExecutionOrchestrator.lambda$execute$0(EngineExecutionOrchestrator.java:58)
	at org.junit.platform.launcher.core.EngineExecutionOrchestrator.withInterceptedStreams(EngineExecutionOrchestrator.java:141)
	at org.junit.platform.launcher.core.EngineExecutionOrchestrator.execute(EngineExecutionOrchestrator.java:57)
	at org.junit.platform.launcher.core.DefaultLauncher.execute(DefaultLauncher.java:103)
	at org.junit.platform.launcher.core.DefaultLauncher.execute(DefaultLauncher.java:85)
	at org.junit.platform.launcher.core.DelegatingLauncher.execute(DelegatingLauncher.java:47)
	at org.apache.maven.surefire.junitplatform.LazyLauncher.execute(LazyLauncher.java:56)
	at org.apache.maven.surefire.junitplatform.JUnitPlatformProvider.execute(JUnitPlatformProvider.java:184)
	at org.apache.maven.surefire.junitplatform.JUnitPlatformProvider.invokeAllTests(JUnitPlatformProvider.java:148)
	at org.apache.maven.surefire.junitplatform.JUnitPlatformProvider.invoke(JUnitPlatformProvider.java:122)
	at org.apache.maven.surefire.booter.ForkedBooter.runSuitesInProcess(ForkedBooter.java:385)
	at org.apache.maven.surefire.booter.ForkedBooter.execute(ForkedBooter.java:162)
	at org.apache.maven.surefire.booter.ForkedBooter.run(ForkedBooter.java:507)
	at org.apache.maven.surefire.booter.ForkedBooter.main(ForkedBooter.java:495)
2026-03-17 21:39:58 - SQL Error: 42104, SQLState: 42S04
2026-03-17 21:39:58 - Table "USERS" not found (this database is empty); SQL statement:
insert into users (created_at,email,name,password,role) values (?,?,?,?,?) [42104-224]
2026-03-17 21:39:58 - JDBC transaction marked for rollback-only (exception provided for stack trace)
java.lang.Exception: exception just for purpose of providing stack trace
	at org.hibernate.resource.transaction.backend.jdbc.internal.JdbcResourceLocalTransactionCoordinatorImpl$TransactionDriverControlImpl.markRollbackOnly(JdbcResourceLocalTransactionCoordinatorImpl.java:309)
	at org.hibernate.engine.transaction.internal.TransactionImpl.markRollbackOnly(TransactionImpl.java:203)
	at org.hibernate.internal.AbstractSharedSessionContract.markForRollbackOnly(AbstractSharedSessionContract.java:512)
	at org.hibernate.internal.ExceptionConverterImpl.rollbackIfNecessary(ExceptionConverterImpl.java:264)
	at org.hibernate.internal.ExceptionConverterImpl.convert(ExceptionConverterImpl.java:160)
	at org.hibernate.internal.ExceptionConverterImpl.convert(ExceptionConverterImpl.java:167)
	at org.hibernate.internal.ExceptionConverterImpl.convert(ExceptionConverterImpl.java:173)
	at org.hibernate.internal.SessionImpl.firePersist(SessionImpl.java:763)
	at org.hibernate.internal.SessionImpl.persist(SessionImpl.java:741)
	at java.base/jdk.internal.reflect.NativeMethodAccessorImpl.invoke0(Native Method)
	at java.base/jdk.internal.reflect.NativeMethodAccessorImpl.invoke(NativeMethodAccessorImpl.java:77)
	at java.base/jdk.internal.reflect.DelegatingMethodAccessorImpl.invoke(DelegatingMethodAccessorImpl.java:43)
	at java.base/java.lang.reflect.Method.invoke(Method.java:569)
	at org.springframework.orm.jpa.ExtendedEntityManagerCreator$ExtendedEntityManagerInvocationHandler.invoke(ExtendedEntityManagerCreator.java:364)
	at jdk.proxy2/jdk.proxy2.$Proxy133.persist(Unknown Source)
	at java.base/jdk.internal.reflect.NativeMethodAccessorImpl.invoke0(Native Method)
	at java.base/jdk.internal.reflect.NativeMethodAccessorImpl.invoke(NativeMethodAccessorImpl.java:77)
	at java.base/jdk.internal.reflect.DelegatingMethodAccessorImpl.invoke(DelegatingMethodAccessorImpl.java:43)
	at java.base/java.lang.reflect.Method.invoke(Method.java:569)
	at org.springframework.orm.jpa.SharedEntityManagerCreator$SharedEntityManagerInvocationHandler.invoke(SharedEntityManagerCreator.java:319)
	at jdk.proxy2/jdk.proxy2.$Proxy133.persist(Unknown Source)
	at org.springframework.data.jpa.repository.support.SimpleJpaRepository.save(SimpleJpaRepository.java:628)
	at java.base/jdk.internal.reflect.NativeMethodAccessorImpl.invoke0(Native Method)
	at java.base/jdk.internal.reflect.NativeMethodAccessorImpl.invoke(NativeMethodAccessorImpl.java:77)
	at java.base/jdk.internal.reflect.DelegatingMethodAccessorImpl.invoke(DelegatingMethodAccessorImpl.java:43)
	at java.base/java.lang.reflect.Method.invoke(Method.java:569)
	at org.springframework.aop.support.AopUtils.invokeJoinpointUsingReflection(AopUtils.java:355)
	at org.springframework.data.repository.core.support.RepositoryMethodInvoker$RepositoryFragmentMethodInvoker.lambda$new$0(RepositoryMethodInvoker.java:277)
	at org.springframework.data.repository.core.support.RepositoryMethodInvoker.doInvoke(RepositoryMethodInvoker.java:170)
	at org.springframework.data.repository.core.support.RepositoryMethodInvoker.invoke(RepositoryMethodInvoker.java:158)
	at org.springframework.data.repository.core.support.RepositoryComposition$RepositoryFragments.invoke(RepositoryComposition.java:516)
	at org.springframework.data.repository.core.support.RepositoryComposition.invoke(RepositoryComposition.java:285)
	at org.springframework.data.repository.core.support.RepositoryFactorySupport$ImplementationMethodExecutionInterceptor.invoke(RepositoryFactorySupport.java:628)
	at org.springframework.aop.framework.ReflectiveMethodInvocation.proceed(ReflectiveMethodInvocation.java:184)
	at org.springframework.data.repository.core.support.QueryExecutorMethodInterceptor.doInvoke(QueryExecutorMethodInterceptor.java:173)
	at org.springframework.data.repository.core.support.QueryExecutorMethodInterceptor.invoke(QueryExecutorMethodInterceptor.java:148)
	at org.springframework.aop.framework.ReflectiveMethodInvocation.proceed(ReflectiveMethodInvocation.java:184)
	at org.springframework.data.projection.DefaultMethodInvokingMethodInterceptor.invoke(DefaultMethodInvokingMethodInterceptor.java:70)
	at org.springframework.aop.framework.ReflectiveMethodInvocation.proceed(ReflectiveMethodInvocation.java:184)
	at org.springframework.transaction.interceptor.TransactionAspectSupport.invokeWithinTransaction(TransactionAspectSupport.java:379)
	at org.springframework.transaction.interceptor.TransactionInterceptor.invoke(TransactionInterceptor.java:119)
	at org.springframework.aop.framework.ReflectiveMethodInvocation.proceed(ReflectiveMethodInvocation.java:184)
	at org.springframework.dao.support.PersistenceExceptionTranslationInterceptor.invoke(PersistenceExceptionTranslationInterceptor.java:138)
	at org.springframework.aop.framework.ReflectiveMethodInvocation.proceed(ReflectiveMethodInvocation.java:184)
	at org.springframework.data.jpa.repository.support.CrudMethodMetadataPostProcessor$CrudMethodMetadataPopulatingMethodInterceptor.invoke(CrudMethodMetadataPostProcessor.java:165)
	at org.springframework.aop.framework.ReflectiveMethodInvocation.proceed(ReflectiveMethodInvocation.java:184)
	at org.springframework.aop.interceptor.ExposeInvocationInterceptor.invoke(ExposeInvocationInterceptor.java:97)
	at org.springframework.aop.framework.ReflectiveMethodInvocation.proceed(ReflectiveMethodInvocation.java:184)
	at org.springframework.aop.framework.JdkDynamicAopProxy.invoke(JdkDynamicAopProxy.java:223)
	at jdk.proxy2/jdk.proxy2.$Proxy137.save(Unknown Source)
	at com.susan.eventbooking.service.AuthService.register(AuthService.java:38)
	at com.susan.eventbooking.controller.AuthController.register(AuthController.java:29)
	at java.base/jdk.internal.reflect.NativeMethodAccessorImpl.invoke0(Native Method)
	at java.base/jdk.internal.reflect.NativeMethodAccessorImpl.invoke(NativeMethodAccessorImpl.java:77)
	at java.base/jdk.internal.reflect.DelegatingMethodAccessorImpl.invoke(DelegatingMethodAccessorImpl.java:43)
	at java.base/java.lang.reflect.Method.invoke(Method.java:569)
	at org.springframework.web.method.support.InvocableHandlerMethod.doInvoke(InvocableHandlerMethod.java:255)
	at org.springframework.web.method.support.InvocableHandlerMethod.invokeForRequest(InvocableHandlerMethod.java:188)
	at org.springframework.web.servlet.mvc.method.annotation.ServletInvocableHandlerMethod.invokeAndHandle(ServletInvocableHandlerMethod.java:118)
	at org.springframework.web.servlet.mvc.method.annotation.RequestMappingHandlerAdapter.invokeHandlerMethod(RequestMappingHandlerAdapter.java:926)
	at org.springframework.web.servlet.mvc.method.annotation.RequestMappingHandlerAdapter.handleInternal(RequestMappingHandlerAdapter.java:831)
	at org.springframework.web.servlet.mvc.method.AbstractHandlerMethodAdapter.handle(AbstractHandlerMethodAdapter.java:87)
	at org.springframework.web.servlet.DispatcherServlet.doDispatch(DispatcherServlet.java:1089)
	at org.springframework.web.servlet.DispatcherServlet.doService(DispatcherServlet.java:979)
	at org.springframework.web.servlet.FrameworkServlet.processRequest(FrameworkServlet.java:1014)
	at org.springframework.web.servlet.FrameworkServlet.doPost(FrameworkServlet.java:914)
	at jakarta.servlet.http.HttpServlet.service(HttpServlet.java:590)
	at org.springframework.web.servlet.FrameworkServlet.service(FrameworkServlet.java:885)
	at org.springframework.test.web.servlet.TestDispatcherServlet.service(TestDispatcherServlet.java:72)
	at jakarta.servlet.http.HttpServlet.service(HttpServlet.java:658)
	at org.springframework.mock.web.MockFilterChain$ServletFilterProxy.doFilter(MockFilterChain.java:165)
	at org.springframework.mock.web.MockFilterChain.doFilter(MockFilterChain.java:132)
	at org.springframework.web.filter.OncePerRequestFilter.doFilter(OncePerRequestFilter.java:110)
	at org.springframework.test.web.servlet.setup.MockMvcFilterDecorator.doFilter(MockMvcFilterDecorator.java:151)
	at org.springframework.mock.web.MockFilterChain.doFilter(MockFilterChain.java:132)
	at org.springframework.web.filter.CompositeFilter$VirtualFilterChain.doFilter(CompositeFilter.java:108)
	at org.springframework.security.web.FilterChainProxy.lambda$doFilterInternal$3(FilterChainProxy.java:231)
	at org.springframework.security.web.FilterChainProxy$VirtualFilterChain.doFilter(FilterChainProxy.java:365)
	at org.springframework.security.web.access.intercept.AuthorizationFilter.doFilter(AuthorizationFilter.java:100)
	at org.springframework.security.web.FilterChainProxy$VirtualFilterChain.doFilter(FilterChainProxy.java:374)
	at org.springframework.security.web.access.ExceptionTranslationFilter.doFilter(ExceptionTranslationFilter.java:126)
	at org.springframework.security.web.access.ExceptionTranslationFilter.doFilter(ExceptionTranslationFilter.java:120)
	at org.springframework.security.web.FilterChainProxy$VirtualFilterChain.doFilter(FilterChainProxy.java:374)
	at org.springframework.security.web.session.SessionManagementFilter.doFilter(SessionManagementFilter.java:131)
	at org.springframework.security.web.session.SessionManagementFilter.doFilter(SessionManagementFilter.java:85)
	at org.springframework.security.web.FilterChainProxy$VirtualFilterChain.doFilter(FilterChainProxy.java:374)
	at org.springframework.security.web.authentication.AnonymousAuthenticationFilter.doFilter(AnonymousAuthenticationFilter.java:100)
	at org.springframework.security.web.FilterChainProxy$VirtualFilterChain.doFilter(FilterChainProxy.java:374)
	at org.springframework.security.web.servletapi.SecurityContextHolderAwareRequestFilter.doFilter(SecurityContextHolderAwareRequestFilter.java:179)
	at org.springframework.security.web.FilterChainProxy$VirtualFilterChain.doFilter(FilterChainProxy.java:374)
	at org.springframework.security.web.savedrequest.RequestCacheAwareFilter.doFilter(RequestCacheAwareFilter.java:63)
	at org.springframework.security.web.FilterChainProxy$VirtualFilterChain.doFilter(FilterChainProxy.java:374)
	at com.susan.eventbooking.security.JwtRequestFilter.doFilterInternal(JwtRequestFilter.java:30)
	at org.springframework.web.filter.OncePerRequestFilter.doFilter(OncePerRequestFilter.java:116)
	at org.springframework.security.web.FilterChainProxy$VirtualFilterChain.doFilter(FilterChainProxy.java:374)
	at org.springframework.security.web.authentication.logout.LogoutFilter.doFilter(LogoutFilter.java:107)
	at org.springframework.security.web.authentication.logout.LogoutFilter.doFilter(LogoutFilter.java:93)
	at org.springframework.security.web.FilterChainProxy$VirtualFilterChain.doFilter(FilterChainProxy.java:374)
	at org.springframework.security.web.header.HeaderWriterFilter.doHeadersAfter(HeaderWriterFilter.java:90)
	at org.springframework.security.web.header.HeaderWriterFilter.doFilterInternal(HeaderWriterFilter.java:75)
	at org.springframework.web.filter.OncePerRequestFilter.doFilter(OncePerRequestFilter.java:116)
	at org.springframework.security.web.FilterChainProxy$VirtualFilterChain.doFilter(FilterChainProxy.java:374)
	at org.springframework.security.web.context.SecurityContextHolderFilter.doFilter(SecurityContextHolderFilter.java:82)
	at org.springframework.security.web.context.SecurityContextHolderFilter.doFilter(SecurityContextHolderFilter.java:69)
	at org.springframework.security.web.FilterChainProxy$VirtualFilterChain.doFilter(FilterChainProxy.java:374)
	at org.springframework.security.web.context.request.async.WebAsyncManagerIntegrationFilter.doFilterInternal(WebAsyncManagerIntegrationFilter.java:62)
	at org.springframework.web.filter.OncePerRequestFilter.doFilter(OncePerRequestFilter.java:116)
	at org.springframework.security.web.FilterChainProxy$VirtualFilterChain.doFilter(FilterChainProxy.java:374)
	at org.springframework.security.web.session.DisableEncodeUrlFilter.doFilterInternal(DisableEncodeUrlFilter.java:42)
	at org.springframework.web.filter.OncePerRequestFilter.doFilter(OncePerRequestFilter.java:116)
	at org.springframework.security.web.FilterChainProxy$VirtualFilterChain.doFilter(FilterChainProxy.java:374)
	at org.springframework.security.web.FilterChainProxy.doFilterInternal(FilterChainProxy.java:233)
	at org.springframework.security.web.FilterChainProxy.doFilter(FilterChainProxy.java:191)
	at org.springframework.web.filter.CompositeFilter$VirtualFilterChain.doFilter(CompositeFilter.java:113)
	at org.springframework.web.servlet.handler.HandlerMappingIntrospector.lambda$createCacheFilter$3(HandlerMappingIntrospector.java:195)
	at org.springframework.web.filter.CompositeFilter$VirtualFilterChain.doFilter(CompositeFilter.java:113)
	at org.springframework.web.filter.CompositeFilter.doFilter(CompositeFilter.java:74)
	at org.springframework.security.config.annotation.web.configuration.WebMvcSecurityConfiguration$CompositeFilterChainProxy.doFilter(WebMvcSecurityConfiguration.java:230)
	at org.springframework.web.filter.DelegatingFilterProxy.invokeDelegate(DelegatingFilterProxy.java:362)
	at org.springframework.web.filter.DelegatingFilterProxy.doFilter(DelegatingFilterProxy.java:278)
	at org.springframework.test.web.servlet.setup.MockMvcFilterDecorator.doFilter(MockMvcFilterDecorator.java:151)
	at org.springframework.mock.web.MockFilterChain.doFilter(MockFilterChain.java:132)
	at org.springframework.web.filter.RequestContextFilter.doFilterInternal(RequestContextFilter.java:100)
	at org.springframework.web.filter.OncePerRequestFilter.doFilter(OncePerRequestFilter.java:116)
	at org.springframework.test.web.servlet.setup.MockMvcFilterDecorator.doFilter(MockMvcFilterDecorator.java:151)
	at org.springframework.mock.web.MockFilterChain.doFilter(MockFilterChain.java:132)
	at org.springframework.web.filter.FormContentFilter.doFilterInternal(FormContentFilter.java:93)
	at org.springframework.web.filter.OncePerRequestFilter.doFilter(OncePerRequestFilter.java:116)
	at org.springframework.test.web.servlet.setup.MockMvcFilterDecorator.doFilter(MockMvcFilterDecorator.java:151)
	at org.springframework.mock.web.MockFilterChain.doFilter(MockFilterChain.java:132)
	at org.springframework.web.filter.CharacterEncodingFilter.doFilterInternal(CharacterEncodingFilter.java:201)
	at org.springframework.web.filter.OncePerRequestFilter.doFilter(OncePerRequestFilter.java:116)
	at org.springframework.test.web.servlet.setup.MockMvcFilterDecorator.doFilter(MockMvcFilterDecorator.java:151)
	at org.springframework.mock.web.MockFilterChain.doFilter(MockFilterChain.java:132)
	at org.springframework.test.web.servlet.MockMvc.perform(MockMvc.java:201)
	at com.susan.eventbooking.EventBookingIntegrationTest.registerUser(EventBookingIntegrationTest.java:55)
	at java.base/jdk.internal.reflect.NativeMethodAccessorImpl.invoke0(Native Method)
	at java.base/jdk.internal.reflect.NativeMethodAccessorImpl.invoke(NativeMethodAccessorImpl.java:77)
	at java.base/jdk.internal.reflect.DelegatingMethodAccessorImpl.invoke(DelegatingMethodAccessorImpl.java:43)
	at java.base/java.lang.reflect.Method.invoke(Method.java:569)
	at org.junit.platform.commons.util.ReflectionUtils.invokeMethod(ReflectionUtils.java:728)
	at org.junit.jupiter.engine.execution.MethodInvocation.proceed(MethodInvocation.java:60)
	at org.junit.jupiter.engine.execution.InvocationInterceptorChain$ValidatingInvocation.proceed(InvocationInterceptorChain.java:131)
	at org.junit.jupiter.engine.extension.TimeoutExtension.intercept(TimeoutExtension.java:156)
	at org.junit.jupiter.engine.extension.TimeoutExtension.interceptTestableMethod(TimeoutExtension.java:147)
	at org.junit.jupiter.engine.extension.TimeoutExtension.interceptTestMethod(TimeoutExtension.java:86)
	at org.junit.jupiter.engine.execution.InterceptingExecutableInvoker$ReflectiveInterceptorCall.lambda$ofVoidMethod$0(InterceptingExecutableInvoker.java:103)
	at org.junit.jupiter.engine.execution.InterceptingExecutableInvoker.lambda$invoke$0(InterceptingExecutableInvoker.java:93)
	at org.junit.jupiter.engine.execution.InvocationInterceptorChain$InterceptedInvocation.proceed(InvocationInterceptorChain.java:106)
	at org.junit.jupiter.engine.execution.InvocationInterceptorChain.proceed(InvocationInterceptorChain.java:64)
	at org.junit.jupiter.engine.execution.InvocationInterceptorChain.chainAndInvoke(InvocationInterceptorChain.java:45)
	at org.junit.jupiter.engine.execution.InvocationInterceptorChain.invoke(InvocationInterceptorChain.java:37)
	at org.junit.jupiter.engine.execution.InterceptingExecutableInvoker.invoke(InterceptingExecutableInvoker.java:92)
	at org.junit.jupiter.engine.execution.InterceptingExecutableInvoker.invoke(InterceptingExecutableInvoker.java:86)
	at org.junit.jupiter.engine.descriptor.TestMethodTestDescriptor.lambda$invokeTestMethod$7(TestMethodTestDescriptor.java:218)
	at org.junit.platform.engine.support.hierarchical.ThrowableCollector.execute(ThrowableCollector.java:73)
	at org.junit.jupiter.engine.descriptor.TestMethodTestDescriptor.invokeTestMethod(TestMethodTestDescriptor.java:214)
	at org.junit.jupiter.engine.descriptor.TestMethodTestDescriptor.execute(TestMethodTestDescriptor.java:139)
	at org.junit.jupiter.engine.descriptor.TestMethodTestDescriptor.execute(TestMethodTestDescriptor.java:69)
	at org.junit.platform.engine.support.hierarchical.NodeTestTask.lambda$executeRecursively$6(NodeTestTask.java:156)
	at org.junit.platform.engine.support.hierarchical.ThrowableCollector.execute(ThrowableCollector.java:73)
	at org.junit.platform.engine.support.hierarchical.NodeTestTask.lambda$executeRecursively$8(NodeTestTask.java:146)
	at org.junit.platform.engine.support.hierarchical.Node.around(Node.java:137)
	at org.junit.platform.engine.support.hierarchical.NodeTestTask.lambda$executeRecursively$9(NodeTestTask.java:144)
	at org.junit.platform.engine.support.hierarchical.ThrowableCollector.execute(ThrowableCollector.java:73)
	at org.junit.platform.engine.support.hierarchical.NodeTestTask.executeRecursively(NodeTestTask.java:143)
	at org.junit.platform.engine.support.hierarchical.NodeTestTask.execute(NodeTestTask.java:100)
	at java.base/java.util.ArrayList.forEach(ArrayList.java:1511)
	at org.junit.platform.engine.support.hierarchical.SameThreadHierarchicalTestExecutorService.invokeAll(SameThreadHierarchicalTestExecutorService.java:41)
	at org.junit.platform.engine.support.hierarchical.NodeTestTask.lambda$executeRecursively$6(NodeTestTask.java:160)
	at org.junit.platform.engine.support.hierarchical.ThrowableCollector.execute(ThrowableCollector.java:73)
	at org.junit.platform.engine.support.hierarchical.NodeTestTask.lambda$executeRecursively$8(NodeTestTask.java:146)
	at org.junit.platform.engine.support.hierarchical.Node.around(Node.java:137)
	at org.junit.platform.engine.support.hierarchical.NodeTestTask.lambda$executeRecursively$9(NodeTestTask.java:144)
	at org.junit.platform.engine.support.hierarchical.ThrowableCollector.execute(ThrowableCollector.java:73)
	at org.junit.platform.engine.support.hierarchical.NodeTestTask.executeRecursively(NodeTestTask.java:143)
	at org.junit.platform.engine.support.hierarchical.NodeTestTask.execute(NodeTestTask.java:100)
	at java.base/java.util.ArrayList.forEach(ArrayList.java:1511)
	at org.junit.platform.engine.support.hierarchical.SameThreadHierarchicalTestExecutorService.invokeAll(SameThreadHierarchicalTestExecutorService.java:41)
	at org.junit.platform.engine.support.hierarchical.NodeTestTask.lambda$executeRecursively$6(NodeTestTask.java:160)
	at org.junit.platform.engine.support.hierarchical.ThrowableCollector.execute(ThrowableCollector.java:73)
	at org.junit.platform.engine.support.hierarchical.NodeTestTask.lambda$executeRecursively$8(NodeTestTask.java:146)
	at org.junit.platform.engine.support.hierarchical.Node.around(Node.java:137)
	at org.junit.platform.engine.support.hierarchical.NodeTestTask.lambda$executeRecursively$9(NodeTestTask.java:144)
	at org.junit.platform.engine.support.hierarchical.ThrowableCollector.execute(ThrowableCollector.java:73)
	at org.junit.platform.engine.support.hierarchical.NodeTestTask.executeRecursively(NodeTestTask.java:143)
	at org.junit.platform.engine.support.hierarchical.NodeTestTask.execute(NodeTestTask.java:100)
	at org.junit.platform.engine.support.hierarchical.SameThreadHierarchicalTestExecutorService.submit(SameThreadHierarchicalTestExecutorService.java:35)
	at org.junit.platform.engine.support.hierarchical.HierarchicalTestExecutor.execute(HierarchicalTestExecutor.java:57)
	at org.junit.platform.engine.support.hierarchical.HierarchicalTestEngine.execute(HierarchicalTestEngine.java:54)
	at org.junit.platform.launcher.core.EngineExecutionOrchestrator.execute(EngineExecutionOrchestrator.java:198)
	at org.junit.platform.launcher.core.EngineExecutionOrchestrator.execute(EngineExecutionOrchestrator.java:169)
	at org.junit.platform.launcher.core.EngineExecutionOrchestrator.execute(EngineExecutionOrchestrator.java:93)
	at org.junit.platform.launcher.core.EngineExecutionOrchestrator.lambda$execute$0(EngineExecutionOrchestrator.java:58)
	at org.junit.platform.launcher.core.EngineExecutionOrchestrator.withInterceptedStreams(EngineExecutionOrchestrator.java:141)
	at org.junit.platform.launcher.core.EngineExecutionOrchestrator.execute(EngineExecutionOrchestrator.java:57)
	at org.junit.platform.launcher.core.DefaultLauncher.execute(DefaultLauncher.java:103)
	at org.junit.platform.launcher.core.DefaultLauncher.execute(DefaultLauncher.java:85)
	at org.junit.platform.launcher.core.DelegatingLauncher.execute(DelegatingLauncher.java:47)
	at org.apache.maven.surefire.junitplatform.LazyLauncher.execute(LazyLauncher.java:56)
	at org.apache.maven.surefire.junitplatform.JUnitPlatformProvider.execute(JUnitPlatformProvider.java:184)
	at org.apache.maven.surefire.junitplatform.JUnitPlatformProvider.invokeAllTests(JUnitPlatformProvider.java:148)
	at org.apache.maven.surefire.junitplatform.JUnitPlatformProvider.invoke(JUnitPlatformProvider.java:122)
	at org.apache.maven.surefire.booter.ForkedBooter.runSuitesInProcess(ForkedBooter.java:385)
	at org.apache.maven.surefire.booter.ForkedBooter.execute(ForkedBooter.java:162)
	at org.apache.maven.surefire.booter.ForkedBooter.run(ForkedBooter.java:507)
	at org.apache.maven.surefire.booter.ForkedBooter.main(ForkedBooter.java:495)
2026-03-17 21:39:58 - rolling back
2026-03-17 21:39:58 - Runtime error occurred: could not prepare statement [Table "USERS" not found (this database is empty); SQL statement:
insert into users (created_at,email,name,password,role) values (?,?,?,?,?) [42104-224]] [insert into users (created_at,email,name,password,role) values (?,?,?,?,?)]; SQL [insert into users (created_at,email,name,password,role) values (?,?,?,?,?)]
org.springframework.dao.InvalidDataAccessResourceUsageException: could not prepare statement [Table "USERS" not found (this database is empty); SQL statement:
insert into users (created_at,email,name,password,role) values (?,?,?,?,?) [42104-224]] [insert into users (created_at,email,name,password,role) values (?,?,?,?,?)]; SQL [insert into users (created_at,email,name,password,role) values (?,?,?,?,?)]
	at org.springframework.orm.jpa.vendor.HibernateJpaDialect.convertHibernateAccessException(HibernateJpaDialect.java:277)
	at org.springframework.orm.jpa.vendor.HibernateJpaDialect.translateExceptionIfPossible(HibernateJpaDialect.java:241)
	at org.springframework.orm.jpa.AbstractEntityManagerFactoryBean.translateExceptionIfPossible(AbstractEntityManagerFactoryBean.java:550)
	at org.springframework.dao.support.ChainedPersistenceExceptionTranslator.translateExceptionIfPossible(ChainedPersistenceExceptionTranslator.java:61)
	at org.springframework.dao.support.DataAccessUtils.translateIfNecessary(DataAccessUtils.java:335)
	at org.springframework.dao.support.PersistenceExceptionTranslationInterceptor.invoke(PersistenceExceptionTranslationInterceptor.java:160)
	at org.springframework.aop.framework.ReflectiveMethodInvocation.proceed(ReflectiveMethodInvocation.java:184)
	at org.springframework.data.jpa.repository.support.CrudMethodMetadataPostProcessor$CrudMethodMetadataPopulatingMethodInterceptor.invoke(CrudMethodMetadataPostProcessor.java:165)
	at org.springframework.aop.framework.ReflectiveMethodInvocation.proceed(ReflectiveMethodInvocation.java:184)
	at org.springframework.aop.interceptor.ExposeInvocationInterceptor.invoke(ExposeInvocationInterceptor.java:97)
	at org.springframework.aop.framework.ReflectiveMethodInvocation.proceed(ReflectiveMethodInvocation.java:184)
	at org.springframework.aop.framework.JdkDynamicAopProxy.invoke(JdkDynamicAopProxy.java:223)
	at jdk.proxy2/jdk.proxy2.$Proxy137.save(Unknown Source)
	at com.susan.eventbooking.service.AuthService.register(AuthService.java:38)
	at com.susan.eventbooking.controller.AuthController.register(AuthController.java:29)
	at java.base/jdk.internal.reflect.NativeMethodAccessorImpl.invoke0(Native Method)
	at java.base/jdk.internal.reflect.NativeMethodAccessorImpl.invoke(NativeMethodAccessorImpl.java:77)
	at java.base/jdk.internal.reflect.DelegatingMethodAccessorImpl.invoke(DelegatingMethodAccessorImpl.java:43)
	at java.base/java.lang.reflect.Method.invoke(Method.java:569)
	at org.springframework.web.method.support.InvocableHandlerMethod.doInvoke(InvocableHandlerMethod.java:255)
	at org.springframework.web.method.support.InvocableHandlerMethod.invokeForRequest(InvocableHandlerMethod.java:188)
	at org.springframework.web.servlet.mvc.method.annotation.ServletInvocableHandlerMethod.invokeAndHandle(ServletInvocableHandlerMethod.java:118)
	at org.springframework.web.servlet.mvc.method.annotation.RequestMappingHandlerAdapter.invokeHandlerMethod(RequestMappingHandlerAdapter.java:926)
	at org.springframework.web.servlet.mvc.method.annotation.RequestMappingHandlerAdapter.handleInternal(RequestMappingHandlerAdapter.java:831)
	at org.springframework.web.servlet.mvc.method.AbstractHandlerMethodAdapter.handle(AbstractHandlerMethodAdapter.java:87)
	at org.springframework.web.servlet.DispatcherServlet.doDispatch(DispatcherServlet.java:1089)
	at org.springframework.web.servlet.DispatcherServlet.doService(DispatcherServlet.java:979)
	at org.springframework.web.servlet.FrameworkServlet.processRequest(FrameworkServlet.java:1014)
	at org.springframework.web.servlet.FrameworkServlet.doPost(FrameworkServlet.java:914)
	at jakarta.servlet.http.HttpServlet.service(HttpServlet.java:590)
	at org.springframework.web.servlet.FrameworkServlet.service(FrameworkServlet.java:885)
	at org.springframework.test.web.servlet.TestDispatcherServlet.service(TestDispatcherServlet.java:72)
	at jakarta.servlet.http.HttpServlet.service(HttpServlet.java:658)
	at org.springframework.mock.web.MockFilterChain$ServletFilterProxy.doFilter(MockFilterChain.java:165)
	at org.springframework.mock.web.MockFilterChain.doFilter(MockFilterChain.java:132)
	at org.springframework.web.filter.OncePerRequestFilter.doFilter(OncePerRequestFilter.java:110)
	at org.springframework.test.web.servlet.setup.MockMvcFilterDecorator.doFilter(MockMvcFilterDecorator.java:151)
	at org.springframework.mock.web.MockFilterChain.doFilter(MockFilterChain.java:132)
	at org.springframework.web.filter.CompositeFilter$VirtualFilterChain.doFilter(CompositeFilter.java:108)
	at org.springframework.security.web.FilterChainProxy.lambda$doFilterInternal$3(FilterChainProxy.java:231)
	at org.springframework.security.web.FilterChainProxy$VirtualFilterChain.doFilter(FilterChainProxy.java:365)
	at org.springframework.security.web.access.intercept.AuthorizationFilter.doFilter(AuthorizationFilter.java:100)
	at org.springframework.security.web.FilterChainProxy$VirtualFilterChain.doFilter(FilterChainProxy.java:374)
	at org.springframework.security.web.access.ExceptionTranslationFilter.doFilter(ExceptionTranslationFilter.java:126)
	at org.springframework.security.web.access.ExceptionTranslationFilter.doFilter(ExceptionTranslationFilter.java:120)
	at org.springframework.security.web.FilterChainProxy$VirtualFilterChain.doFilter(FilterChainProxy.java:374)
	at org.springframework.security.web.session.SessionManagementFilter.doFilter(SessionManagementFilter.java:131)
	at org.springframework.security.web.session.SessionManagementFilter.doFilter(SessionManagementFilter.java:85)
	at org.springframework.security.web.FilterChainProxy$VirtualFilterChain.doFilter(FilterChainProxy.java:374)
	at org.springframework.security.web.authentication.AnonymousAuthenticationFilter.doFilter(AnonymousAuthenticationFilter.java:100)
	at org.springframework.security.web.FilterChainProxy$VirtualFilterChain.doFilter(FilterChainProxy.java:374)
	at org.springframework.security.web.servletapi.SecurityContextHolderAwareRequestFilter.doFilter(SecurityContextHolderAwareRequestFilter.java:179)
	at org.springframework.security.web.FilterChainProxy$VirtualFilterChain.doFilter(FilterChainProxy.java:374)
	at org.springframework.security.web.savedrequest.RequestCacheAwareFilter.doFilter(RequestCacheAwareFilter.java:63)
	at org.springframework.security.web.FilterChainProxy$VirtualFilterChain.doFilter(FilterChainProxy.java:374)
	at com.susan.eventbooking.security.JwtRequestFilter.doFilterInternal(JwtRequestFilter.java:30)
	at org.springframework.web.filter.OncePerRequestFilter.doFilter(OncePerRequestFilter.java:116)
	at org.springframework.security.web.FilterChainProxy$VirtualFilterChain.doFilter(FilterChainProxy.java:374)
	at org.springframework.security.web.authentication.logout.LogoutFilter.doFilter(LogoutFilter.java:107)
	at org.springframework.security.web.authentication.logout.LogoutFilter.doFilter(LogoutFilter.java:93)
	at org.springframework.security.web.FilterChainProxy$VirtualFilterChain.doFilter(FilterChainProxy.java:374)
	at org.springframework.security.web.header.HeaderWriterFilter.doHeadersAfter(HeaderWriterFilter.java:90)
	at org.springframework.security.web.header.HeaderWriterFilter.doFilterInternal(HeaderWriterFilter.java:75)
	at org.springframework.web.filter.OncePerRequestFilter.doFilter(OncePerRequestFilter.java:116)
	at org.springframework.security.web.FilterChainProxy$VirtualFilterChain.doFilter(FilterChainProxy.java:374)
	at org.springframework.security.web.context.SecurityContextHolderFilter.doFilter(SecurityContextHolderFilter.java:82)
	at org.springframework.security.web.context.SecurityContextHolderFilter.doFilter(SecurityContextHolderFilter.java:69)
	at org.springframework.security.web.FilterChainProxy$VirtualFilterChain.doFilter(FilterChainProxy.java:374)
	at org.springframework.security.web.context.request.async.WebAsyncManagerIntegrationFilter.doFilterInternal(WebAsyncManagerIntegrationFilter.java:62)
	at org.springframework.web.filter.OncePerRequestFilter.doFilter(OncePerRequestFilter.java:116)
	at org.springframework.security.web.FilterChainProxy$VirtualFilterChain.doFilter(FilterChainProxy.java:374)
	at org.springframework.security.web.session.DisableEncodeUrlFilter.doFilterInternal(DisableEncodeUrlFilter.java:42)
	at org.springframework.web.filter.OncePerRequestFilter.doFilter(OncePerRequestFilter.java:116)
	at org.springframework.security.web.FilterChainProxy$VirtualFilterChain.doFilter(FilterChainProxy.java:374)
	at org.springframework.security.web.FilterChainProxy.doFilterInternal(FilterChainProxy.java:233)
	at org.springframework.security.web.FilterChainProxy.doFilter(FilterChainProxy.java:191)
	at org.springframework.web.filter.CompositeFilter$VirtualFilterChain.doFilter(CompositeFilter.java:113)
	at org.springframework.web.servlet.handler.HandlerMappingIntrospector.lambda$createCacheFilter$3(HandlerMappingIntrospector.java:195)
	at org.springframework.web.filter.CompositeFilter$VirtualFilterChain.doFilter(CompositeFilter.java:113)
	at org.springframework.web.filter.CompositeFilter.doFilter(CompositeFilter.java:74)
	at org.springframework.security.config.annotation.web.configuration.WebMvcSecurityConfiguration$CompositeFilterChainProxy.doFilter(WebMvcSecurityConfiguration.java:230)
	at org.springframework.web.filter.DelegatingFilterProxy.invokeDelegate(DelegatingFilterProxy.java:362)
	at org.springframework.web.filter.DelegatingFilterProxy.doFilter(DelegatingFilterProxy.java:278)
	at org.springframework.test.web.servlet.setup.MockMvcFilterDecorator.doFilter(MockMvcFilterDecorator.java:151)
	at org.springframework.mock.web.MockFilterChain.doFilter(MockFilterChain.java:132)
	at org.springframework.web.filter.RequestContextFilter.doFilterInternal(RequestContextFilter.java:100)
	at org.springframework.web.filter.OncePerRequestFilter.doFilter(OncePerRequestFilter.java:116)
	at org.springframework.test.web.servlet.setup.MockMvcFilterDecorator.doFilter(MockMvcFilterDecorator.java:151)
	at org.springframework.mock.web.MockFilterChain.doFilter(MockFilterChain.java:132)
	at org.springframework.web.filter.FormContentFilter.doFilterInternal(FormContentFilter.java:93)
	at org.springframework.web.filter.OncePerRequestFilter.doFilter(OncePerRequestFilter.java:116)
	at org.springframework.test.web.servlet.setup.MockMvcFilterDecorator.doFilter(MockMvcFilterDecorator.java:151)
	at org.springframework.mock.web.MockFilterChain.doFilter(MockFilterChain.java:132)
	at org.springframework.web.filter.CharacterEncodingFilter.doFilterInternal(CharacterEncodingFilter.java:201)
	at org.springframework.web.filter.OncePerRequestFilter.doFilter(OncePerRequestFilter.java:116)
	at org.springframework.test.web.servlet.setup.MockMvcFilterDecorator.doFilter(MockMvcFilterDecorator.java:151)
	at org.springframework.mock.web.MockFilterChain.doFilter(MockFilterChain.java:132)
	at org.springframework.test.web.servlet.MockMvc.perform(MockMvc.java:201)
	at com.susan.eventbooking.EventBookingIntegrationTest.registerUser(EventBookingIntegrationTest.java:55)
	at java.base/jdk.internal.reflect.NativeMethodAccessorImpl.invoke0(Native Method)
	at java.base/jdk.internal.reflect.NativeMethodAccessorImpl.invoke(NativeMethodAccessorImpl.java:77)
	at java.base/jdk.internal.reflect.DelegatingMethodAccessorImpl.invoke(DelegatingMethodAccessorImpl.java:43)
	at java.base/java.lang.reflect.Method.invoke(Method.java:569)
	at org.junit.platform.commons.util.ReflectionUtils.invokeMethod(ReflectionUtils.java:728)
	at org.junit.jupiter.engine.execution.MethodInvocation.proceed(MethodInvocation.java:60)
	at org.junit.jupiter.engine.execution.InvocationInterceptorChain$ValidatingInvocation.proceed(InvocationInterceptorChain.java:131)
	at org.junit.jupiter.engine.extension.TimeoutExtension.intercept(TimeoutExtension.java:156)
	at org.junit.jupiter.engine.extension.TimeoutExtension.interceptTestableMethod(TimeoutExtension.java:147)
	at org.junit.jupiter.engine.extension.TimeoutExtension.interceptTestMethod(TimeoutExtension.java:86)
	at org.junit.jupiter.engine.execution.InterceptingExecutableInvoker$ReflectiveInterceptorCall.lambda$ofVoidMethod$0(InterceptingExecutableInvoker.java:103)
	at org.junit.jupiter.engine.execution.InterceptingExecutableInvoker.lambda$invoke$0(InterceptingExecutableInvoker.java:93)
	at org.junit.jupiter.engine.execution.InvocationInterceptorChain$InterceptedInvocation.proceed(InvocationInterceptorChain.java:106)
	at org.junit.jupiter.engine.execution.InvocationInterceptorChain.proceed(InvocationInterceptorChain.java:64)
	at org.junit.jupiter.engine.execution.InvocationInterceptorChain.chainAndInvoke(InvocationInterceptorChain.java:45)
	at org.junit.jupiter.engine.execution.InvocationInterceptorChain.invoke(InvocationInterceptorChain.java:37)
	at org.junit.jupiter.engine.execution.InterceptingExecutableInvoker.invoke(InterceptingExecutableInvoker.java:92)
	at org.junit.jupiter.engine.execution.InterceptingExecutableInvoker.invoke(InterceptingExecutableInvoker.java:86)
	at org.junit.jupiter.engine.descriptor.TestMethodTestDescriptor.lambda$invokeTestMethod$7(TestMethodTestDescriptor.java:218)
	at org.junit.platform.engine.support.hierarchical.ThrowableCollector.execute(ThrowableCollector.java:73)
	at org.junit.jupiter.engine.descriptor.TestMethodTestDescriptor.invokeTestMethod(TestMethodTestDescriptor.java:214)
	at org.junit.jupiter.engine.descriptor.TestMethodTestDescriptor.execute(TestMethodTestDescriptor.java:139)
	at org.junit.jupiter.engine.descriptor.TestMethodTestDescriptor.execute(TestMethodTestDescriptor.java:69)
	at org.junit.platform.engine.support.hierarchical.NodeTestTask.lambda$executeRecursively$6(NodeTestTask.java:156)
	at org.junit.platform.engine.support.hierarchical.ThrowableCollector.execute(ThrowableCollector.java:73)
	at org.junit.platform.engine.support.hierarchical.NodeTestTask.lambda$executeRecursively$8(NodeTestTask.java:146)
	at org.junit.platform.engine.support.hierarchical.Node.around(Node.java:137)
	at org.junit.platform.engine.support.hierarchical.NodeTestTask.lambda$executeRecursively$9(NodeTestTask.java:144)
	at org.junit.platform.engine.support.hierarchical.ThrowableCollector.execute(ThrowableCollector.java:73)
	at org.junit.platform.engine.support.hierarchical.NodeTestTask.executeRecursively(NodeTestTask.java:143)
	at org.junit.platform.engine.support.hierarchical.NodeTestTask.execute(NodeTestTask.java:100)
	at java.base/java.util.ArrayList.forEach(ArrayList.java:1511)
	at org.junit.platform.engine.support.hierarchical.SameThreadHierarchicalTestExecutorService.invokeAll(SameThreadHierarchicalTestExecutorService.java:41)
	at org.junit.platform.engine.support.hierarchical.NodeTestTask.lambda$executeRecursively$6(NodeTestTask.java:160)
	at org.junit.platform.engine.support.hierarchical.ThrowableCollector.execute(ThrowableCollector.java:73)
	at org.junit.platform.engine.support.hierarchical.NodeTestTask.lambda$executeRecursively$8(NodeTestTask.java:146)
	at org.junit.platform.engine.support.hierarchical.Node.around(Node.java:137)
	at org.junit.platform.engine.support.hierarchical.NodeTestTask.lambda$executeRecursively$9(NodeTestTask.java:144)
	at org.junit.platform.engine.support.hierarchical.ThrowableCollector.execute(ThrowableCollector.java:73)
	at org.junit.platform.engine.support.hierarchical.NodeTestTask.executeRecursively(NodeTestTask.java:143)
	at org.junit.platform.engine.support.hierarchical.NodeTestTask.execute(NodeTestTask.java:100)
	at java.base/java.util.ArrayList.forEach(ArrayList.java:1511)
	at org.junit.platform.engine.support.hierarchical.SameThreadHierarchicalTestExecutorService.invokeAll(SameThreadHierarchicalTestExecutorService.java:41)
	at org.junit.platform.engine.support.hierarchical.NodeTestTask.lambda$executeRecursively$6(NodeTestTask.java:160)
	at org.junit.platform.engine.support.hierarchical.ThrowableCollector.execute(ThrowableCollector.java:73)
	at org.junit.platform.engine.support.hierarchical.NodeTestTask.lambda$executeRecursively$8(NodeTestTask.java:146)
	at org.junit.platform.engine.support.hierarchical.Node.around(Node.java:137)
	at org.junit.platform.engine.support.hierarchical.NodeTestTask.lambda$executeRecursively$9(NodeTestTask.java:144)
	at org.junit.platform.engine.support.hierarchical.ThrowableCollector.execute(ThrowableCollector.java:73)
	at org.junit.platform.engine.support.hierarchical.NodeTestTask.executeRecursively(NodeTestTask.java:143)
	at org.junit.platform.engine.support.hierarchical.NodeTestTask.execute(NodeTestTask.java:100)
	at org.junit.platform.engine.support.hierarchical.SameThreadHierarchicalTestExecutorService.submit(SameThreadHierarchicalTestExecutorService.java:35)
	at org.junit.platform.engine.support.hierarchical.HierarchicalTestExecutor.execute(HierarchicalTestExecutor.java:57)
	at org.junit.platform.engine.support.hierarchical.HierarchicalTestEngine.execute(HierarchicalTestEngine.java:54)
	at org.junit.platform.launcher.core.EngineExecutionOrchestrator.execute(EngineExecutionOrchestrator.java:198)
	at org.junit.platform.launcher.core.EngineExecutionOrchestrator.execute(EngineExecutionOrchestrator.java:169)
	at org.junit.platform.launcher.core.EngineExecutionOrchestrator.execute(EngineExecutionOrchestrator.java:93)
	at org.junit.platform.launcher.core.EngineExecutionOrchestrator.lambda$execute$0(EngineExecutionOrchestrator.java:58)
	at org.junit.platform.launcher.core.EngineExecutionOrchestrator.withInterceptedStreams(EngineExecutionOrchestrator.java:141)
	at org.junit.platform.launcher.core.EngineExecutionOrchestrator.execute(EngineExecutionOrchestrator.java:57)
	at org.junit.platform.launcher.core.DefaultLauncher.execute(DefaultLauncher.java:103)
	at org.junit.platform.launcher.core.DefaultLauncher.execute(DefaultLauncher.java:85)
	at org.junit.platform.launcher.core.DelegatingLauncher.execute(DelegatingLauncher.java:47)
	at org.apache.maven.surefire.junitplatform.LazyLauncher.execute(LazyLauncher.java:56)
	at org.apache.maven.surefire.junitplatform.JUnitPlatformProvider.execute(JUnitPlatformProvider.java:184)
	at org.apache.maven.surefire.junitplatform.JUnitPlatformProvider.invokeAllTests(JUnitPlatformProvider.java:148)
	at org.apache.maven.surefire.junitplatform.JUnitPlatformProvider.invoke(JUnitPlatformProvider.java:122)
	at org.apache.maven.surefire.booter.ForkedBooter.runSuitesInProcess(ForkedBooter.java:385)
	at org.apache.maven.surefire.booter.ForkedBooter.execute(ForkedBooter.java:162)
	at org.apache.maven.surefire.booter.ForkedBooter.run(ForkedBooter.java:507)
	at org.apache.maven.surefire.booter.ForkedBooter.main(ForkedBooter.java:495)
Caused by: org.hibernate.exception.SQLGrammarException: could not prepare statement [Table "USERS" not found (this database is empty); SQL statement:
insert into users (created_at,email,name,password,role) values (?,?,?,?,?) [42104-224]] [insert into users (created_at,email,name,password,role) values (?,?,?,?,?)]
	at org.hibernate.exception.internal.SQLExceptionTypeDelegate.convert(SQLExceptionTypeDelegate.java:66)
	at org.hibernate.exception.internal.StandardSQLExceptionConverter.convert(StandardSQLExceptionConverter.java:58)
	at org.hibernate.engine.jdbc.spi.SqlExceptionHelper.convert(SqlExceptionHelper.java:108)
	at org.hibernate.engine.jdbc.internal.MutationStatementPreparerImpl$StatementPreparationTemplate.prepareStatement(MutationStatementPreparerImpl.java:117)
	at org.hibernate.engine.jdbc.internal.MutationStatementPreparerImpl.prepareStatement(MutationStatementPreparerImpl.java:63)
	at org.hibernate.id.insert.GetGeneratedKeysDelegate.prepareStatement(GetGeneratedKeysDelegate.java:95)
	at org.hibernate.engine.jdbc.mutation.internal.ModelMutationHelper.delegateStatementPreparation(ModelMutationHelper.java:131)
	at org.hibernate.engine.jdbc.mutation.internal.ModelMutationHelper.lambda$standardPreparation$0(ModelMutationHelper.java:121)
	at org.hibernate.engine.jdbc.mutation.internal.PreparedStatementDetailsStandard.resolveStatement(PreparedStatementDetailsStandard.java:87)
	at org.hibernate.id.insert.GetGeneratedKeysDelegate.performMutation(GetGeneratedKeysDelegate.java:113)
	at org.hibernate.engine.jdbc.mutation.internal.MutationExecutorSingleNonBatched.performNonBatchedOperations(MutationExecutorSingleNonBatched.java:47)
	at org.hibernate.engine.jdbc.mutation.internal.AbstractMutationExecutor.execute(AbstractMutationExecutor.java:55)
	at org.hibernate.persister.entity.mutation.InsertCoordinatorStandard.doStaticInserts(InsertCoordinatorStandard.java:194)
	at org.hibernate.persister.entity.mutation.InsertCoordinatorStandard.coordinateInsert(InsertCoordinatorStandard.java:132)
	at org.hibernate.persister.entity.mutation.InsertCoordinatorStandard.insert(InsertCoordinatorStandard.java:95)
	at org.hibernate.action.internal.EntityIdentityInsertAction.execute(EntityIdentityInsertAction.java:85)
	at org.hibernate.engine.spi.ActionQueue.execute(ActionQueue.java:671)
	at org.hibernate.engine.spi.ActionQueue.addResolvedEntityInsertAction(ActionQueue.java:292)
	at org.hibernate.engine.spi.ActionQueue.addInsertAction(ActionQueue.java:273)
	at org.hibernate.engine.spi.ActionQueue.addAction(ActionQueue.java:323)
	at org.hibernate.event.internal.AbstractSaveEventListener.addInsertAction(AbstractSaveEventListener.java:391)
	at org.hibernate.event.internal.AbstractSaveEventListener.performSaveOrReplicate(AbstractSaveEventListener.java:305)
	at org.hibernate.event.internal.AbstractSaveEventListener.performSave(AbstractSaveEventListener.java:224)
	at org.hibernate.event.internal.AbstractSaveEventListener.saveWithGeneratedId(AbstractSaveEventListener.java:137)
	at org.hibernate.event.internal.DefaultPersistEventListener.entityIsTransient(DefaultPersistEventListener.java:175)
	at org.hibernate.event.internal.DefaultPersistEventListener.persist(DefaultPersistEventListener.java:93)
	at org.hibernate.event.internal.DefaultPersistEventListener.onPersist(DefaultPersistEventListener.java:77)
	at org.hibernate.event.internal.DefaultPersistEventListener.onPersist(DefaultPersistEventListener.java:54)
	at org.hibernate.event.service.internal.EventListenerGroupImpl.fireEventOnEachListener(EventListenerGroupImpl.java:127)
	at org.hibernate.internal.SessionImpl.firePersist(SessionImpl.java:757)
	at org.hibernate.internal.SessionImpl.persist(SessionImpl.java:741)
	at java.base/jdk.internal.reflect.NativeMethodAccessorImpl.invoke0(Native Method)
	at java.base/jdk.internal.reflect.NativeMethodAccessorImpl.invoke(NativeMethodAccessorImpl.java:77)
	at java.base/jdk.internal.reflect.DelegatingMethodAccessorImpl.invoke(DelegatingMethodAccessorImpl.java:43)
	at java.base/java.lang.reflect.Method.invoke(Method.java:569)
	at org.springframework.orm.jpa.ExtendedEntityManagerCreator$ExtendedEntityManagerInvocationHandler.invoke(ExtendedEntityManagerCreator.java:364)
	at jdk.proxy2/jdk.proxy2.$Proxy133.persist(Unknown Source)
	at java.base/jdk.internal.reflect.NativeMethodAccessorImpl.invoke0(Native Method)
	at java.base/jdk.internal.reflect.NativeMethodAccessorImpl.invoke(NativeMethodAccessorImpl.java:77)
	at java.base/jdk.internal.reflect.DelegatingMethodAccessorImpl.invoke(DelegatingMethodAccessorImpl.java:43)
	at java.base/java.lang.reflect.Method.invoke(Method.java:569)
	at org.springframework.orm.jpa.SharedEntityManagerCreator$SharedEntityManagerInvocationHandler.invoke(SharedEntityManagerCreator.java:319)
	at jdk.proxy2/jdk.proxy2.$Proxy133.persist(Unknown Source)
	at org.springframework.data.jpa.repository.support.SimpleJpaRepository.save(SimpleJpaRepository.java:628)
	at java.base/jdk.internal.reflect.NativeMethodAccessorImpl.invoke0(Native Method)
	at java.base/jdk.internal.reflect.NativeMethodAccessorImpl.invoke(NativeMethodAccessorImpl.java:77)
	at java.base/jdk.internal.reflect.DelegatingMethodAccessorImpl.invoke(DelegatingMethodAccessorImpl.java:43)
	at java.base/java.lang.reflect.Method.invoke(Method.java:569)
	at org.springframework.aop.support.AopUtils.invokeJoinpointUsingReflection(AopUtils.java:355)
	at org.springframework.data.repository.core.support.RepositoryMethodInvoker$RepositoryFragmentMethodInvoker.lambda$new$0(RepositoryMethodInvoker.java:277)
	at org.springframework.data.repository.core.support.RepositoryMethodInvoker.doInvoke(RepositoryMethodInvoker.java:170)
	at org.springframework.data.repository.core.support.RepositoryMethodInvoker.invoke(RepositoryMethodInvoker.java:158)
	at org.springframework.data.repository.core.support.RepositoryComposition$RepositoryFragments.invoke(RepositoryComposition.java:516)
	at org.springframework.data.repository.core.support.RepositoryComposition.invoke(RepositoryComposition.java:285)
	at org.springframework.data.repository.core.support.RepositoryFactorySupport$ImplementationMethodExecutionInterceptor.invoke(RepositoryFactorySupport.java:628)
	at org.springframework.aop.framework.ReflectiveMethodInvocation.proceed(ReflectiveMethodInvocation.java:184)
	at org.springframework.data.repository.core.support.QueryExecutorMethodInterceptor.doInvoke(QueryExecutorMethodInterceptor.java:173)
	at org.springframework.data.repository.core.support.QueryExecutorMethodInterceptor.invoke(QueryExecutorMethodInterceptor.java:148)
	at org.springframework.aop.framework.ReflectiveMethodInvocation.proceed(ReflectiveMethodInvocation.java:184)
	at org.springframework.data.projection.DefaultMethodInvokingMethodInterceptor.invoke(DefaultMethodInvokingMethodInterceptor.java:70)
	at org.springframework.aop.framework.ReflectiveMethodInvocation.proceed(ReflectiveMethodInvocation.java:184)
	at org.springframework.transaction.interceptor.TransactionAspectSupport.invokeWithinTransaction(TransactionAspectSupport.java:379)
	at org.springframework.transaction.interceptor.TransactionInterceptor.invoke(TransactionInterceptor.java:119)
	at org.springframework.aop.framework.ReflectiveMethodInvocation.proceed(ReflectiveMethodInvocation.java:184)
	at org.springframework.dao.support.PersistenceExceptionTranslationInterceptor.invoke(PersistenceExceptionTranslationInterceptor.java:138)
	... 164 common frames omitted
Caused by: org.h2.jdbc.JdbcSQLSyntaxErrorException: Table "USERS" not found (this database is empty); SQL statement:
insert into users (created_at,email,name,password,role) values (?,?,?,?,?) [42104-224]
	at org.h2.message.DbException.getJdbcSQLException(DbException.java:514)
	at org.h2.message.DbException.getJdbcSQLException(DbException.java:489)
	at org.h2.message.DbException.get(DbException.java:223)
	at org.h2.message.DbException.get(DbException.java:199)
	at org.h2.command.Parser.getTableOrViewNotFoundDbException(Parser.java:8051)
	at org.h2.command.Parser.getTableOrViewNotFoundDbException(Parser.java:8035)
	at org.h2.command.Parser.readTableOrView(Parser.java:8024)
	at org.h2.command.Parser.readTableOrView(Parser.java:7990)
	at org.h2.command.Parser.parseInsert(Parser.java:1540)
	at org.h2.command.Parser.parsePrepared(Parser.java:719)
	at org.h2.command.Parser.parse(Parser.java:592)
	at org.h2.command.Parser.parse(Parser.java:564)
	at org.h2.command.Parser.prepareCommand(Parser.java:483)
	at org.h2.engine.SessionLocal.prepareLocal(SessionLocal.java:639)
	at org.h2.engine.SessionLocal.prepareCommand(SessionLocal.java:559)
	at org.h2.jdbc.JdbcConnection.prepareCommand(JdbcConnection.java:1166)
	at org.h2.jdbc.JdbcPreparedStatement.<init>(JdbcPreparedStatement.java:93)
	at org.h2.jdbc.JdbcConnection.prepareStatement(JdbcConnection.java:1094)
	at com.zaxxer.hikari.pool.ProxyConnection.prepareStatement(ProxyConnection.java:335)
	at com.zaxxer.hikari.pool.HikariProxyConnection.prepareStatement(HikariProxyConnection.java)
	at org.hibernate.engine.jdbc.internal.MutationStatementPreparerImpl$2.doPrepare(MutationStatementPreparerImpl.java:61)
	at org.hibernate.engine.jdbc.internal.MutationStatementPreparerImpl$StatementPreparationTemplate.prepareStatement(MutationStatementPreparerImpl.java:106)
	... 225 common frames omitted

MockHttpServletRequest:
      HTTP Method = POST
      Request URI = /api/auth/register
       Parameters = {}
          Headers = [Content-Type:"application/json;charset=UTF-8", Content-Length:"114"]
             Body = {
    "name": "Test User",
    "email": "test_user@test.com",
    "password": "password123",
    "role": "USER"
}

    Session Attrs = {}

Handler:
             Type = com.susan.eventbooking.controller.AuthController
           Method = com.susan.eventbooking.controller.AuthController#register(RegisterRequest)

Async:
    Async started = false
     Async result = null

Resolved Exception:
             Type = org.springframework.dao.InvalidDataAccessResourceUsageException

ModelAndView:
        View name = null
             View = null
            Model = null

FlashMap:
       Attributes = null

MockHttpServletResponse:
           Status = 400
    Error message = null
          Headers = [Content-Type:"application/json", X-Content-Type-Options:"nosniff", X-XSS-Protection:"0", Cache-Control:"no-cache, no-store, max-age=0, must-revalidate", Pragma:"no-cache", Expires:"0", X-Frame-Options:"DENY"]
     Content type = application/json
             Body = {"message":"could not prepare statement [Table \"USERS\" not found (this database is empty); SQL statement:\ninsert into users (created_at,email,name,password,role) values (?,?,?,?,?) [42104-224]] [insert into users (created_at,email,name,password,role) values (?,?,?,?,?)]; SQL [insert into users (created_at,email,name,password,role) values (?,?,?,?,?)]","timestamp":"2026-03-17T21:39:58.049346","status":400}
    Forwarded URL = null
   Redirected URL = null
          Cookies = []

MockHttpServletRequest:
      HTTP Method = POST
      Request URI = /api/auth/register
       Parameters = {}
          Headers = [Content-Type:"application/json;charset=UTF-8", Content-Length:"114"]
             Body = {
    "name": "Test User",
    "email": "test_user@test.com",
    "password": "password123",
    "role": "USER"
}

    Session Attrs = {}

Handler:
             Type = com.susan.eventbooking.controller.AuthController
           Method = com.susan.eventbooking.controller.AuthController#register(RegisterRequest)

Async:
    Async started = false
     Async result = null

Resolved Exception:
             Type = org.springframework.dao.InvalidDataAccessResourceUsageException

ModelAndView:
        View name = null
             View = null
            Model = null

FlashMap:
       Attributes = null

MockHttpServletResponse:
           Status = 400
    Error message = null
          Headers = [Content-Type:"application/json", X-Content-Type-Options:"nosniff", X-XSS-Protection:"0", Cache-Control:"no-cache, no-store, max-age=0, must-revalidate", Pragma:"no-cache", Expires:"0", X-Frame-Options:"DENY"]
     Content type = application/json
             Body = {"message":"could not prepare statement [Table \"USERS\" not found (this database is empty); SQL statement:\ninsert into users (created_at,email,name,password,role) values (?,?,?,?,?) [42104-224]] [insert into users (created_at,email,name,password,role) values (?,?,?,?,?)]; SQL [insert into users (created_at,email,name,password,role) values (?,?,?,?,?)]","timestamp":"2026-03-17T21:39:58.049346","status":400}
    Forwarded URL = null
   Redirected URL = null
          Cookies = []
===== LOGIN USER =====
{
    "email": "test_user@test.com",
    "password": "password123"
}

2026-03-17 21:39:58 - Securing POST /api/auth/login
2026-03-17 21:39:58 - Set SecurityContextHolder to anonymous SecurityContext
2026-03-17 21:39:58 - Secured POST /api/auth/login
2026-03-17 21:39:58 - Received login request for email: test_user@test.com
2026-03-17 21:39:58 - Login attempt for email: test_user@test.com
2026-03-17 21:39:58 - Created new SQL alias : u1_0
2026-03-17 21:39:58 - Registration of TableGroup [StandardTableGroup(com.susan.eventbooking.model.User(2))] with identifierForTableGroup [com.susan.eventbooking.model.User] for NavigablePath [com.susan.eventbooking.model.User] 
2026-03-17 21:39:58 - Determining mapping-model type for SqmParameter : org.hibernate.query.sqm.tree.expression.SqmJpaCriteriaParameterWrapper@226f472
2026-03-17 21:39:58 - Determining mapping-model type for SqmPath : SqmBasicValuedSimplePath(com.susan.eventbooking.model.User(2).email) 
2026-03-17 21:39:58 - DomainResult Graph:
 \-EntityResultImpl [com.susan.eventbooking.model.User(2)]
 |  +-DelayedCollectionFetch [com.susan.eventbooking.model.User(2).bookings]
 |  +-BasicFetch [com.susan.eventbooking.model.User(2).createdAt]
 |  +-BasicFetch [com.susan.eventbooking.model.User(2).email]
 |  +-DelayedCollectionFetch [com.susan.eventbooking.model.User(2).events]
 |  +-BasicFetch [com.susan.eventbooking.model.User(2).name]
 |  +-BasicFetch [com.susan.eventbooking.model.User(2).password]
 |  \-BasicFetch [com.susan.eventbooking.model.User(2).role]

2026-03-17 21:39:58 - SQL AST Tree:
    SelectStatement {
      FromClause {
        StandardTableGroup (u1 : com.susan.eventbooking.model.User(2)) {
          primaryTableReference : users as u1_0
        }
      }
    }

2026-03-17 21:39:58 - Skipping reading Query result cache data: cache-enabled = false, cache-mode = NORMAL
2026-03-17 21:39:58 - Initializer list:
	  com.susan.eventbooking.model.User(2) -> EntityResultInitializer(com.susan.eventbooking.model.User(2))@244250123 (SingleTableEntityPersister(com.susan.eventbooking.model.User))
	  com.susan.eventbooking.model.User(2).events -> DelayedCollectionInitializer(com.susan.eventbooking.model.User(2).events)@840427888 (PluralAttribute(com.susan.eventbooking.model.User.events))
	  com.susan.eventbooking.model.User(2).bookings -> DelayedCollectionInitializer(com.susan.eventbooking.model.User(2).bookings)@1847703288 (PluralAttribute(com.susan.eventbooking.model.User.bookings))

2026-03-17 21:39:58 - select u1_0.id,u1_0.created_at,u1_0.email,u1_0.name,u1_0.password,u1_0.role from users u1_0 where u1_0.email=?
Hibernate: select u1_0.id,u1_0.created_at,u1_0.email,u1_0.name,u1_0.password,u1_0.role from users u1_0 where u1_0.email=?
2026-03-17 21:39:58 - could not prepare statement [select u1_0.id,u1_0.created_at,u1_0.email,u1_0.name,u1_0.password,u1_0.role from users u1_0 where u1_0.email=?]
org.h2.jdbc.JdbcSQLSyntaxErrorException: Table "USERS" not found (this database is empty); SQL statement:
select u1_0.id,u1_0.created_at,u1_0.email,u1_0.name,u1_0.password,u1_0.role from users u1_0 where u1_0.email=? [42104-224]
	at org.h2.message.DbException.getJdbcSQLException(DbException.java:514)
	at org.h2.message.DbException.getJdbcSQLException(DbException.java:489)
	at org.h2.message.DbException.get(DbException.java:223)
	at org.h2.message.DbException.get(DbException.java:199)
	at org.h2.command.Parser.getTableOrViewNotFoundDbException(Parser.java:8051)
	at org.h2.command.Parser.getTableOrViewNotFoundDbException(Parser.java:8035)
	at org.h2.command.Parser.readTableOrView(Parser.java:8024)
	at org.h2.command.Parser.readTablePrimary(Parser.java:1788)
	at org.h2.command.Parser.readTableReference(Parser.java:2268)
	at org.h2.command.Parser.parseSelectFromPart(Parser.java:2718)
	at org.h2.command.Parser.parseSelect(Parser.java:2824)
	at org.h2.command.Parser.parseQueryPrimary(Parser.java:2708)
	at org.h2.command.Parser.parseQueryTerm(Parser.java:2564)
	at org.h2.command.Parser.parseQueryExpressionBody(Parser.java:2543)
	at org.h2.command.Parser.parseQueryExpressionBodyAndEndOfQuery(Parser.java:2536)
	at org.h2.command.Parser.parseQueryExpression(Parser.java:2529)
	at org.h2.command.Parser.parseQuery(Parser.java:2498)
	at org.h2.command.Parser.parsePrepared(Parser.java:627)
	at org.h2.command.Parser.parse(Parser.java:592)
	at org.h2.command.Parser.parse(Parser.java:564)
	at org.h2.command.Parser.prepareCommand(Parser.java:483)
	at org.h2.engine.SessionLocal.prepareLocal(SessionLocal.java:639)
	at org.h2.engine.SessionLocal.prepareCommand(SessionLocal.java:559)
	at org.h2.jdbc.JdbcConnection.prepareCommand(JdbcConnection.java:1166)
	at org.h2.jdbc.JdbcPreparedStatement.<init>(JdbcPreparedStatement.java:93)
	at org.h2.jdbc.JdbcConnection.prepareStatement(JdbcConnection.java:316)
	at com.zaxxer.hikari.pool.ProxyConnection.prepareStatement(ProxyConnection.java:328)
	at com.zaxxer.hikari.pool.HikariProxyConnection.prepareStatement(HikariProxyConnection.java)
	at org.hibernate.engine.jdbc.internal.StatementPreparerImpl$5.doPrepare(StatementPreparerImpl.java:153)
	at org.hibernate.engine.jdbc.internal.StatementPreparerImpl$StatementPreparationTemplate.prepareStatement(StatementPreparerImpl.java:183)
	at org.hibernate.engine.jdbc.internal.StatementPreparerImpl.prepareQueryStatement(StatementPreparerImpl.java:155)
	at org.hibernate.sql.exec.spi.JdbcSelectExecutor.lambda$list$0(JdbcSelectExecutor.java:85)
	at org.hibernate.sql.results.jdbc.internal.DeferredResultSetAccess.executeQuery(DeferredResultSetAccess.java:231)
	at org.hibernate.sql.results.jdbc.internal.DeferredResultSetAccess.getResultSet(DeferredResultSetAccess.java:167)
	at org.hibernate.sql.results.jdbc.internal.JdbcValuesResultSetImpl.advanceNext(JdbcValuesResultSetImpl.java:265)
	at org.hibernate.sql.results.jdbc.internal.JdbcValuesResultSetImpl.processNext(JdbcValuesResultSetImpl.java:145)
	at org.hibernate.sql.results.jdbc.internal.AbstractJdbcValues.next(AbstractJdbcValues.java:19)
	at org.hibernate.sql.results.internal.RowProcessingStateStandardImpl.next(RowProcessingStateStandardImpl.java:67)
	at org.hibernate.sql.results.spi.ListResultsConsumer.consume(ListResultsConsumer.java:204)
	at org.hibernate.sql.results.spi.ListResultsConsumer.consume(ListResultsConsumer.java:33)
	at org.hibernate.sql.exec.internal.JdbcSelectExecutorStandardImpl.doExecuteQuery(JdbcSelectExecutorStandardImpl.java:211)
	at org.hibernate.sql.exec.internal.JdbcSelectExecutorStandardImpl.executeQuery(JdbcSelectExecutorStandardImpl.java:83)
	at org.hibernate.sql.exec.spi.JdbcSelectExecutor.list(JdbcSelectExecutor.java:76)
	at org.hibernate.sql.exec.spi.JdbcSelectExecutor.list(JdbcSelectExecutor.java:65)
	at org.hibernate.query.sqm.internal.ConcreteSqmSelectQueryPlan.lambda$new$2(ConcreteSqmSelectQueryPlan.java:139)
	at org.hibernate.query.sqm.internal.ConcreteSqmSelectQueryPlan.withCacheableSqmInterpretation(ConcreteSqmSelectQueryPlan.java:382)
	at org.hibernate.query.sqm.internal.ConcreteSqmSelectQueryPlan.performList(ConcreteSqmSelectQueryPlan.java:302)
	at org.hibernate.query.sqm.internal.QuerySqmImpl.doList(QuerySqmImpl.java:526)
	at org.hibernate.query.spi.AbstractSelectionQuery.list(AbstractSelectionQuery.java:423)
	at org.hibernate.query.spi.AbstractSelectionQuery.getSingleResult(AbstractSelectionQuery.java:555)
	at org.springframework.data.jpa.repository.query.JpaQueryExecution$SingleEntityExecution.doExecute(JpaQueryExecution.java:223)
	at org.springframework.data.jpa.repository.query.JpaQueryExecution.execute(JpaQueryExecution.java:92)
	at org.springframework.data.jpa.repository.query.AbstractJpaQuery.doExecute(AbstractJpaQuery.java:152)
	at org.springframework.data.jpa.repository.query.AbstractJpaQuery.execute(AbstractJpaQuery.java:140)
	at org.springframework.data.repository.core.support.RepositoryMethodInvoker.doInvoke(RepositoryMethodInvoker.java:170)
	at org.springframework.data.repository.core.support.RepositoryMethodInvoker.invoke(RepositoryMethodInvoker.java:158)
	at org.springframework.data.repository.core.support.QueryExecutorMethodInterceptor.doInvoke(QueryExecutorMethodInterceptor.java:169)
	at org.springframework.data.repository.core.support.QueryExecutorMethodInterceptor.invoke(QueryExecutorMethodInterceptor.java:148)
	at org.springframework.aop.framework.ReflectiveMethodInvocation.proceed(ReflectiveMethodInvocation.java:184)
	at org.springframework.data.projection.DefaultMethodInvokingMethodInterceptor.invoke(DefaultMethodInvokingMethodInterceptor.java:70)
	at org.springframework.aop.framework.ReflectiveMethodInvocation.proceed(ReflectiveMethodInvocation.java:184)
	at org.springframework.transaction.interceptor.TransactionAspectSupport.invokeWithinTransaction(TransactionAspectSupport.java:379)
	at org.springframework.transaction.interceptor.TransactionInterceptor.invoke(TransactionInterceptor.java:119)
	at org.springframework.aop.framework.ReflectiveMethodInvocation.proceed(ReflectiveMethodInvocation.java:184)
	at org.springframework.dao.support.PersistenceExceptionTranslationInterceptor.invoke(PersistenceExceptionTranslationInterceptor.java:138)
	at org.springframework.aop.framework.ReflectiveMethodInvocation.proceed(ReflectiveMethodInvocation.java:184)
	at org.springframework.data.jpa.repository.support.CrudMethodMetadataPostProcessor$CrudMethodMetadataPopulatingMethodInterceptor.invoke(CrudMethodMetadataPostProcessor.java:136)
	at org.springframework.aop.framework.ReflectiveMethodInvocation.proceed(ReflectiveMethodInvocation.java:184)
	at org.springframework.aop.interceptor.ExposeInvocationInterceptor.invoke(ExposeInvocationInterceptor.java:97)
	at org.springframework.aop.framework.ReflectiveMethodInvocation.proceed(ReflectiveMethodInvocation.java:184)
	at org.springframework.aop.framework.JdkDynamicAopProxy.invoke(JdkDynamicAopProxy.java:223)
	at jdk.proxy2/jdk.proxy2.$Proxy137.findByEmail(Unknown Source)
	at com.susan.eventbooking.service.AuthService.login(AuthService.java:47)
	at com.susan.eventbooking.controller.AuthController.login(AuthController.java:38)
	at java.base/jdk.internal.reflect.NativeMethodAccessorImpl.invoke0(Native Method)
	at java.base/jdk.internal.reflect.NativeMethodAccessorImpl.invoke(NativeMethodAccessorImpl.java:77)
	at java.base/jdk.internal.reflect.DelegatingMethodAccessorImpl.invoke(DelegatingMethodAccessorImpl.java:43)
	at java.base/java.lang.reflect.Method.invoke(Method.java:569)
	at org.springframework.web.method.support.InvocableHandlerMethod.doInvoke(InvocableHandlerMethod.java:255)
	at org.springframework.web.method.support.InvocableHandlerMethod.invokeForRequest(InvocableHandlerMethod.java:188)
	at org.springframework.web.servlet.mvc.method.annotation.ServletInvocableHandlerMethod.invokeAndHandle(ServletInvocableHandlerMethod.java:118)
	at org.springframework.web.servlet.mvc.method.annotation.RequestMappingHandlerAdapter.invokeHandlerMethod(RequestMappingHandlerAdapter.java:926)
	at org.springframework.web.servlet.mvc.method.annotation.RequestMappingHandlerAdapter.handleInternal(RequestMappingHandlerAdapter.java:831)
	at org.springframework.web.servlet.mvc.method.AbstractHandlerMethodAdapter.handle(AbstractHandlerMethodAdapter.java:87)
	at org.springframework.web.servlet.DispatcherServlet.doDispatch(DispatcherServlet.java:1089)
	at org.springframework.web.servlet.DispatcherServlet.doService(DispatcherServlet.java:979)
	at org.springframework.web.servlet.FrameworkServlet.processRequest(FrameworkServlet.java:1014)
	at org.springframework.web.servlet.FrameworkServlet.doPost(FrameworkServlet.java:914)
	at jakarta.servlet.http.HttpServlet.service(HttpServlet.java:590)
	at org.springframework.web.servlet.FrameworkServlet.service(FrameworkServlet.java:885)
	at org.springframework.test.web.servlet.TestDispatcherServlet.service(TestDispatcherServlet.java:72)
	at jakarta.servlet.http.HttpServlet.service(HttpServlet.java:658)
	at org.springframework.mock.web.MockFilterChain$ServletFilterProxy.doFilter(MockFilterChain.java:165)
	at org.springframework.mock.web.MockFilterChain.doFilter(MockFilterChain.java:132)
	at org.springframework.web.filter.OncePerRequestFilter.doFilter(OncePerRequestFilter.java:110)
	at org.springframework.test.web.servlet.setup.MockMvcFilterDecorator.doFilter(MockMvcFilterDecorator.java:151)
	at org.springframework.mock.web.MockFilterChain.doFilter(MockFilterChain.java:132)
	at org.springframework.web.filter.CompositeFilter$VirtualFilterChain.doFilter(CompositeFilter.java:108)
	at org.springframework.security.web.FilterChainProxy.lambda$doFilterInternal$3(FilterChainProxy.java:231)
	at org.springframework.security.web.FilterChainProxy$VirtualFilterChain.doFilter(FilterChainProxy.java:365)
	at org.springframework.security.web.access.intercept.AuthorizationFilter.doFilter(AuthorizationFilter.java:100)
	at org.springframework.security.web.FilterChainProxy$VirtualFilterChain.doFilter(FilterChainProxy.java:374)
	at org.springframework.security.web.access.ExceptionTranslationFilter.doFilter(ExceptionTranslationFilter.java:126)
	at org.springframework.security.web.access.ExceptionTranslationFilter.doFilter(ExceptionTranslationFilter.java:120)
	at org.springframework.security.web.FilterChainProxy$VirtualFilterChain.doFilter(FilterChainProxy.java:374)
	at org.springframework.security.web.session.SessionManagementFilter.doFilter(SessionManagementFilter.java:131)
	at org.springframework.security.web.session.SessionManagementFilter.doFilter(SessionManagementFilter.java:85)
	at org.springframework.security.web.FilterChainProxy$VirtualFilterChain.doFilter(FilterChainProxy.java:374)
	at org.springframework.security.web.authentication.AnonymousAuthenticationFilter.doFilter(AnonymousAuthenticationFilter.java:100)
	at org.springframework.security.web.FilterChainProxy$VirtualFilterChain.doFilter(FilterChainProxy.java:374)
	at org.springframework.security.web.servletapi.SecurityContextHolderAwareRequestFilter.doFilter(SecurityContextHolderAwareRequestFilter.java:179)
	at org.springframework.security.web.FilterChainProxy$VirtualFilterChain.doFilter(FilterChainProxy.java:374)
	at org.springframework.security.web.savedrequest.RequestCacheAwareFilter.doFilter(RequestCacheAwareFilter.java:63)
	at org.springframework.security.web.FilterChainProxy$VirtualFilterChain.doFilter(FilterChainProxy.java:374)
	at com.susan.eventbooking.security.JwtRequestFilter.doFilterInternal(JwtRequestFilter.java:30)
	at org.springframework.web.filter.OncePerRequestFilter.doFilter(OncePerRequestFilter.java:116)
	at org.springframework.security.web.FilterChainProxy$VirtualFilterChain.doFilter(FilterChainProxy.java:374)
	at org.springframework.security.web.authentication.logout.LogoutFilter.doFilter(LogoutFilter.java:107)
	at org.springframework.security.web.authentication.logout.LogoutFilter.doFilter(LogoutFilter.java:93)
	at org.springframework.security.web.FilterChainProxy$VirtualFilterChain.doFilter(FilterChainProxy.java:374)
	at org.springframework.security.web.header.HeaderWriterFilter.doHeadersAfter(HeaderWriterFilter.java:90)
	at org.springframework.security.web.header.HeaderWriterFilter.doFilterInternal(HeaderWriterFilter.java:75)
	at org.springframework.web.filter.OncePerRequestFilter.doFilter(OncePerRequestFilter.java:116)
	at org.springframework.security.web.FilterChainProxy$VirtualFilterChain.doFilter(FilterChainProxy.java:374)
	at org.springframework.security.web.context.SecurityContextHolderFilter.doFilter(SecurityContextHolderFilter.java:82)
	at org.springframework.security.web.context.SecurityContextHolderFilter.doFilter(SecurityContextHolderFilter.java:69)
	at org.springframework.security.web.FilterChainProxy$VirtualFilterChain.doFilter(FilterChainProxy.java:374)
	at org.springframework.security.web.context.request.async.WebAsyncManagerIntegrationFilter.doFilterInternal(WebAsyncManagerIntegrationFilter.java:62)
	at org.springframework.web.filter.OncePerRequestFilter.doFilter(OncePerRequestFilter.java:116)
	at org.springframework.security.web.FilterChainProxy$VirtualFilterChain.doFilter(FilterChainProxy.java:374)
	at org.springframework.security.web.session.DisableEncodeUrlFilter.doFilterInternal(DisableEncodeUrlFilter.java:42)
	at org.springframework.web.filter.OncePerRequestFilter.doFilter(OncePerRequestFilter.java:116)
	at org.springframework.security.web.FilterChainProxy$VirtualFilterChain.doFilter(FilterChainProxy.java:374)
	at org.springframework.security.web.FilterChainProxy.doFilterInternal(FilterChainProxy.java:233)
	at org.springframework.security.web.FilterChainProxy.doFilter(FilterChainProxy.java:191)
	at org.springframework.web.filter.CompositeFilter$VirtualFilterChain.doFilter(CompositeFilter.java:113)
	at org.springframework.web.servlet.handler.HandlerMappingIntrospector.lambda$createCacheFilter$3(HandlerMappingIntrospector.java:195)
	at org.springframework.web.filter.CompositeFilter$VirtualFilterChain.doFilter(CompositeFilter.java:113)
	at org.springframework.web.filter.CompositeFilter.doFilter(CompositeFilter.java:74)
	at org.springframework.security.config.annotation.web.configuration.WebMvcSecurityConfiguration$CompositeFilterChainProxy.doFilter(WebMvcSecurityConfiguration.java:230)
	at org.springframework.web.filter.DelegatingFilterProxy.invokeDelegate(DelegatingFilterProxy.java:362)
	at org.springframework.web.filter.DelegatingFilterProxy.doFilter(DelegatingFilterProxy.java:278)
	at org.springframework.test.web.servlet.setup.MockMvcFilterDecorator.doFilter(MockMvcFilterDecorator.java:151)
	at org.springframework.mock.web.MockFilterChain.doFilter(MockFilterChain.java:132)
	at org.springframework.web.filter.RequestContextFilter.doFilterInternal(RequestContextFilter.java:100)
	at org.springframework.web.filter.OncePerRequestFilter.doFilter(OncePerRequestFilter.java:116)
	at org.springframework.test.web.servlet.setup.MockMvcFilterDecorator.doFilter(MockMvcFilterDecorator.java:151)
	at org.springframework.mock.web.MockFilterChain.doFilter(MockFilterChain.java:132)
	at org.springframework.web.filter.FormContentFilter.doFilterInternal(FormContentFilter.java:93)
	at org.springframework.web.filter.OncePerRequestFilter.doFilter(OncePerRequestFilter.java:116)
	at org.springframework.test.web.servlet.setup.MockMvcFilterDecorator.doFilter(MockMvcFilterDecorator.java:151)
	at org.springframework.mock.web.MockFilterChain.doFilter(MockFilterChain.java:132)
	at org.springframework.web.filter.CharacterEncodingFilter.doFilterInternal(CharacterEncodingFilter.java:201)
	at org.springframework.web.filter.OncePerRequestFilter.doFilter(OncePerRequestFilter.java:116)
	at org.springframework.test.web.servlet.setup.MockMvcFilterDecorator.doFilter(MockMvcFilterDecorator.java:151)
	at org.springframework.mock.web.MockFilterChain.doFilter(MockFilterChain.java:132)
	at org.springframework.test.web.servlet.MockMvc.perform(MockMvc.java:201)
	at com.susan.eventbooking.EventBookingIntegrationTest.loginUser(EventBookingIntegrationTest.java:76)
	at java.base/jdk.internal.reflect.NativeMethodAccessorImpl.invoke0(Native Method)
	at java.base/jdk.internal.reflect.NativeMethodAccessorImpl.invoke(NativeMethodAccessorImpl.java:77)
	at java.base/jdk.internal.reflect.DelegatingMethodAccessorImpl.invoke(DelegatingMethodAccessorImpl.java:43)
	at java.base/java.lang.reflect.Method.invoke(Method.java:569)
	at org.junit.platform.commons.util.ReflectionUtils.invokeMethod(ReflectionUtils.java:728)
	at org.junit.jupiter.engine.execution.MethodInvocation.proceed(MethodInvocation.java:60)
	at org.junit.jupiter.engine.execution.InvocationInterceptorChain$ValidatingInvocation.proceed(InvocationInterceptorChain.java:131)
	at org.junit.jupiter.engine.extension.TimeoutExtension.intercept(TimeoutExtension.java:156)
	at org.junit.jupiter.engine.extension.TimeoutExtension.interceptTestableMethod(TimeoutExtension.java:147)
	at org.junit.jupiter.engine.extension.TimeoutExtension.interceptTestMethod(TimeoutExtension.java:86)
	at org.junit.jupiter.engine.execution.InterceptingExecutableInvoker$ReflectiveInterceptorCall.lambda$ofVoidMethod$0(InterceptingExecutableInvoker.java:103)
	at org.junit.jupiter.engine.execution.InterceptingExecutableInvoker.lambda$invoke$0(InterceptingExecutableInvoker.java:93)
	at org.junit.jupiter.engine.execution.InvocationInterceptorChain$InterceptedInvocation.proceed(InvocationInterceptorChain.java:106)
	at org.junit.jupiter.engine.execution.InvocationInterceptorChain.proceed(InvocationInterceptorChain.java:64)
	at org.junit.jupiter.engine.execution.InvocationInterceptorChain.chainAndInvoke(InvocationInterceptorChain.java:45)
	at org.junit.jupiter.engine.execution.InvocationInterceptorChain.invoke(InvocationInterceptorChain.java:37)
	at org.junit.jupiter.engine.execution.InterceptingExecutableInvoker.invoke(InterceptingExecutableInvoker.java:92)
	at org.junit.jupiter.engine.execution.InterceptingExecutableInvoker.invoke(InterceptingExecutableInvoker.java:86)
	at org.junit.jupiter.engine.descriptor.TestMethodTestDescriptor.lambda$invokeTestMethod$7(TestMethodTestDescriptor.java:218)
	at org.junit.platform.engine.support.hierarchical.ThrowableCollector.execute(ThrowableCollector.java:73)
	at org.junit.jupiter.engine.descriptor.TestMethodTestDescriptor.invokeTestMethod(TestMethodTestDescriptor.java:214)
	at org.junit.jupiter.engine.descriptor.TestMethodTestDescriptor.execute(TestMethodTestDescriptor.java:139)
	at org.junit.jupiter.engine.descriptor.TestMethodTestDescriptor.execute(TestMethodTestDescriptor.java:69)
	at org.junit.platform.engine.support.hierarchical.NodeTestTask.lambda$executeRecursively$6(NodeTestTask.java:156)
	at org.junit.platform.engine.support.hierarchical.ThrowableCollector.execute(ThrowableCollector.java:73)
	at org.junit.platform.engine.support.hierarchical.NodeTestTask.lambda$executeRecursively$8(NodeTestTask.java:146)
	at org.junit.platform.engine.support.hierarchical.Node.around(Node.java:137)
	at org.junit.platform.engine.support.hierarchical.NodeTestTask.lambda$executeRecursively$9(NodeTestTask.java:144)
	at org.junit.platform.engine.support.hierarchical.ThrowableCollector.execute(ThrowableCollector.java:73)
	at org.junit.platform.engine.support.hierarchical.NodeTestTask.executeRecursively(NodeTestTask.java:143)
	at org.junit.platform.engine.support.hierarchical.NodeTestTask.execute(NodeTestTask.java:100)
	at java.base/java.util.ArrayList.forEach(ArrayList.java:1511)
	at org.junit.platform.engine.support.hierarchical.SameThreadHierarchicalTestExecutorService.invokeAll(SameThreadHierarchicalTestExecutorService.java:41)
	at org.junit.platform.engine.support.hierarchical.NodeTestTask.lambda$executeRecursively$6(NodeTestTask.java:160)
	at org.junit.platform.engine.support.hierarchical.ThrowableCollector.execute(ThrowableCollector.java:73)
	at org.junit.platform.engine.support.hierarchical.NodeTestTask.lambda$executeRecursively$8(NodeTestTask.java:146)
	at org.junit.platform.engine.support.hierarchical.Node.around(Node.java:137)
	at org.junit.platform.engine.support.hierarchical.NodeTestTask.lambda$executeRecursively$9(NodeTestTask.java:144)
	at org.junit.platform.engine.support.hierarchical.ThrowableCollector.execute(ThrowableCollector.java:73)
	at org.junit.platform.engine.support.hierarchical.NodeTestTask.executeRecursively(NodeTestTask.java:143)
	at org.junit.platform.engine.support.hierarchical.NodeTestTask.execute(NodeTestTask.java:100)
	at java.base/java.util.ArrayList.forEach(ArrayList.java:1511)
	at org.junit.platform.engine.support.hierarchical.SameThreadHierarchicalTestExecutorService.invokeAll(SameThreadHierarchicalTestExecutorService.java:41)
	at org.junit.platform.engine.support.hierarchical.NodeTestTask.lambda$executeRecursively$6(NodeTestTask.java:160)
	at org.junit.platform.engine.support.hierarchical.ThrowableCollector.execute(ThrowableCollector.java:73)
	at org.junit.platform.engine.support.hierarchical.NodeTestTask.lambda$executeRecursively$8(NodeTestTask.java:146)
	at org.junit.platform.engine.support.hierarchical.Node.around(Node.java:137)
	at org.junit.platform.engine.support.hierarchical.NodeTestTask.lambda$executeRecursively$9(NodeTestTask.java:144)
	at org.junit.platform.engine.support.hierarchical.ThrowableCollector.execute(ThrowableCollector.java:73)
	at org.junit.platform.engine.support.hierarchical.NodeTestTask.executeRecursively(NodeTestTask.java:143)
	at org.junit.platform.engine.support.hierarchical.NodeTestTask.execute(NodeTestTask.java:100)
	at org.junit.platform.engine.support.hierarchical.SameThreadHierarchicalTestExecutorService.submit(SameThreadHierarchicalTestExecutorService.java:35)
	at org.junit.platform.engine.support.hierarchical.HierarchicalTestExecutor.execute(HierarchicalTestExecutor.java:57)
	at org.junit.platform.engine.support.hierarchical.HierarchicalTestEngine.execute(HierarchicalTestEngine.java:54)
	at org.junit.platform.launcher.core.EngineExecutionOrchestrator.execute(EngineExecutionOrchestrator.java:198)
	at org.junit.platform.launcher.core.EngineExecutionOrchestrator.execute(EngineExecutionOrchestrator.java:169)
	at org.junit.platform.launcher.core.EngineExecutionOrchestrator.execute(EngineExecutionOrchestrator.java:93)
	at org.junit.platform.launcher.core.EngineExecutionOrchestrator.lambda$execute$0(EngineExecutionOrchestrator.java:58)
	at org.junit.platform.launcher.core.EngineExecutionOrchestrator.withInterceptedStreams(EngineExecutionOrchestrator.java:141)
	at org.junit.platform.launcher.core.EngineExecutionOrchestrator.execute(EngineExecutionOrchestrator.java:57)
	at org.junit.platform.launcher.core.DefaultLauncher.execute(DefaultLauncher.java:103)
	at org.junit.platform.launcher.core.DefaultLauncher.execute(DefaultLauncher.java:85)
	at org.junit.platform.launcher.core.DelegatingLauncher.execute(DelegatingLauncher.java:47)
	at org.apache.maven.surefire.junitplatform.LazyLauncher.execute(LazyLauncher.java:56)
	at org.apache.maven.surefire.junitplatform.JUnitPlatformProvider.execute(JUnitPlatformProvider.java:184)
	at org.apache.maven.surefire.junitplatform.JUnitPlatformProvider.invokeAllTests(JUnitPlatformProvider.java:148)
	at org.apache.maven.surefire.junitplatform.JUnitPlatformProvider.invoke(JUnitPlatformProvider.java:122)
	at org.apache.maven.surefire.booter.ForkedBooter.runSuitesInProcess(ForkedBooter.java:385)
	at org.apache.maven.surefire.booter.ForkedBooter.execute(ForkedBooter.java:162)
	at org.apache.maven.surefire.booter.ForkedBooter.run(ForkedBooter.java:507)
	at org.apache.maven.surefire.booter.ForkedBooter.main(ForkedBooter.java:495)
2026-03-17 21:39:58 - SQL Error: 42104, SQLState: 42S04
2026-03-17 21:39:58 - Table "USERS" not found (this database is empty); SQL statement:
select u1_0.id,u1_0.created_at,u1_0.email,u1_0.name,u1_0.password,u1_0.role from users u1_0 where u1_0.email=? [42104-224]
2026-03-17 21:39:58 - On TransactionImpl creation, JpaCompliance#isJpaTransactionComplianceEnabled == false
2026-03-17 21:39:58 - Runtime error occurred: could not prepare statement [Table "USERS" not found (this database is empty); SQL statement:
select u1_0.id,u1_0.created_at,u1_0.email,u1_0.name,u1_0.password,u1_0.role from users u1_0 where u1_0.email=? [42104-224]] [select u1_0.id,u1_0.created_at,u1_0.email,u1_0.name,u1_0.password,u1_0.role from users u1_0 where u1_0.email=?]; SQL [select u1_0.id,u1_0.created_at,u1_0.email,u1_0.name,u1_0.password,u1_0.role from users u1_0 where u1_0.email=?]
org.springframework.dao.InvalidDataAccessResourceUsageException: could not prepare statement [Table "USERS" not found (this database is empty); SQL statement:
select u1_0.id,u1_0.created_at,u1_0.email,u1_0.name,u1_0.password,u1_0.role from users u1_0 where u1_0.email=? [42104-224]] [select u1_0.id,u1_0.created_at,u1_0.email,u1_0.name,u1_0.password,u1_0.role from users u1_0 where u1_0.email=?]; SQL [select u1_0.id,u1_0.created_at,u1_0.email,u1_0.name,u1_0.password,u1_0.role from users u1_0 where u1_0.email=?]
	at org.springframework.orm.jpa.vendor.HibernateJpaDialect.convertHibernateAccessException(HibernateJpaDialect.java:277)
	at org.springframework.orm.jpa.vendor.HibernateJpaDialect.translateExceptionIfPossible(HibernateJpaDialect.java:241)
	at org.springframework.orm.jpa.AbstractEntityManagerFactoryBean.translateExceptionIfPossible(AbstractEntityManagerFactoryBean.java:550)
	at org.springframework.dao.support.ChainedPersistenceExceptionTranslator.translateExceptionIfPossible(ChainedPersistenceExceptionTranslator.java:61)
	at org.springframework.dao.support.DataAccessUtils.translateIfNecessary(DataAccessUtils.java:335)
	at org.springframework.dao.support.PersistenceExceptionTranslationInterceptor.invoke(PersistenceExceptionTranslationInterceptor.java:160)
	at org.springframework.aop.framework.ReflectiveMethodInvocation.proceed(ReflectiveMethodInvocation.java:184)
	at org.springframework.data.jpa.repository.support.CrudMethodMetadataPostProcessor$CrudMethodMetadataPopulatingMethodInterceptor.invoke(CrudMethodMetadataPostProcessor.java:136)
	at org.springframework.aop.framework.ReflectiveMethodInvocation.proceed(ReflectiveMethodInvocation.java:184)
	at org.springframework.aop.interceptor.ExposeInvocationInterceptor.invoke(ExposeInvocationInterceptor.java:97)
	at org.springframework.aop.framework.ReflectiveMethodInvocation.proceed(ReflectiveMethodInvocation.java:184)
	at org.springframework.aop.framework.JdkDynamicAopProxy.invoke(JdkDynamicAopProxy.java:223)
	at jdk.proxy2/jdk.proxy2.$Proxy137.findByEmail(Unknown Source)
	at com.susan.eventbooking.service.AuthService.login(AuthService.java:47)
	at com.susan.eventbooking.controller.AuthController.login(AuthController.java:38)
	at java.base/jdk.internal.reflect.NativeMethodAccessorImpl.invoke0(Native Method)
	at java.base/jdk.internal.reflect.NativeMethodAccessorImpl.invoke(NativeMethodAccessorImpl.java:77)
	at java.base/jdk.internal.reflect.DelegatingMethodAccessorImpl.invoke(DelegatingMethodAccessorImpl.java:43)
	at java.base/java.lang.reflect.Method.invoke(Method.java:569)
	at org.springframework.web.method.support.InvocableHandlerMethod.doInvoke(InvocableHandlerMethod.java:255)
	at org.springframework.web.method.support.InvocableHandlerMethod.invokeForRequest(InvocableHandlerMethod.java:188)
	at org.springframework.web.servlet.mvc.method.annotation.ServletInvocableHandlerMethod.invokeAndHandle(ServletInvocableHandlerMethod.java:118)
	at org.springframework.web.servlet.mvc.method.annotation.RequestMappingHandlerAdapter.invokeHandlerMethod(RequestMappingHandlerAdapter.java:926)
	at org.springframework.web.servlet.mvc.method.annotation.RequestMappingHandlerAdapter.handleInternal(RequestMappingHandlerAdapter.java:831)
	at org.springframework.web.servlet.mvc.method.AbstractHandlerMethodAdapter.handle(AbstractHandlerMethodAdapter.java:87)
	at org.springframework.web.servlet.DispatcherServlet.doDispatch(DispatcherServlet.java:1089)
	at org.springframework.web.servlet.DispatcherServlet.doService(DispatcherServlet.java:979)
	at org.springframework.web.servlet.FrameworkServlet.processRequest(FrameworkServlet.java:1014)
	at org.springframework.web.servlet.FrameworkServlet.doPost(FrameworkServlet.java:914)
	at jakarta.servlet.http.HttpServlet.service(HttpServlet.java:590)
	at org.springframework.web.servlet.FrameworkServlet.service(FrameworkServlet.java:885)
	at org.springframework.test.web.servlet.TestDispatcherServlet.service(TestDispatcherServlet.java:72)
	at jakarta.servlet.http.HttpServlet.service(HttpServlet.java:658)
	at org.springframework.mock.web.MockFilterChain$ServletFilterProxy.doFilter(MockFilterChain.java:165)
	at org.springframework.mock.web.MockFilterChain.doFilter(MockFilterChain.java:132)
	at org.springframework.web.filter.OncePerRequestFilter.doFilter(OncePerRequestFilter.java:110)
	at org.springframework.test.web.servlet.setup.MockMvcFilterDecorator.doFilter(MockMvcFilterDecorator.java:151)
	at org.springframework.mock.web.MockFilterChain.doFilter(MockFilterChain.java:132)
	at org.springframework.web.filter.CompositeFilter$VirtualFilterChain.doFilter(CompositeFilter.java:108)
	at org.springframework.security.web.FilterChainProxy.lambda$doFilterInternal$3(FilterChainProxy.java:231)
	at org.springframework.security.web.FilterChainProxy$VirtualFilterChain.doFilter(FilterChainProxy.java:365)
	at org.springframework.security.web.access.intercept.AuthorizationFilter.doFilter(AuthorizationFilter.java:100)
	at org.springframework.security.web.FilterChainProxy$VirtualFilterChain.doFilter(FilterChainProxy.java:374)
	at org.springframework.security.web.access.ExceptionTranslationFilter.doFilter(ExceptionTranslationFilter.java:126)
	at org.springframework.security.web.access.ExceptionTranslationFilter.doFilter(ExceptionTranslationFilter.java:120)
	at org.springframework.security.web.FilterChainProxy$VirtualFilterChain.doFilter(FilterChainProxy.java:374)
	at org.springframework.security.web.session.SessionManagementFilter.doFilter(SessionManagementFilter.java:131)
	at org.springframework.security.web.session.SessionManagementFilter.doFilter(SessionManagementFilter.java:85)
	at org.springframework.security.web.FilterChainProxy$VirtualFilterChain.doFilter(FilterChainProxy.java:374)
	at org.springframework.security.web.authentication.AnonymousAuthenticationFilter.doFilter(AnonymousAuthenticationFilter.java:100)
	at org.springframework.security.web.FilterChainProxy$VirtualFilterChain.doFilter(FilterChainProxy.java:374)
	at org.springframework.security.web.servletapi.SecurityContextHolderAwareRequestFilter.doFilter(SecurityContextHolderAwareRequestFilter.java:179)
	at org.springframework.security.web.FilterChainProxy$VirtualFilterChain.doFilter(FilterChainProxy.java:374)
	at org.springframework.security.web.savedrequest.RequestCacheAwareFilter.doFilter(RequestCacheAwareFilter.java:63)
	at org.springframework.security.web.FilterChainProxy$VirtualFilterChain.doFilter(FilterChainProxy.java:374)
	at com.susan.eventbooking.security.JwtRequestFilter.doFilterInternal(JwtRequestFilter.java:30)
	at org.springframework.web.filter.OncePerRequestFilter.doFilter(OncePerRequestFilter.java:116)
	at org.springframework.security.web.FilterChainProxy$VirtualFilterChain.doFilter(FilterChainProxy.java:374)
	at org.springframework.security.web.authentication.logout.LogoutFilter.doFilter(LogoutFilter.java:107)
	at org.springframework.security.web.authentication.logout.LogoutFilter.doFilter(LogoutFilter.java:93)
	at org.springframework.security.web.FilterChainProxy$VirtualFilterChain.doFilter(FilterChainProxy.java:374)
	at org.springframework.security.web.header.HeaderWriterFilter.doHeadersAfter(HeaderWriterFilter.java:90)
	at org.springframework.security.web.header.HeaderWriterFilter.doFilterInternal(HeaderWriterFilter.java:75)
	at org.springframework.web.filter.OncePerRequestFilter.doFilter(OncePerRequestFilter.java:116)
	at org.springframework.security.web.FilterChainProxy$VirtualFilterChain.doFilter(FilterChainProxy.java:374)
	at org.springframework.security.web.context.SecurityContextHolderFilter.doFilter(SecurityContextHolderFilter.java:82)
	at org.springframework.security.web.context.SecurityContextHolderFilter.doFilter(SecurityContextHolderFilter.java:69)
	at org.springframework.security.web.FilterChainProxy$VirtualFilterChain.doFilter(FilterChainProxy.java:374)
	at org.springframework.security.web.context.request.async.WebAsyncManagerIntegrationFilter.doFilterInternal(WebAsyncManagerIntegrationFilter.java:62)
	at org.springframework.web.filter.OncePerRequestFilter.doFilter(OncePerRequestFilter.java:116)
	at org.springframework.security.web.FilterChainProxy$VirtualFilterChain.doFilter(FilterChainProxy.java:374)
	at org.springframework.security.web.session.DisableEncodeUrlFilter.doFilterInternal(DisableEncodeUrlFilter.java:42)
	at org.springframework.web.filter.OncePerRequestFilter.doFilter(OncePerRequestFilter.java:116)
	at org.springframework.security.web.FilterChainProxy$VirtualFilterChain.doFilter(FilterChainProxy.java:374)
	at org.springframework.security.web.FilterChainProxy.doFilterInternal(FilterChainProxy.java:233)
	at org.springframework.security.web.FilterChainProxy.doFilter(FilterChainProxy.java:191)
	at org.springframework.web.filter.CompositeFilter$VirtualFilterChain.doFilter(CompositeFilter.java:113)
	at org.springframework.web.servlet.handler.HandlerMappingIntrospector.lambda$createCacheFilter$3(HandlerMappingIntrospector.java:195)
	at org.springframework.web.filter.CompositeFilter$VirtualFilterChain.doFilter(CompositeFilter.java:113)
	at org.springframework.web.filter.CompositeFilter.doFilter(CompositeFilter.java:74)
	at org.springframework.security.config.annotation.web.configuration.WebMvcSecurityConfiguration$CompositeFilterChainProxy.doFilter(WebMvcSecurityConfiguration.java:230)
	at org.springframework.web.filter.DelegatingFilterProxy.invokeDelegate(DelegatingFilterProxy.java:362)
	at org.springframework.web.filter.DelegatingFilterProxy.doFilter(DelegatingFilterProxy.java:278)
	at org.springframework.test.web.servlet.setup.MockMvcFilterDecorator.doFilter(MockMvcFilterDecorator.java:151)
	at org.springframework.mock.web.MockFilterChain.doFilter(MockFilterChain.java:132)
	at org.springframework.web.filter.RequestContextFilter.doFilterInternal(RequestContextFilter.java:100)
	at org.springframework.web.filter.OncePerRequestFilter.doFilter(OncePerRequestFilter.java:116)
	at org.springframework.test.web.servlet.setup.MockMvcFilterDecorator.doFilter(MockMvcFilterDecorator.java:151)
	at org.springframework.mock.web.MockFilterChain.doFilter(MockFilterChain.java:132)
	at org.springframework.web.filter.FormContentFilter.doFilterInternal(FormContentFilter.java:93)
	at org.springframework.web.filter.OncePerRequestFilter.doFilter(OncePerRequestFilter.java:116)
	at org.springframework.test.web.servlet.setup.MockMvcFilterDecorator.doFilter(MockMvcFilterDecorator.java:151)
	at org.springframework.mock.web.MockFilterChain.doFilter(MockFilterChain.java:132)
	at org.springframework.web.filter.CharacterEncodingFilter.doFilterInternal(CharacterEncodingFilter.java:201)
	at org.springframework.web.filter.OncePerRequestFilter.doFilter(OncePerRequestFilter.java:116)
	at org.springframework.test.web.servlet.setup.MockMvcFilterDecorator.doFilter(MockMvcFilterDecorator.java:151)
	at org.springframework.mock.web.MockFilterChain.doFilter(MockFilterChain.java:132)
	at org.springframework.test.web.servlet.MockMvc.perform(MockMvc.java:201)
	at com.susan.eventbooking.EventBookingIntegrationTest.loginUser(EventBookingIntegrationTest.java:76)
	at java.base/jdk.internal.reflect.NativeMethodAccessorImpl.invoke0(Native Method)
	at java.base/jdk.internal.reflect.NativeMethodAccessorImpl.invoke(NativeMethodAccessorImpl.java:77)
	at java.base/jdk.internal.reflect.DelegatingMethodAccessorImpl.invoke(DelegatingMethodAccessorImpl.java:43)
	at java.base/java.lang.reflect.Method.invoke(Method.java:569)
	at org.junit.platform.commons.util.ReflectionUtils.invokeMethod(ReflectionUtils.java:728)
	at org.junit.jupiter.engine.execution.MethodInvocation.proceed(MethodInvocation.java:60)
	at org.junit.jupiter.engine.execution.InvocationInterceptorChain$ValidatingInvocation.proceed(InvocationInterceptorChain.java:131)
	at org.junit.jupiter.engine.extension.TimeoutExtension.intercept(TimeoutExtension.java:156)
	at org.junit.jupiter.engine.extension.TimeoutExtension.interceptTestableMethod(TimeoutExtension.java:147)
	at org.junit.jupiter.engine.extension.TimeoutExtension.interceptTestMethod(TimeoutExtension.java:86)
	at org.junit.jupiter.engine.execution.InterceptingExecutableInvoker$ReflectiveInterceptorCall.lambda$ofVoidMethod$0(InterceptingExecutableInvoker.java:103)
	at org.junit.jupiter.engine.execution.InterceptingExecutableInvoker.lambda$invoke$0(InterceptingExecutableInvoker.java:93)
	at org.junit.jupiter.engine.execution.InvocationInterceptorChain$InterceptedInvocation.proceed(InvocationInterceptorChain.java:106)
	at org.junit.jupiter.engine.execution.InvocationInterceptorChain.proceed(InvocationInterceptorChain.java:64)
	at org.junit.jupiter.engine.execution.InvocationInterceptorChain.chainAndInvoke(InvocationInterceptorChain.java:45)
	at org.junit.jupiter.engine.execution.InvocationInterceptorChain.invoke(InvocationInterceptorChain.java:37)
	at org.junit.jupiter.engine.execution.InterceptingExecutableInvoker.invoke(InterceptingExecutableInvoker.java:92)
	at org.junit.jupiter.engine.execution.InterceptingExecutableInvoker.invoke(InterceptingExecutableInvoker.java:86)
	at org.junit.jupiter.engine.descriptor.TestMethodTestDescriptor.lambda$invokeTestMethod$7(TestMethodTestDescriptor.java:218)
	at org.junit.platform.engine.support.hierarchical.ThrowableCollector.execute(ThrowableCollector.java:73)
	at org.junit.jupiter.engine.descriptor.TestMethodTestDescriptor.invokeTestMethod(TestMethodTestDescriptor.java:214)
	at org.junit.jupiter.engine.descriptor.TestMethodTestDescriptor.execute(TestMethodTestDescriptor.java:139)
	at org.junit.jupiter.engine.descriptor.TestMethodTestDescriptor.execute(TestMethodTestDescriptor.java:69)
	at org.junit.platform.engine.support.hierarchical.NodeTestTask.lambda$executeRecursively$6(NodeTestTask.java:156)
	at org.junit.platform.engine.support.hierarchical.ThrowableCollector.execute(ThrowableCollector.java:73)
	at org.junit.platform.engine.support.hierarchical.NodeTestTask.lambda$executeRecursively$8(NodeTestTask.java:146)
	at org.junit.platform.engine.support.hierarchical.Node.around(Node.java:137)
	at org.junit.platform.engine.support.hierarchical.NodeTestTask.lambda$executeRecursively$9(NodeTestTask.java:144)
	at org.junit.platform.engine.support.hierarchical.ThrowableCollector.execute(ThrowableCollector.java:73)
	at org.junit.platform.engine.support.hierarchical.NodeTestTask.executeRecursively(NodeTestTask.java:143)
	at org.junit.platform.engine.support.hierarchical.NodeTestTask.execute(NodeTestTask.java:100)
	at java.base/java.util.ArrayList.forEach(ArrayList.java:1511)
	at org.junit.platform.engine.support.hierarchical.SameThreadHierarchicalTestExecutorService.invokeAll(SameThreadHierarchicalTestExecutorService.java:41)
	at org.junit.platform.engine.support.hierarchical.NodeTestTask.lambda$executeRecursively$6(NodeTestTask.java:160)
	at org.junit.platform.engine.support.hierarchical.ThrowableCollector.execute(ThrowableCollector.java:73)
	at org.junit.platform.engine.support.hierarchical.NodeTestTask.lambda$executeRecursively$8(NodeTestTask.java:146)
	at org.junit.platform.engine.support.hierarchical.Node.around(Node.java:137)
	at org.junit.platform.engine.support.hierarchical.NodeTestTask.lambda$executeRecursively$9(NodeTestTask.java:144)
	at org.junit.platform.engine.support.hierarchical.ThrowableCollector.execute(ThrowableCollector.java:73)
	at org.junit.platform.engine.support.hierarchical.NodeTestTask.executeRecursively(NodeTestTask.java:143)
	at org.junit.platform.engine.support.hierarchical.NodeTestTask.execute(NodeTestTask.java:100)
	at java.base/java.util.ArrayList.forEach(ArrayList.java:1511)
	at org.junit.platform.engine.support.hierarchical.SameThreadHierarchicalTestExecutorService.invokeAll(SameThreadHierarchicalTestExecutorService.java:41)
	at org.junit.platform.engine.support.hierarchical.NodeTestTask.lambda$executeRecursively$6(NodeTestTask.java:160)
	at org.junit.platform.engine.support.hierarchical.ThrowableCollector.execute(ThrowableCollector.java:73)
	at org.junit.platform.engine.support.hierarchical.NodeTestTask.lambda$executeRecursively$8(NodeTestTask.java:146)
	at org.junit.platform.engine.support.hierarchical.Node.around(Node.java:137)
	at org.junit.platform.engine.support.hierarchical.NodeTestTask.lambda$executeRecursively$9(NodeTestTask.java:144)
	at org.junit.platform.engine.support.hierarchical.ThrowableCollector.execute(ThrowableCollector.java:73)
	at org.junit.platform.engine.support.hierarchical.NodeTestTask.executeRecursively(NodeTestTask.java:143)
	at org.junit.platform.engine.support.hierarchical.NodeTestTask.execute(NodeTestTask.java:100)
	at org.junit.platform.engine.support.hierarchical.SameThreadHierarchicalTestExecutorService.submit(SameThreadHierarchicalTestExecutorService.java:35)
	at org.junit.platform.engine.support.hierarchical.HierarchicalTestExecutor.execute(HierarchicalTestExecutor.java:57)
	at org.junit.platform.engine.support.hierarchical.HierarchicalTestEngine.execute(HierarchicalTestEngine.java:54)
	at org.junit.platform.launcher.core.EngineExecutionOrchestrator.execute(EngineExecutionOrchestrator.java:198)
	at org.junit.platform.launcher.core.EngineExecutionOrchestrator.execute(EngineExecutionOrchestrator.java:169)
	at org.junit.platform.launcher.core.EngineExecutionOrchestrator.execute(EngineExecutionOrchestrator.java:93)
	at org.junit.platform.launcher.core.EngineExecutionOrchestrator.lambda$execute$0(EngineExecutionOrchestrator.java:58)
	at org.junit.platform.launcher.core.EngineExecutionOrchestrator.withInterceptedStreams(EngineExecutionOrchestrator.java:141)
	at org.junit.platform.launcher.core.EngineExecutionOrchestrator.execute(EngineExecutionOrchestrator.java:57)
	at org.junit.platform.launcher.core.DefaultLauncher.execute(DefaultLauncher.java:103)
	at org.junit.platform.launcher.core.DefaultLauncher.execute(DefaultLauncher.java:85)
	at org.junit.platform.launcher.core.DelegatingLauncher.execute(DelegatingLauncher.java:47)
	at org.apache.maven.surefire.junitplatform.LazyLauncher.execute(LazyLauncher.java:56)
	at org.apache.maven.surefire.junitplatform.JUnitPlatformProvider.execute(JUnitPlatformProvider.java:184)
	at org.apache.maven.surefire.junitplatform.JUnitPlatformProvider.invokeAllTests(JUnitPlatformProvider.java:148)
	at org.apache.maven.surefire.junitplatform.JUnitPlatformProvider.invoke(JUnitPlatformProvider.java:122)
	at org.apache.maven.surefire.booter.ForkedBooter.runSuitesInProcess(ForkedBooter.java:385)
	at org.apache.maven.surefire.booter.ForkedBooter.execute(ForkedBooter.java:162)
	at org.apache.maven.surefire.booter.ForkedBooter.run(ForkedBooter.java:507)
	at org.apache.maven.surefire.booter.ForkedBooter.main(ForkedBooter.java:495)
Caused by: org.hibernate.exception.SQLGrammarException: could not prepare statement [Table "USERS" not found (this database is empty); SQL statement:
select u1_0.id,u1_0.created_at,u1_0.email,u1_0.name,u1_0.password,u1_0.role from users u1_0 where u1_0.email=? [42104-224]] [select u1_0.id,u1_0.created_at,u1_0.email,u1_0.name,u1_0.password,u1_0.role from users u1_0 where u1_0.email=?]
	at org.hibernate.exception.internal.SQLExceptionTypeDelegate.convert(SQLExceptionTypeDelegate.java:66)
	at org.hibernate.exception.internal.StandardSQLExceptionConverter.convert(StandardSQLExceptionConverter.java:58)
	at org.hibernate.engine.jdbc.spi.SqlExceptionHelper.convert(SqlExceptionHelper.java:108)
	at org.hibernate.engine.jdbc.internal.StatementPreparerImpl$StatementPreparationTemplate.prepareStatement(StatementPreparerImpl.java:194)
	at org.hibernate.engine.jdbc.internal.StatementPreparerImpl.prepareQueryStatement(StatementPreparerImpl.java:155)
	at org.hibernate.sql.exec.spi.JdbcSelectExecutor.lambda$list$0(JdbcSelectExecutor.java:85)
	at org.hibernate.sql.results.jdbc.internal.DeferredResultSetAccess.executeQuery(DeferredResultSetAccess.java:231)
	at org.hibernate.sql.results.jdbc.internal.DeferredResultSetAccess.getResultSet(DeferredResultSetAccess.java:167)
	at org.hibernate.sql.results.jdbc.internal.JdbcValuesResultSetImpl.advanceNext(JdbcValuesResultSetImpl.java:265)
	at org.hibernate.sql.results.jdbc.internal.JdbcValuesResultSetImpl.processNext(JdbcValuesResultSetImpl.java:145)
	at org.hibernate.sql.results.jdbc.internal.AbstractJdbcValues.next(AbstractJdbcValues.java:19)
	at org.hibernate.sql.results.internal.RowProcessingStateStandardImpl.next(RowProcessingStateStandardImpl.java:67)
	at org.hibernate.sql.results.spi.ListResultsConsumer.consume(ListResultsConsumer.java:204)
	at org.hibernate.sql.results.spi.ListResultsConsumer.consume(ListResultsConsumer.java:33)
	at org.hibernate.sql.exec.internal.JdbcSelectExecutorStandardImpl.doExecuteQuery(JdbcSelectExecutorStandardImpl.java:211)
	at org.hibernate.sql.exec.internal.JdbcSelectExecutorStandardImpl.executeQuery(JdbcSelectExecutorStandardImpl.java:83)
	at org.hibernate.sql.exec.spi.JdbcSelectExecutor.list(JdbcSelectExecutor.java:76)
	at org.hibernate.sql.exec.spi.JdbcSelectExecutor.list(JdbcSelectExecutor.java:65)
	at org.hibernate.query.sqm.internal.ConcreteSqmSelectQueryPlan.lambda$new$2(ConcreteSqmSelectQueryPlan.java:139)
	at org.hibernate.query.sqm.internal.ConcreteSqmSelectQueryPlan.withCacheableSqmInterpretation(ConcreteSqmSelectQueryPlan.java:382)
	at org.hibernate.query.sqm.internal.ConcreteSqmSelectQueryPlan.performList(ConcreteSqmSelectQueryPlan.java:302)
	at org.hibernate.query.sqm.internal.QuerySqmImpl.doList(QuerySqmImpl.java:526)
	at org.hibernate.query.spi.AbstractSelectionQuery.list(AbstractSelectionQuery.java:423)
	at org.hibernate.query.spi.AbstractSelectionQuery.getSingleResult(AbstractSelectionQuery.java:555)
	at org.springframework.data.jpa.repository.query.JpaQueryExecution$SingleEntityExecution.doExecute(JpaQueryExecution.java:223)
	at org.springframework.data.jpa.repository.query.JpaQueryExecution.execute(JpaQueryExecution.java:92)
	at org.springframework.data.jpa.repository.query.AbstractJpaQuery.doExecute(AbstractJpaQuery.java:152)
	at org.springframework.data.jpa.repository.query.AbstractJpaQuery.execute(AbstractJpaQuery.java:140)
	at org.springframework.data.repository.core.support.RepositoryMethodInvoker.doInvoke(RepositoryMethodInvoker.java:170)
	at org.springframework.data.repository.core.support.RepositoryMethodInvoker.invoke(RepositoryMethodInvoker.java:158)
	at org.springframework.data.repository.core.support.QueryExecutorMethodInterceptor.doInvoke(QueryExecutorMethodInterceptor.java:169)
	at org.springframework.data.repository.core.support.QueryExecutorMethodInterceptor.invoke(QueryExecutorMethodInterceptor.java:148)
	at org.springframework.aop.framework.ReflectiveMethodInvocation.proceed(ReflectiveMethodInvocation.java:184)
	at org.springframework.data.projection.DefaultMethodInvokingMethodInterceptor.invoke(DefaultMethodInvokingMethodInterceptor.java:70)
	at org.springframework.aop.framework.ReflectiveMethodInvocation.proceed(ReflectiveMethodInvocation.java:184)
	at org.springframework.transaction.interceptor.TransactionAspectSupport.invokeWithinTransaction(TransactionAspectSupport.java:379)
	at org.springframework.transaction.interceptor.TransactionInterceptor.invoke(TransactionInterceptor.java:119)
	at org.springframework.aop.framework.ReflectiveMethodInvocation.proceed(ReflectiveMethodInvocation.java:184)
	at org.springframework.dao.support.PersistenceExceptionTranslationInterceptor.invoke(PersistenceExceptionTranslationInterceptor.java:138)
	... 164 common frames omitted
Caused by: org.h2.jdbc.JdbcSQLSyntaxErrorException: Table "USERS" not found (this database is empty); SQL statement:
select u1_0.id,u1_0.created_at,u1_0.email,u1_0.name,u1_0.password,u1_0.role from users u1_0 where u1_0.email=? [42104-224]
	at org.h2.message.DbException.getJdbcSQLException(DbException.java:514)
	at org.h2.message.DbException.getJdbcSQLException(DbException.java:489)
	at org.h2.message.DbException.get(DbException.java:223)
	at org.h2.message.DbException.get(DbException.java:199)
	at org.h2.command.Parser.getTableOrViewNotFoundDbException(Parser.java:8051)
	at org.h2.command.Parser.getTableOrViewNotFoundDbException(Parser.java:8035)
	at org.h2.command.Parser.readTableOrView(Parser.java:8024)
	at org.h2.command.Parser.readTablePrimary(Parser.java:1788)
	at org.h2.command.Parser.readTableReference(Parser.java:2268)
	at org.h2.command.Parser.parseSelectFromPart(Parser.java:2718)
	at org.h2.command.Parser.parseSelect(Parser.java:2824)
	at org.h2.command.Parser.parseQueryPrimary(Parser.java:2708)
	at org.h2.command.Parser.parseQueryTerm(Parser.java:2564)
	at org.h2.command.Parser.parseQueryExpressionBody(Parser.java:2543)
	at org.h2.command.Parser.parseQueryExpressionBodyAndEndOfQuery(Parser.java:2536)
	at org.h2.command.Parser.parseQueryExpression(Parser.java:2529)
	at org.h2.command.Parser.parseQuery(Parser.java:2498)
	at org.h2.command.Parser.parsePrepared(Parser.java:627)
	at org.h2.command.Parser.parse(Parser.java:592)
	at org.h2.command.Parser.parse(Parser.java:564)
	at org.h2.command.Parser.prepareCommand(Parser.java:483)
	at org.h2.engine.SessionLocal.prepareLocal(SessionLocal.java:639)
	at org.h2.engine.SessionLocal.prepareCommand(SessionLocal.java:559)
	at org.h2.jdbc.JdbcConnection.prepareCommand(JdbcConnection.java:1166)
	at org.h2.jdbc.JdbcPreparedStatement.<init>(JdbcPreparedStatement.java:93)
	at org.h2.jdbc.JdbcConnection.prepareStatement(JdbcConnection.java:316)
	at com.zaxxer.hikari.pool.ProxyConnection.prepareStatement(ProxyConnection.java:328)
	at com.zaxxer.hikari.pool.HikariProxyConnection.prepareStatement(HikariProxyConnection.java)
	at org.hibernate.engine.jdbc.internal.StatementPreparerImpl$5.doPrepare(StatementPreparerImpl.java:153)
	at org.hibernate.engine.jdbc.internal.StatementPreparerImpl$StatementPreparationTemplate.prepareStatement(StatementPreparerImpl.java:183)
	... 199 common frames omitted

MockHttpServletRequest:
      HTTP Method = POST
      Request URI = /api/auth/login
       Parameters = {}
          Headers = [Content-Type:"application/json;charset=UTF-8", Content-Length:"69"]
             Body = {
    "email": "test_user@test.com",
    "password": "password123"
}

    Session Attrs = {}

Handler:
             Type = com.susan.eventbooking.controller.AuthController
           Method = com.susan.eventbooking.controller.AuthController#login(LoginRequest)

Async:
    Async started = false
     Async result = null

Resolved Exception:
             Type = org.springframework.dao.InvalidDataAccessResourceUsageException

ModelAndView:
        View name = null
             View = null
            Model = null

FlashMap:
       Attributes = null

MockHttpServletResponse:
           Status = 400
    Error message = null
          Headers = [Content-Type:"application/json", X-Content-Type-Options:"nosniff", X-XSS-Protection:"0", Cache-Control:"no-cache, no-store, max-age=0, must-revalidate", Pragma:"no-cache", Expires:"0", X-Frame-Options:"DENY"]
     Content type = application/json
             Body = {"message":"could not prepare statement [Table \"USERS\" not found (this database is empty); SQL statement:\nselect u1_0.id,u1_0.created_at,u1_0.email,u1_0.name,u1_0.password,u1_0.role from users u1_0 where u1_0.email=? [42104-224]] [select u1_0.id,u1_0.created_at,u1_0.email,u1_0.name,u1_0.password,u1_0.role from users u1_0 where u1_0.email=?]; SQL [select u1_0.id,u1_0.created_at,u1_0.email,u1_0.name,u1_0.password,u1_0.role from users u1_0 where u1_0.email=?]","timestamp":"2026-03-17T21:39:58.160195","status":400}
    Forwarded URL = null
   Redirected URL = null
          Cookies = []

MockHttpServletRequest:
      HTTP Method = POST
      Request URI = /api/auth/login
       Parameters = {}
          Headers = [Content-Type:"application/json;charset=UTF-8", Content-Length:"69"]
             Body = {
    "email": "test_user@test.com",
    "password": "password123"
}

    Session Attrs = {}

Handler:
             Type = com.susan.eventbooking.controller.AuthController
           Method = com.susan.eventbooking.controller.AuthController#login(LoginRequest)

Async:
    Async started = false
     Async result = null

Resolved Exception:
             Type = org.springframework.dao.InvalidDataAccessResourceUsageException

ModelAndView:
        View name = null
             View = null
            Model = null

FlashMap:
       Attributes = null

MockHttpServletResponse:
           Status = 400
    Error message = null
          Headers = [Content-Type:"application/json", X-Content-Type-Options:"nosniff", X-XSS-Protection:"0", Cache-Control:"no-cache, no-store, max-age=0, must-revalidate", Pragma:"no-cache", Expires:"0", X-Frame-Options:"DENY"]
     Content type = application/json
             Body = {"message":"could not prepare statement [Table \"USERS\" not found (this database is empty); SQL statement:\nselect u1_0.id,u1_0.created_at,u1_0.email,u1_0.name,u1_0.password,u1_0.role from users u1_0 where u1_0.email=? [42104-224]] [select u1_0.id,u1_0.created_at,u1_0.email,u1_0.name,u1_0.password,u1_0.role from users u1_0 where u1_0.email=?]; SQL [select u1_0.id,u1_0.created_at,u1_0.email,u1_0.name,u1_0.password,u1_0.role from users u1_0 where u1_0.email=?]","timestamp":"2026-03-17T21:39:58.160195","status":400}
    Forwarded URL = null
   Redirected URL = null
          Cookies = []
===== CREATE EVENT =====
TOKEN: null
{
    "title": "Integration Test Event",
    "description": "Testing event flow",
    "location": "Tokyo",
    "eventDate": "2026-12-01T10:00:00",
    "createdBy": {
        "id": 1
    }
}

2026-03-17 21:39:58 - Securing POST /api/events
2026-03-17 21:39:58 - Set SecurityContextHolder to anonymous SecurityContext
2026-03-17 21:39:58 - Pre-authenticated entry point called. Rejecting access

MockHttpServletRequest:
      HTTP Method = POST
      Request URI = /api/events
       Parameters = {}
          Headers = [Content-Type:"application/json;charset=UTF-8", Authorization:"Bearer null", Content-Length:"190"]
             Body = {
    "title": "Integration Test Event",
    "description": "Testing event flow",
    "location": "Tokyo",
    "eventDate": "2026-12-01T10:00:00",
    "createdBy": {
        "id": 1
    }
}

    Session Attrs = {}

Handler:
             Type = null

Async:
    Async started = false
     Async result = null

Resolved Exception:
             Type = null

ModelAndView:
        View name = null
             View = null
            Model = null

FlashMap:
       Attributes = null

MockHttpServletResponse:
           Status = 403
    Error message = Access Denied
          Headers = [X-Content-Type-Options:"nosniff", X-XSS-Protection:"0", Cache-Control:"no-cache, no-store, max-age=0, must-revalidate", Pragma:"no-cache", Expires:"0", X-Frame-Options:"DENY"]
     Content type = null
             Body = 
    Forwarded URL = null
   Redirected URL = null
          Cookies = []

MockHttpServletRequest:
      HTTP Method = POST
      Request URI = /api/events
       Parameters = {}
          Headers = [Content-Type:"application/json;charset=UTF-8", Authorization:"Bearer null", Content-Length:"190"]
             Body = {
    "title": "Integration Test Event",
    "description": "Testing event flow",
    "location": "Tokyo",
    "eventDate": "2026-12-01T10:00:00",
    "createdBy": {
        "id": 1
    }
}

    Session Attrs = {}

Handler:
             Type = null

Async:
    Async started = false
     Async result = null

Resolved Exception:
             Type = null

ModelAndView:
        View name = null
             View = null
            Model = null

FlashMap:
       Attributes = null

MockHttpServletResponse:
           Status = 403
    Error message = Access Denied
          Headers = [X-Content-Type-Options:"nosniff", X-XSS-Protection:"0", Cache-Control:"no-cache, no-store, max-age=0, must-revalidate", Pragma:"no-cache", Expires:"0", X-Frame-Options:"DENY"]
     Content type = null
             Body = 
    Forwarded URL = null
   Redirected URL = null
          Cookies = []
===== GET EVENTS =====
TOKEN: null
2026-03-17 21:39:58 - Securing GET /api/events
2026-03-17 21:39:58 - Set SecurityContextHolder to anonymous SecurityContext
2026-03-17 21:39:58 - Pre-authenticated entry point called. Rejecting access

MockHttpServletRequest:
      HTTP Method = GET
      Request URI = /api/events
       Parameters = {}
          Headers = [Authorization:"Bearer null"]
             Body = null
    Session Attrs = {}

Handler:
             Type = null

Async:
    Async started = false
     Async result = null

Resolved Exception:
             Type = null

ModelAndView:
        View name = null
             View = null
            Model = null

FlashMap:
       Attributes = null

MockHttpServletResponse:
           Status = 403
    Error message = Access Denied
          Headers = [X-Content-Type-Options:"nosniff", X-XSS-Protection:"0", Cache-Control:"no-cache, no-store, max-age=0, must-revalidate", Pragma:"no-cache", Expires:"0", X-Frame-Options:"DENY"]
     Content type = null
             Body = 
    Forwarded URL = null
   Redirected URL = null
          Cookies = []

MockHttpServletRequest:
      HTTP Method = GET
      Request URI = /api/events
       Parameters = {}
          Headers = [Authorization:"Bearer null"]
             Body = null
    Session Attrs = {}

Handler:
             Type = null

Async:
    Async started = false
     Async result = null

Resolved Exception:
             Type = null

ModelAndView:
        View name = null
             View = null
            Model = null

FlashMap:
       Attributes = null

MockHttpServletResponse:
           Status = 403
    Error message = Access Denied
          Headers = [X-Content-Type-Options:"nosniff", X-XSS-Protection:"0", Cache-Control:"no-cache, no-store, max-age=0, must-revalidate", Pragma:"no-cache", Expires:"0", X-Frame-Options:"DENY"]
     Content type = null
             Body = 
    Forwarded URL = null
   Redirected URL = null
          Cookies = []
[ERROR] Tests run: 4, Failures: 4, Errors: 0, Skipped: 0, Time elapsed: 3.682 s <<< FAILURE! -- in com.susan.eventbooking.EventBookingIntegrationTest
[ERROR] com.susan.eventbooking.EventBookingIntegrationTest.registerUser -- Time elapsed: 0.545 s <<< FAILURE!
java.lang.AssertionError: Status expected:<200> but was:<400>
	at org.springframework.test.util.AssertionErrors.fail(AssertionErrors.java:59)
	at org.springframework.test.util.AssertionErrors.assertEquals(AssertionErrors.java:122)
	at org.springframework.test.web.servlet.result.StatusResultMatchers.lambda$matcher$9(StatusResultMatchers.java:637)
	at org.springframework.test.web.servlet.MockMvc$1.andExpect(MockMvc.java:214)
	at com.susan.eventbooking.EventBookingIntegrationTest.registerUser(EventBookingIntegrationTest.java:59)
	at java.base/java.lang.reflect.Method.invoke(Method.java:569)
	at java.base/java.util.ArrayList.forEach(ArrayList.java:1511)
	at java.base/java.util.ArrayList.forEach(ArrayList.java:1511)

[ERROR] com.susan.eventbooking.EventBookingIntegrationTest.loginUser -- Time elapsed: 0.088 s <<< FAILURE!
java.lang.AssertionError: Status expected:<200> but was:<400>
	at org.springframework.test.util.AssertionErrors.fail(AssertionErrors.java:59)
	at org.springframework.test.util.AssertionErrors.assertEquals(AssertionErrors.java:122)
	at org.springframework.test.web.servlet.result.StatusResultMatchers.lambda$matcher$9(StatusResultMatchers.java:637)
	at org.springframework.test.web.servlet.MockMvc$1.andExpect(MockMvc.java:214)
	at com.susan.eventbooking.EventBookingIntegrationTest.loginUser(EventBookingIntegrationTest.java:80)
	at java.base/java.lang.reflect.Method.invoke(Method.java:569)
	at java.base/java.util.ArrayList.forEach(ArrayList.java:1511)
	at java.base/java.util.ArrayList.forEach(ArrayList.java:1511)

[ERROR] com.susan.eventbooking.EventBookingIntegrationTest.createEvent -- Time elapsed: 0.027 s <<< FAILURE!
java.lang.AssertionError: Status expected:<200> but was:<403>
	at org.springframework.test.util.AssertionErrors.fail(AssertionErrors.java:59)
	at org.springframework.test.util.AssertionErrors.assertEquals(AssertionErrors.java:122)
	at org.springframework.test.web.servlet.result.StatusResultMatchers.lambda$matcher$9(StatusResultMatchers.java:637)
	at org.springframework.test.web.servlet.MockMvc$1.andExpect(MockMvc.java:214)
	at com.susan.eventbooking.EventBookingIntegrationTest.createEvent(EventBookingIntegrationTest.java:120)
	at java.base/java.lang.reflect.Method.invoke(Method.java:569)
	at java.base/java.util.ArrayList.forEach(ArrayList.java:1511)
	at java.base/java.util.ArrayList.forEach(ArrayList.java:1511)

[ERROR] com.susan.eventbooking.EventBookingIntegrationTest.getEvents -- Time elapsed: 0.006 s <<< FAILURE!
java.lang.AssertionError: Status expected:<200> but was:<403>
	at org.springframework.test.util.AssertionErrors.fail(AssertionErrors.java:59)
	at org.springframework.test.util.AssertionErrors.assertEquals(AssertionErrors.java:122)
	at org.springframework.test.web.servlet.result.StatusResultMatchers.lambda$matcher$9(StatusResultMatchers.java:637)
	at org.springframework.test.web.servlet.MockMvc$1.andExpect(MockMvc.java:214)
	at com.susan.eventbooking.EventBookingIntegrationTest.getEvents(EventBookingIntegrationTest.java:133)
	at java.base/java.lang.reflect.Method.invoke(Method.java:569)
	at java.base/java.util.ArrayList.forEach(ArrayList.java:1511)
	at java.base/java.util.ArrayList.forEach(ArrayList.java:1511)

[INFO] 
[INFO] Results:
[INFO] 
[ERROR] Failures: 
[ERROR]   EventBookingIntegrationTest.createEvent:120 Status expected:<200> but was:<403>
[ERROR]   EventBookingIntegrationTest.getEvents:133 Status expected:<200> but was:<403>
[ERROR]   EventBookingIntegrationTest.loginUser:80 Status expected:<200> but was:<400>
[ERROR]   EventBookingIntegrationTest.registerUser:59 Status expected:<200> but was:<400>
[INFO] 
[ERROR] Tests run: 4, Failures: 4, Errors: 0, Skipped: 0
[INFO] 
[INFO] ------------------------------------------------------------------------
[INFO] BUILD FAILURE
[INFO] ------------------------------------------------------------------------
[INFO] Total time:  5.128 s
[INFO] Finished at: 2026-03-17T21:39:58+09:00
[INFO] ------------------------------------------------------------------------
[ERROR] Failed to execute goal org.apache.maven.plugins:maven-surefire-plugin:3.2.5:test (default-test) on project eventbooking: There are test failures.
[ERROR] 
[ERROR] Please refer to /Users/susanpadath/Desktop/eventbooking/target/surefire-reports for the individual test results.
[ERROR] Please refer to dump files (if any exist) [date].dump, [date]-jvmRun[N].dump and [date].dumpstream.
[ERROR] -> [Help 1]
[ERROR] 
[ERROR] To see the full stack trace of the errors, re-run Maven with the -e switch.
[ERROR] Re-run Maven using the -X switch to enable full debug logging.
[ERROR] 
[ERROR] For more information about the errors and possible solutions, please read the following articles:
[ERROR] [Help 1] http://cwiki.apache.org/confluence/display/MAVEN/MojoFailureException
